year_month,ndvi_actual,ndvi_predicted
2002-10,0.23186,0.22908252006152272
2002-11,0.21199,0.21877682238131763
2002-12,0.214875,0.20948575275927783
2003-01,0.20575,0.20648832473158837
2003-02,0.213221,0.21091954902559518
2003-03,0.212768,0.21424140113415568
2003-04,0.210194,0.21042756471674146
2003-05,0.20323,0.20321878227764367
2003-06,0.199488,0.1985863860617578
2003-07,0.200058,0.20416025071042776
2003-08,0.216674,0.22149300186502935
2003-09,0.224969,0.22413813646265865
2003-10,0.216168,0.21658449005657435
2003-11,0.206712,0.20618913193273544
2003-12,0.203733,0.2021329071584046
2004-01,0.201664,0.19938156383949518
2004-02,0.196265,0.1993764866563827
2004-03,0.198254,0.1983223956426233
2004-04,0.206162,0.20567453100839259
2004-05,0.201296,0.20212391523596646
2004-06,0.197169,0.19815628086580336
2004-07,0.20488,0.20254782279604674
2004-08,0.234437,0.2350305383104086
2004-09,0.232629,0.23342870396383852
2004-10,0.231895,0.22979606736944616
2004-11,0.22727,0.2273501518894732
2004-12,0.228176,0.22660150579454377
2005-01,0.240826,0.23886788956171273
2005-02,0.260554,0.2585846395293474
2005-03,0.260366,0.26034410281094816
2005-04,0.242763,0.2501419314626455
2005-05,0.23242,0.2339707570334077
2005-06,0.228352,0.2268610342723131
2005-07,0.2241,0.22540717827533185
2005-08,0.259604,0.2609585959076881
2005-09,0.271421,0.26931664857798815
2005-10,0.249087,0.24843591974294188
2005-11,0.229522,0.2273717799360752
2005-12,0.217529,0.21914438896638155
2006-01,0.211677,0.20950133095765114
2006-02,0.204074,0.20513748524603248
2006-03,0.199813,0.20033951545225084
2006-04,0.19461,0.19485093753683566
2006-05,0.19059,0.19095539452381433
2006-06,0.191951,0.19056503469785444
2006-07,0.236642,0.23686983516311647
2006-08,0.314755,0.2957088767690659
2006-09,0.33967,0.34068547730624676
2006-10,0.290641,0.30428113542318347
2006-11,0.246762,0.25469328972434996
2006-12,0.228801,0.2259864713753462
2007-01,0.208684,0.20980473148918152
2007-02,0.20424,0.2054801518559605
2007-03,0.206218,0.20599309844780714
2007-04,0.211698,0.20943166731077434
2007-05,0.215712,0.21261814443362131
2007-06,0.216241,0.21509342602331935
2007-07,0.239015,0.24145858712828158
2007-08,0.272422,0.27398890821576116
2007-09,0.268188,0.2697232942355126
2007-10,0.241648,0.23966507268595694
2007-11,0.216762,0.21594473187434673
2007-12,0.214565,0.21455998625968398
2008-01,0.196788,0.201027258733809
2008-02,0.210512,0.20601042645174264
2008-03,0.20861,0.20880465160951764
2008-04,0.198122,0.1996059891811013
2008-05,0.194007,0.1931503826328814
2008-06,0.193488,0.19277472204879673
2008-07,0.268532,0.25031205084371566
2008-08,0.304108,0.30662355896306037
2008-09,0.30477,0.30389504025852493
2008-10,0.257192,0.269324987847805
2008-11,0.223212,0.22526058852505682
2008-12,0.222612,0.219940943195194
2009-01,0.212808,0.21164655678373576
2009-02,0.213036,0.21293559245873894
2009-03,0.209111,0.20891288874453307
2009-04,0.19532,0.19878895353382825
2009-05,0.192908,0.19375279633205383
2009-06,0.205286,0.20145428905653953
2009-07,0.217378,0.21806223139321804
2009-08,0.219165,0.21959390790897607
2009-09,0.2298,0.22580042607799172
2009-10,0.222008,0.21967872805446387
2009-11,0.207225,0.20848317617791892
2009-12,0.205328,0.20108760844767093
2010-01,0.180452,0.19552775867122413
2010-02,0.190802,0.19102425465774536
2010-03,0.212769,0.20542069291961193
2010-04,0.218492,0.21670196591937543
2010-05,0.221896,0.21870220443818997
2010-06,0.219604,0.22015603808993847
2010-07,0.253835,0.25228483557486536
2010-08,0.286399,0.2858762777364254
2010-09,0.278898,0.28046610360199214
2010-10,0.253613,0.25388767871069906
2010-11,0.226778,0.2270963464026451
2010-12,0.222596,0.22128987811791898
2011-01,0.211506,0.2110845950013995
2011-02,0.205304,0.2066843549040556
2011-03,0.198661,0.2004171329871714
2011-04,0.192626,0.19317489303430915
2011-05,0.18607,0.18765420102497934
2011-06,0.18531,0.18506568723049016
2011-07,0.201764,0.20269739758729935
2011-08,0.2385,0.23710694292330742
2011-09,0.25014,0.2493141778036952
2011-10,0.232944,0.2350952912637591
2011-11,0.218938,0.21803516377681495
2011-12,0.214302,0.21373566329750418
2012-01,0.197592,0.1990555053268075
2012-02,0.198202,0.19693655729089676
2012-03,0.194376,0.19579038396519421
2012-04,0.195374,0.19447429729970078
2012-05,0.199,0.1951670453682784
2012-06,0.192842,0.19618680558726193
2012-07,0.212203,0.21394242423009874
2012-08,0.231256,0.23181967090654373
2012-09,0.243718,0.24202873581176995
2012-10,0.224854,0.227359704544425
2012-11,0.209016,0.20774947860622406
2012-12,0.206428,0.20368409071600438
2013-01,0.186864,0.18997840326714516
2013-02,0.198336,0.19067058102221787
2013-03,0.195692,0.19591573710075022
2013-04,0.188208,0.19004536515307427
2013-05,0.183731,0.18351037540602683
2013-06,0.181892,0.1816936378044486
2013-07,0.228449,0.2268444186551571
2013-08,0.274118,0.2750227693011761
2013-09,0.302797,0.3019477364711761
2013-10,0.268464,0.2700148402543068
2013-11,0.242246,0.24340942226195333
2013-12,0.224608,0.2263735531798601
2014-01,0.20865,0.20997511558699608
2014-02,0.205336,0.204504658074677
2014-03,0.197992,0.20098152400261163
2014-04,0.194493,0.1933363594276905
2014-05,0.190393,0.19193731604631245
2014-06,0.188089,0.18831496764610708
2014-07,0.216946,0.2166851665213108
2014-08,0.262843,0.26260665594553945
2014-09,0.280296,0.2810043601744175
2014-10,0.270056,0.2667893658391237
2014-11,0.240498,0.24188715780353548
2014-12,0.224886,0.22595051321047543
2015-01,0.209398,0.21135874728864432
2015-02,0.210122,0.20920942771139275
2015-03,0.211214,0.21007502259048913
2015-04,0.213491,0.2115028048766181
2015-05,0.214558,0.21347144659150763
2015-06,0.213428,0.21466970557991136
2015-07,0.25086,0.24852942117738724
2015-08,0.268424,0.267788106546402
2015-09,0.265463,0.27378843665623664
2015-10,0.252016,0.25067416748452187
2015-11,0.235581,0.2332465122613907
2015-12,0.219398,0.22014927178597452
2016-01,0.199204,0.20311610466051103
2016-02,0.202555,0.2007548389333263
2016-03,0.200682,0.2004238422124833
2016-04,0.200971,0.19990999656633288
2016-05,0.196256,0.19795580870574714
2016-06,0.196816,0.19582302603958548
2016-07,0.20442,0.2094513148370981
2016-08,0.244914,0.2423428815436363
2016-09,0.265319,0.26281500336074826
2016-10,0.245778,0.2478407500329018
2016-11,0.229332,0.22871753202664852
2016-12,0.222102,0.22254670642462374
2017-01,0.215876,0.2145310827475488
2017-02,0.213546,0.21642918884551526
2017-03,0.219829,0.21760342460861803
2017-04,0.221148,0.21858916203779727
2017-05,0.212498,0.2150158345642984
2017-06,0.206592,0.20746346247974037
2017-07,0.240348,0.23983667316269874
2017-08,0.276194,0.2746964655022621
2017-09,0.258136,0.2611615456061959
2017-10,0.234658,0.23398404147481916
2017-11,0.220189,0.21860859071481228
2017-12,0.211896,0.2125750733397305
2018-01,0.200282,0.20071711627608538
2018-02,0.192962,0.1944296797685027
2018-03,0.187568,0.1903097809689939
2018-04,0.185515,0.18335409643504025
2018-05,0.18348,0.18315599600724877
2018-06,0.180856,0.1813448356627673
2018-07,0.204966,0.20476620767390727
2018-08,0.232083,0.2330238751116991
2018-09,0.241867,0.2412025283457637
2018-10,0.244006,0.24257801170033216
2018-11,0.228232,0.2296651010466218
2018-12,0.227257,0.22487604685609042
2019-01,0.216634,0.2155301670513749
2019-02,0.220848,0.22083814842665195
2019-03,0.220568,0.2242049491934031
2019-04,0.216283,0.21825799801017343
2019-05,0.216929,0.21396027823928
2019-06,0.210906,0.21146914142975212
2019-07,0.215394,0.21408981609395147
2019-08,0.229618,0.22975496616089344
2019-09,0.237172,0.23852655584293603
2019-10,0.242625,0.23479372857299446
2019-11,0.225241,0.2310467381477356
2019-12,0.230442,0.2253021007126281
2020-01,0.219052,0.22067784742099048
2020-02,0.224232,0.22232014549043774
2020-03,0.234256,0.2323523570589423
2020-04,0.239607,0.23858205342939495
2020-05,0.233739,0.23469848392826317
2020-06,0.221826,0.22637680750334263
2020-07,0.224254,0.22572676427720487
2020-08,0.236012,0.23500535543942452
2020-09,0.230511,0.2333527438956201
2020-10,0.218783,0.21946123390650749
2020-11,0.217998,0.21280477520096303
2020-12,0.211595,0.21434436985138058
