year_month,discharge_actual,discharge_predicted
2002-10,57.72587228439763,67.67048454510575
2002-11,55.18812731559447,59.06167482005235
2002-12,55.59911045943304,61.31364054314926
2003-01,58.13640599543825,60.45152465318502
2003-02,88.13789321789321,78.83974982174283
2003-03,168.1725228161669,97.80903045515413
2003-04,126.85533898305084,165.99304491886048
2003-05,80.49279131007242,119.69120649409024
2003-06,80.6416740237691,69.67544618036362
2003-07,77.99855497037524,83.33701849616307
2003-08,73.20344963791968,92.78934884536949
2003-09,74.37109109449354,65.51138513671927
2003-10,54.71339508144364,63.131601038042774
2003-11,55.60879867986799,52.65358559330781
2003-12,50.90678058128394,55.881542376483196
2004-01,51.30489619929735,55.2687528995905
2004-02,68.10586889723454,58.42518069295111
2004-03,125.2064068987544,76.13425475306059
2004-04,126.91979537953794,128.54677352970495
2004-05,75.80998722452891,114.45160932146925
2004-06,65.98733618702667,64.17681458646776
2004-07,70.9705012771392,60.048235153295096
2004-08,66.27524752475247,70.26178040215677
2004-09,64.42518924302789,60.2282021683601
2004-10,62.01317204301075,63.499518679197834
2004-11,58.376404761904766,66.80242567858234
2004-12,110.65246449136276,68.17690020395398
2005-01,568.0256666666667,148.9566081638478
2005-02,1080.8620632279533,841.1554278623122
2005-03,320.2787734433608,1105.8338081252916
2005-04,250.685496124031,310.2463366226333
2005-05,167.07162790697674,227.09699621497964
2005-06,142.06767829457362,139.13920952523702
2005-07,133.47586646661665,126.1619576641406
2005-08,145.5939759939985,138.71086150374393
2005-09,95.56028846153846,121.4577442783186
2005-10,65.61293727382389,80.3451168219808
2005-11,53.095174454828665,55.874641686128435
2005-12,59.08363250454821,48.83421311744133
2006-01,56.07300973828363,58.10910953631386
2006-02,74.75343791722295,56.38245486234466
2006-03,82.20665360265299,87.14507800317104
2006-04,95.8067289719626,85.73169853753362
2006-05,84.92914983418751,90.6736347571311
2006-06,87.67370404984425,78.42326208232865
2006-07,160.7504402895054,102.73562649560704
2006-08,220.14529394030748,166.44398585172462
2006-09,122.27104951728434,224.06854663312285
2006-10,80.45164277180406,120.36081934622396
2006-11,62.88475308641976,72.33426120359911
2006-12,68.3497759187332,61.74433453364311
2007-01,62.07195429945881,77.55950731436336
2007-02,82.12391865079366,66.55889129985717
2007-03,111.34324970131422,87.32084116609386
2007-04,105.93949074074074,106.63793828923647
2007-05,85.28054659498208,97.6924728304336
2007-06,88.26721296296297,72.88523918741507
2007-07,112.00624551971326,91.05626044511462
2007-08,128.29193249701314,113.1976998492139
2007-09,74.17462345679013,108.99912907325086
2007-10,62.26373668639053,64.93501911704436
2007-11,47.22124545454545,61.72227114165384
2007-12,114.7523056614843,60.33386184801827
2008-01,223.409813554306,149.7680258790776
2008-02,224.40757671622904,256.15728355480377
2008-03,201.0699852027227,221.42746909070826
2008-04,147.37760856269114,189.3496649491923
2008-05,102.92743119266056,143.17097062724912
2008-06,94.5910733944954,90.23374719600308
2008-07,110.61889020420242,106.07896934378853
2008-08,100.20181118674164,108.78503795853788
2008-09,90.74295665634676,86.92256157948222
2008-10,80.46391875746714,76.32807641200189
2008-11,61.194833333333335,77.46350857286946
2008-12,80.60816308243727,70.81584587051823
2009-01,74.98915400655346,86.16566130115056
2009-02,113.73172673656616,83.23346676649962
2009-03,139.9756821544836,113.02854241351545
2009-04,122.41852905198778,134.9684639000718
2009-05,102.80682154483576,127.19326926926337
2009-06,78.08693272171253,88.81261518210363
2009-07,84.90106244451022,74.3231603724352
2009-08,78.99003551346553,73.74536842353595
2009-09,71.000257195346,68.777462307721
2009-10,58.7908863430811,60.090928240322825
2009-11,49.48499065420561,55.365000093269785
2009-12,49.07676816400362,55.16068603212165
2010-01,217.0841573711185,87.26041283539313
2010-02,163.84520694259012,269.5101066511871
2010-03,469.78357552004826,177.1592198995
2010-04,328.2758545680547,465.63567454899214
2010-05,141.02717741935484,300.5761831385841
2010-06,97.47707098765432,124.9102901862359
2010-07,121.41735364396656,110.56666234112666
2010-08,118.02658303464754,118.15156839716371
2010-09,80.52014193150262,97.29643364258533
2010-10,64.36037585084344,66.88012092329413
2010-11,52.358874617737,55.915510523294934
2010-12,60.49261615862681,59.12153041447939
2011-01,53.9672565847884,57.383684745012786
2011-02,71.32905307994757,60.924685786260284
2011-03,89.74374963006807,74.85184820902148
2011-04,94.27859327217124,88.47512886374716
2011-05,75.07447173720035,86.75693552954426
2011-06,77.62919877675841,66.68692860797536
2011-07,86.38236756436817,74.76834732019488
2011-08,81.43598105948506,85.40286699707468
2011-09,70.69694283093855,73.60878685273812
2011-10,52.38456304985337,60.24255137665817
2011-11,46.53500606060606,51.16830507354773
2011-12,51.13473020527859,56.400931445255004
2012-01,41.2139475123018,54.657159468652196
2012-02,40.91626534190532,43.023183686759424
2012-03,59.399387643521045,44.95058853509185
2012-04,54.55257062146893,59.631414397804264
2012-05,36.66658283214871,50.29620427381327
2012-06,30.634632768361584,31.693783265876707
2012-07,41.32037178786222,37.45889595889715
2012-08,48.632602515035536,40.37346246032797
2012-09,42.61346327683616,45.88088785702731
2012-10,27.620071077091307,35.60086770194651
2012-11,23.820570621468928,24.65237871521725
2012-12,25.946418808091853,26.857507089708896
2013-01,67.75933708197691,29.40443521430514
2013-02,69.06357142857142,75.44908226115774
2013-03,109.84767386800829,73.2097922757752
2013-04,103.34588073394497,103.3169151905633
2013-05,70.50836934004143,93.74595528396982
2013-06,64.66361162079511,60.58163731830441
2013-07,89.17678307191476,84.6400226581135
2013-08,82.31301568511394,99.0921358614174
2013-09,125.02848623853212,79.60921494038209
2013-10,65.00876294761764,103.44196547308903
2013-11,54.25839449541285,75.26680610473436
2013-12,47.859943770346256,53.772364112676144
2014-01,52.79704646345073,47.37317010066964
2014-02,67.98827653997378,51.73415688985864
2014-03,97.0362533293874,69.66252089317287
2014-04,96.64438532110093,91.78862705828831
2014-05,69.88497780408404,87.3239884103977
2014-06,70.02997859327218,59.063128261262236
2014-07,78.59480911512281,83.18937818019783
2014-08,86.22583680762358,88.67307926849784
2014-09,118.61673047236802,102.98203676605831
2014-10,73.91164305094966,107.23723400680164
2014-11,55.76836137071651,63.260667099099194
2014-12,51.04564666867652,61.35845413775666
2015-01,73.41522460054266,63.98076715527715
2015-02,100.9255974632844,73.09640997345132
2015-03,99.77895990352728,109.11077505510039
2015-04,102.40946417445484,91.41673573265072
2015-05,71.04818209225203,95.00854208306208
2015-06,71.13746417445483,68.42488764206755
2015-07,87.15473922218872,74.59401712256454
2015-08,80.37654808561953,83.50589566431643
2015-09,74.41184677670508,79.4659769956148
2015-10,64.28635005973716,68.92221904700249
2015-11,73.28005864197532,59.36292600095467
2015-12,61.66843413173653,74.13278922544201
2016-01,74.44647023631468,73.13462180934637
2016-02,113.06993554624556,75.80074220324859
2016-03,112.20584262888153,105.87110281238859
2016-04,96.75060124610592,108.04268579025705
2016-05,73.80821525474826,89.1292441839856
2016-06,68.15427102803739,68.81168321572042
2016-07,68.61739825143202,66.24342998727506
2016-08,76.8531101055807,76.571259872417
2016-09,67.88775659358119,77.60664529539211
2016-10,61.657282018524434,58.54724606334821
2016-11,58.33444884488449,60.46473147898181
2016-12,77.30854359629511,69.93398989957652
2017-01,134.64412970430106,96.96210996708609
2017-02,169.45122767857143,166.31603197416695
2017-03,203.7881182795699,159.97840325653226
2017-04,126.9726909722222,181.22549067248838
2017-05,93.54679986454454,113.96678403856023
2017-06,91.85306944444446,80.42994916821712
2017-07,116.05117943548387,142.81103187314773
2017-08,94.68001018675722,106.99516372075283
2017-09,77.007734128376,76.45583396244923
2017-10,68.94461357526882,61.52125583595521
2017-11,62.012479166666665,57.80244584115423
2017-12,52.38082826233941,55.362442043082886
2018-01,56.351516116195775,52.905395553024746
2018-02,74.57729965156796,63.14122672385519
2018-03,89.116435877262,75.74730412345123
2018-04,98.87170731707316,84.92684580132388
2018-05,83.39391663389698,87.90252212210784
2018-06,76.8524233983287,76.07619014690344
2018-07,70.28780800621843,103.24602154269476
2018-08,74.72958414302371,75.28035458461264
2018-09,72.2486953062848,67.27364601563889
2018-10,64.31927035330261,87.39842724682015
2018-11,54.62818253968253,57.98357464951769
2018-12,46.41008448540707,57.799286245898834
2019-01,55.115869088631385,52.47420108847294
2019-02,161.6681796116505,77.17523467841202
2019-03,302.4747165674914,179.56540995235642
2019-04,144.14750485436892,287.1906422041578
2019-05,101.85447728686994,128.0880137761223
2019-06,94.36546153846152,88.53505852688762
2019-07,91.19803039702234,104.64060385254044
2019-08,83.62149193548387,93.39207893749915
2019-09,81.07491346153847,76.1857826631585
2019-10,59.08758684863524,63.31344889926126
2019-11,80.99739423076923,77.83742828689982
2019-12,78.10229218362284,97.05928214987951
2020-01,72.62021104903786,75.21799238593452
2020-02,107.50851063829786,80.54778548043134
2020-03,214.97799627791565,142.2494473747569
2020-04,121.42268910256408,197.29041346613616
2020-05,95.9675682382134,111.36016636541656
2020-06,94.48049695415196,76.71534217859725
2020-07,100.66566687344913,100.2660163597842
2020-08,83.9103970223325,87.16802490542604
2020-09,76.9378717948718,62.81738251758015
2020-10,63.41776364764268,60.523218749581005
2020-11,53.03533333333333,53.72780842734799
2020-12,47.45320719602978,51.16160817372269
