year,wildfire_risk_actual,wildfire_risk_predicted
2000,0.493446,0.588961
2001,0.430466,0.588961
2002,0.57801,0.588961
2003,0.480966,0.588961
2004,0.516655,0.588961
2005,0.849196,0.588961
2006,0.672045,0.588961
2007,0.474226,0.588961
2008,0.499087,0.588961
2009,0.674588,0.588961
2010,0.500682,0.588961
2011,0.77561,0.588961
2012,0.645622,0.588961
2013,0.46842,0.588961
2014,0.529829,0.588961
2015,0.43927,0.588961
2016,0.608364,0.588961
2017,0.619038,0.588961
2018,0.485675,0.588961
2019,0.611472,0.588961
2020,0.652073,0.588961
2021,0.952402,0.588961
