year,abundance_actual,abundance_predicted_loo
2000,0.828869,0.7738441151389901
2001,1.0,0.8514208457279858
2002,0.66289,0.7444392241380234
2003,0.803937,0.661461989749224
2004,0.775025,0.7375977742421201
2005,0.998746,0.8488484977850229
2006,0.999853,0.7304632049232443
2007,0.832225,0.7637423921424581
2008,0.909029,0.8406165704372572
2009,0.932836,0.7263487822149991
2010,0.758999,0.9217640435475215
2011,0.385707,0.7287045280672284
2012,0.146924,0.6857673272038672
2013,0.453741,0.6772094286378058
2014,0.617499,0.672446706484651
2015,0.88607,0.7488041365349073
2016,0.909029,0.7198401269482292
2017,0.710721,0.7328086570162614
2018,0.439804,0.6511526248100632
2019,0.801194,0.6781553531675968
