year_month,wildfire_risk_actual,wildfire_risk_predicted
1984-02,0.0,0.07260585
1984-03,0.0,0.07183754
1984-04,0.0,0.07036484
1984-05,0.3049297309160026,0.36164552
1984-06,0.3659363154990223,0.37296078
1984-07,0.0,0.20671187
1984-08,0.3010396463874106,0.054034647
1984-09,0.3637719812712079,0.021568106
1984-10,0.0,0.007639374
1984-11,0.0,-0.008191135
1984-12,0.0,-0.0039960123
1985-01,0.0,0.015257549
1985-02,0.0,0.0024783625
1985-03,0.0,0.031090686
1985-04,0.0,0.07593421
1985-05,0.0,0.27655038
1985-06,0.3177290724586922,0.38441592
1985-07,0.0,0.23200114
1985-08,0.0,0.10553091
1985-09,0.0,0.037532978
1985-10,0.0,0.0037505585
1985-11,0.0,-0.013209613
1985-12,0.0,0.007809703
1986-01,0.0,0.068693124
1986-02,0.0,0.019298203
1986-03,0.0,0.01524945
1986-04,0.0,0.15049462
1986-05,0.3415374855960053,0.33191115
1986-06,0.0,0.31897232
1986-07,0.0,0.23132408
1986-08,0.0,0.031964142
1986-09,0.0,0.026734646
1986-10,0.0,0.0003572849
1986-11,0.0,-0.013546485
1986-12,0.0,0.009024374
1987-01,0.0,0.029839737
1987-02,0.0,0.008946799
1987-03,0.3567584886509743,0.061611786
1987-04,0.0,0.10261833
1987-05,0.0,0.22338551
1987-06,0.7035613557842072,0.40848237
1987-07,0.308494653208866,0.28545082
1987-08,0.3649613369978665,0.14374657
1987-09,0.3408116129221294,0.050737415
1987-10,0.0,0.03602919
1987-11,0.0,0.0038469764
1987-12,0.0,0.0015921857
1988-01,0.0,0.017443731
1988-02,0.0,0.02606767
1988-03,0.0,0.10602137
1988-04,0.3131198903829109,0.12754425
1988-05,0.3092409067062183,0.26939875
1988-06,0.5145103795040848,0.4143278
1988-07,0.4193921735127264,0.30175692
1988-08,0.0,0.08043558
1988-09,0.0,0.03037687
1988-10,0.0,0.021908311
1988-11,0.0,-0.0099522155
1988-12,0.0,0.048316766
1989-01,0.0,0.014167046
1989-02,0.0,0.08491335
1989-03,0.0,0.06876394
1989-04,0.0,0.17298073
1989-05,0.0,0.37611252
1989-06,0.3135190284905685,0.39282203
1989-07,0.6020793661940543,0.4874354
1989-08,0.0,0.09450346
1989-09,0.0,0.0554579
1989-10,0.0,0.044916272
1989-11,0.0,0.062008414
1989-12,0.0,0.019652616
1990-01,0.0,0.014105016
1990-02,0.0,0.045668248
1990-03,0.0,0.06414079
1990-04,0.0,0.09576554
1990-05,0.313809137399572,0.30383235
1990-06,0.4667555442834016,0.37340355
1990-07,0.0,0.17386991
1990-08,0.0,0.044186946
1990-09,0.0,0.024066187
1990-10,0.0,0.010099519
1990-11,0.0,0.0015921857
1990-12,0.0,-0.011878952
1991-01,0.0,0.0034362231
1991-02,0.0,0.008946799
1991-03,0.0,0.017979309
1991-04,0.0,0.1220352
1991-05,0.3654076291038663,0.28493324
1991-06,0.3905659491677024,0.36165938
1991-07,0.3897293231280949,0.34398
1991-08,0.0,0.11607722
1991-09,0.0,0.026593115
1991-10,0.0,0.061521675
1991-11,0.0,0.01221771
1991-12,0.0,-0.001552112
1992-01,0.0,-0.0007182439
1992-02,0.0,0.007521028
1992-03,0.0,0.016294328
1992-04,0.0,0.07717741
1992-05,0.0,0.22739309
1992-06,0.4736020413885421,0.352247
1992-07,0.3310746278579553,0.2149496
1992-08,0.0,0.048965286
1992-09,0.0,0.030343346
1992-10,0.0,0.035515584
1992-11,0.0,0.062390245
1992-12,0.0,0.023163203
1993-01,0.0,0.0071240407
1993-02,0.0,0.014561357
1993-03,0.0,0.04124694
1993-04,0.3222933721730563,0.14347
1993-05,0.3876251990261299,0.27215028
1993-06,0.7221618723840934,0.42567775
1993-07,0.3599597098154982,0.3242949
1993-08,0.3919996486469934,0.17741992
1993-09,0.0,0.032598138
1993-10,0.0,0.05246745
1993-11,0.0,-0.005936344
1993-12,0.0,0.042411692
1994-01,0.0,0.075706154
1994-02,0.0,0.04308908
1994-03,0.0,0.055407654
1994-04,0.3404699197268751,0.16690953
1994-05,0.3720354355921301,0.25070623
1994-06,0.7062782725702553,0.43590763
1994-07,0.5277680815236425,0.45103848
1994-08,0.3428256364640865,0.33440864
1994-09,0.0,0.05356993
1994-10,0.0,0.016979354
1994-11,0.0,-0.0006457644
1994-12,0.0,0.000853671
1995-01,0.0,-0.00069722673
1995-02,0.0,0.009206008
1995-03,0.0,0.021273775
1995-04,0.0,0.075412266
1995-05,0.0,0.27800626
1995-06,0.5811572875259351,0.43468183
1995-07,0.6881498756038644,0.5290676
1995-08,0.3890602612158891,0.37818673
1995-09,0.0,0.05310576
1995-10,0.0,0.09386527
1995-11,0.0,0.026807949
1995-12,0.0,0.0695461
1996-01,0.0,0.08226032
1996-02,0.0,0.05412389
1996-03,0.0,0.095949546
1996-04,0.4576923141114814,0.23342378
1996-05,0.0,0.34156892
1996-06,0.0,0.28778985
1996-07,0.0,0.24707073
1996-08,0.0,0.036346506
1996-09,0.0,0.055031076
1996-10,0.0,0.02012899
1996-11,0.0,0.01622641
1996-12,0.0,0.055809382
1997-01,0.0,0.015158037
1997-02,0.0,0.02714304
1997-03,0.0,0.101622805
1997-04,0.0,0.11125553
1997-05,0.2996636147067626,0.3154842
1997-06,0.0,0.35326427
1997-07,0.0,0.25784323
1997-08,0.0,0.104543954
1997-09,0.0,0.044725403
1997-10,0.0,0.02192359
1997-11,0.0,-0.00059778517
1997-12,0.0,-0.0065167253
1998-01,0.0,0.02830816
1998-02,0.0,0.014359321
1998-03,0.0,0.032597125
1998-04,0.0,0.08200049
1998-05,0.0,0.2729173
1998-06,0.0,0.3326851
1998-07,0.0,0.275408
1998-08,0.0,0.08159318
1998-09,0.0,0.024338325
1998-10,0.0,0.017644852
1998-11,0.0,-0.011229219
1998-12,0.0,0.0055467314
1999-01,0.0,0.05657291
1999-02,0.0,0.10032954
1999-03,0.3147693113708582,0.18689519
1999-04,0.0,0.15452433
1999-05,0.3590145518624956,0.32221797
1999-06,0.4109009738112338,0.39260113
1999-07,0.0,0.19019686
1999-08,0.0,0.046928108
1999-09,0.0,0.022811957
1999-10,0.0,0.08546726
1999-11,0.0,0.058318205
1999-12,0.0,0.050398108
2000-01,0.0,0.097438484
2000-02,0.0,0.10949043
2000-03,0.0,0.076874316
2000-04,0.4367198905349553,0.21355674
2000-05,0.3329305765367797,0.34930328
2000-06,0.3663866115379561,0.26967117
2000-07,0.3322674140870772,0.34136733
2000-08,0.0,0.13302171
2000-09,0.3093589841094468,0.10126708
2000-10,0.0,0.041865557
2000-11,0.0,0.0041334634
2000-12,0.0,0.07634954
2001-01,0.0,0.026491705
2001-02,0.0,0.015028559
2001-03,0.0,0.035891593
2001-04,0.0,0.059930045
2001-05,0.3419970351200285,0.28431222
2001-06,0.0,0.3164369
2001-07,0.0,0.1944899
2001-08,0.0,0.05668974
2001-09,0.0,0.03521028
2001-10,0.0,0.03437018
2001-11,0.0,0.06291642
2001-12,0.0,0.049048875
2002-01,0.0,0.07392247
2002-02,0.4855775177076336,0.12978442
2002-03,0.0,0.1504664
2002-04,0.5051005790694935,0.27189112
2002-05,0.5031216299113266,0.3686695
2002-06,0.4867209417477913,0.40572822
2002-07,0.3332181721028277,0.35883102
2002-08,0.3029640397793141,0.120593846
2002-09,0.3433193252172416,0.10635017
2002-10,0.0,0.043230932
2002-11,0.0,0.0029997886
2002-12,0.0,-0.0027819532
2003-01,0.0,0.029390562
2003-02,0.0,0.039231308
2003-03,0.3012945655097312,0.049225602
2003-04,0.3108904450906613,0.14513926
2003-05,0.3413056497029745,0.3395001
2003-06,0.6053427054258792,0.38959032
2003-07,0.5678041157386233,0.5107381
2003-08,0.0,0.12544917
2003-09,0.0,0.040008843
2003-10,0.0,0.042588573
2003-11,0.0,0.013872275
2003-12,0.0,0.0098442845
2004-01,0.0,0.011455473
2004-02,0.0,0.032373656
2004-03,0.4154258194531841,0.085224085
2004-04,0.0,0.08311814
2004-05,0.5169960058775381,0.3183974
2004-06,0.3231698282435629,0.31703725
2004-07,0.0,0.23517838
2004-08,0.3085849665609292,0.08048697
2004-09,0.0,0.027035251
2004-10,0.0,0.0072712502
2004-11,0.0,-0.005781474
2004-12,0.0,0.0018336675
2005-01,0.4342168501272233,0.016907366
2005-02,0.0,0.009206008
2005-03,0.0,0.026684584
2005-04,0.4913287506230496,0.1504458
2005-05,0.7724975595314507,0.35009181
2005-06,0.8619516772186776,0.45102575
2005-07,0.9223376763279958,0.55034107
2005-08,0.4015613584545811,0.15085074
2005-09,0.0,0.04613856
2005-10,0.3309735507455348,0.04599832
2005-11,0.0,0.050556365
2005-12,0.0,0.08944773
2006-01,0.326641039170199,0.16386744
2006-02,0.3930715698905576,0.17450537
2006-03,0.0,0.118275195
2006-04,0.0,0.19410881
2006-05,0.3192654143047181,0.35765558
2006-06,0.4669332579705701,0.36967734
2006-07,0.3599437455290975,0.3032966
2006-08,0.0,0.042377893
2006-09,0.0,0.03183552
2006-10,0.0,0.022651358
2006-11,0.0,0.061212867
2006-12,0.3222722605027273,0.06262009
2007-01,0.0,0.021671446
2007-02,0.0,0.04604421
2007-03,0.0,0.066954955
2007-04,0.0,0.168074
2007-05,0.4496820858432436,0.34712765
2007-06,0.3997352254650466,0.33828142
2007-07,0.4210041635073585,0.35200715
2007-08,0.0,0.09496246
2007-09,0.0,0.027722856
2007-10,0.0,0.083861835
2007-11,0.0,-0.0077327103
2007-12,0.0,0.002081676
2008-01,0.0,0.009715589
2008-02,0.3437946875884291,0.032558076
2008-03,0.0,0.12413138
2008-04,0.4395329711451938,0.20246682
2008-05,0.3320711500272384,0.31986392
2008-06,0.6667963584215494,0.4410988
2008-07,0.325082032158445,0.21396309
2008-08,0.0,0.054079182
2008-09,0.0,0.025928188
2008-10,0.0,0.08667668
2008-11,0.0,-0.007060749
2008-12,0.0,-0.009850055
2009-01,0.0,0.030826222
2009-02,0.0,0.02313999
2009-03,0.4852270878924097,0.14085995
2009-04,0.3000028521305239,0.18432221
2009-05,0.4929296953688156,0.34086588
2009-06,0.4556300632369484,0.3728393
2009-07,0.5598405922317364,0.49992377
2009-08,0.0,0.19515195
2009-09,0.3740248677554543,0.092731714
2009-10,0.3662240252228768,0.09632805
2009-11,0.0,0.06328854
2009-12,0.0,0.032363184
2010-01,0.0,0.024602318
2010-02,0.0,0.02185172
2010-03,0.0,0.035813943
2010-04,0.0,0.13272768
2010-05,0.3935327741409138,0.28693807
2010-06,0.0,0.36955225
2010-07,0.3499013220663442,0.36749795
2010-08,0.0,0.07095411
2010-09,0.0,0.040714353
2010-10,0.0,0.04784133
2010-11,0.0,0.052739456
2010-12,0.0,0.019406999
2011-01,0.0,0.056549396
2011-02,0.3248653913998919,0.09037232
2011-03,0.431062260196573,0.15612982
2011-04,0.443025848162632,0.24109742
2011-05,0.6766398647904945,0.34466285
2011-06,0.4676883136595221,0.3908325
2011-07,0.0,0.22531596
2011-08,0.5645329711451939,0.35997853
2011-09,0.0,0.044082336
2011-10,0.0,0.083490275
2011-11,0.0,0.0045355014
2011-12,0.0,0.0069150757
2012-01,0.0,0.05927671
2012-02,0.0,0.051129974
2012-03,0.0,0.05493407
2012-04,0.0,0.19183664
2012-05,0.5241116689774954,0.35113057
2012-06,0.4771543776395497,0.35678872
2012-07,0.3171308313662018,0.21283467
2012-08,0.4103936899895675,0.15270655
2012-09,0.0,0.030756595
2012-10,0.0,0.0817593
2012-11,0.0,0.04902416
2012-12,0.0,0.0069150757
2013-01,0.0,0.014770815
2013-02,0.0,0.041213855
2013-03,0.0,0.0454396
2013-04,0.0,0.17702405
2013-05,0.3918099891450988,0.36140785
2013-06,0.0,0.34337866
2013-07,0.3143051723614506,0.2951386
2013-08,0.0,0.03822623
2013-09,0.0,0.02751255
2013-10,0.0,0.083886355
2013-11,0.0,1.7491635e-05
2013-12,0.0,0.023163462
2014-01,0.0,0.06787219
2014-02,0.0,0.08391732
2014-03,0.0,0.07809375
2014-04,0.0,0.18353282
2014-05,0.0,0.31837878
2014-06,0.0,0.32565284
2014-07,0.4311832320159185,0.3003953
2014-08,0.0,0.07744623
2014-09,0.0,0.020874236
2014-10,0.0,0.027815068
2014-11,0.0,0.06892811
2014-12,0.0,0.02306637
2015-01,0.0,0.0327504
2015-02,0.0,0.057917852
2015-03,0.0,0.03254634
2015-04,0.0,0.10892549
2015-05,0.3251409062892548,0.3126027
2015-06,0.5009741324140299,0.36039132
2015-07,0.0,0.20665489
2015-08,0.3188524196040779,0.19363092
2015-09,0.0,0.04257801
2015-10,0.0,0.040566966
2015-11,0.0,0.007279001
2015-12,0.0,0.028662188
2016-01,0.0,0.020110216
2016-02,0.2995118834323396,0.120438516
2016-03,0.4141274100459682,0.13379659
2016-04,0.0,0.16674285
2016-05,0.5768090832211873,0.38998076
2016-06,0.5526762877576423,0.47015062
2016-07,0.4006778076160124,0.47825396
2016-08,0.0,0.087272614
2016-09,0.3442762524904373,0.05881775
2016-10,0.3061655331681374,0.091849014
2016-11,0.0,0.011814231
2016-12,0.0,0.01338225
2017-01,0.0,0.01983009
2017-02,0.0,0.039132096
2017-03,0.3362630335702679,0.12886682
2017-04,0.4481594704242345,0.21814822
2017-05,0.418479475703252,0.3802135
2017-06,0.9503157267556972,0.5247636
2017-07,0.4382136234534756,0.34868035
2017-08,0.0,0.06914526
2017-09,0.0,0.09614226
2017-10,0.0,0.11207764
2017-11,0.0,0.058388762
2017-12,0.0,0.07801208
2018-01,0.0,0.049218513
2018-02,0.401591890074814,0.109567694
2018-03,0.0,0.12751432
2018-04,0.4269670263130711,0.2632001
2018-05,0.313809137399572,0.35544914
2018-06,0.3557841689927288,0.33831683
2018-07,0.5362084135211279,0.3148647
2018-08,0.0,0.04359825
2018-09,0.0,0.035963546
2018-10,0.0,0.0065893107
2018-11,0.3349916332667564,0.06646836
2018-12,0.0,0.02173014
2019-01,0.0,0.027748063
2019-02,0.3050616879712876,0.036671508
2019-03,0.0,0.05104558
2019-04,0.0,0.14529169
2019-05,0.4219859748454911,0.29582742
2019-06,0.5527552318037487,0.4217413
2019-07,0.3625761725282737,0.51388544
2019-08,0.4682602320580871,0.39622974
2019-09,0.3783030502392399,0.12493476
2019-10,0.0,0.077488296
2019-11,0.0,0.015692744
2019-12,0.0,-0.011619749
2020-01,0.0,0.016126968
2020-02,0.0,0.004171767
2020-03,0.0,0.019802108
2020-04,0.0,0.13811466
2020-05,0.5247070718509331,0.36152384
2020-06,0.75,0.4032988
2020-07,0.4941626869643981,0.57952636
2020-08,0.90966845949861,0.46755722
2020-09,0.3991680980163529,0.22538511
2020-10,0.5430864321131716,0.22829261
2020-11,0.0,0.1090727
2020-12,0.0,0.06954983
2021-01,0.0,0.073140875
2021-02,0.0,0.123202406
2021-03,0.0,0.09176824
2021-04,0.3847833178680643,0.2478435
2021-05,0.4694954907275661,0.39861634
2021-06,0.7732479281729305,0.47882426
2021-07,0.2995498720163168,0.2814456
2021-08,0.0,0.038760506
2021-09,0.0,0.024335625
2021-10,0.3255311298248257,0.057985514
2021-11,0.0,0.06560611
2021-12,0.0,0.025948707
2022-01,0.0,0.041288536
2022-02,0.0,0.07220617
2022-03,0.3852049553024787,0.1071834
2022-04,0.0,0.22378281
2022-05,0.4324158169054154,0.38843206
2022-06,0.5144911435308066,0.3986453
2022-07,0.0,0.2577409
2022-08,0.0,0.05672916
2022-09,0.0,0.03827933
2022-10,0.0,0.033016384
2022-11,0.0,0.07381415
2022-12,0.0,0.023466455
2023-01,0.0,0.012773912
2023-02,0.0,0.012845468
2023-03,0.0,0.035891593
2023-04,0.3074870529638993,0.14523484
2023-05,0.0,0.24158502
2023-06,0.5127664394309674,0.40833244
2023-07,0.7825193861764212,0.5692624
2023-08,0.4673137820191536,0.45241365
2023-09,0.0,0.11974438
2023-10,0.3426513478332014,0.16200559
2023-11,0.0,0.05056979
2023-12,0.0,0.027319178
