year_month,grace_actual,grace_predicted
2002-10,-0.039172,-0.028746998471876353
2002-11,-0.021398,-0.04055583559071671
2002-12,-0.007163,-0.010971523774872202
2003-01,-0.02018,-0.004828071782032359
2003-02,0.016128,-0.005219957438066341
2003-03,0.033438,0.029253903314866637
2003-04,0.005386,0.025026368752128762
2003-05,-0.007138,-0.0057559177163804785
2003-08,-0.033301,-0.029590969150347216
2003-09,-0.027178,-0.03159406644489504
2003-10,-0.025365,-0.03613494467498548
2003-11,-0.011471,-0.021170669967697325
2003-12,-0.014178,-0.006523286938103364
2004-01,-0.026486,-0.009863070118956744
2004-02,-0.015661,-0.017099832999516864
2004-03,-0.001303,-0.013728391163436562
2004-04,0.011616,-0.0018111246464950531
2004-05,-0.006918,-0.0007771231558752981
2004-06,-0.03373,-0.01919102938687109
2004-07,-0.032415,-0.036621432582932135
2004-08,-0.010904,-0.03126816159933049
2004-09,-0.026698,-0.013961166365593018
2004-10,-0.018841,-0.0260715839974449
2004-11,-0.004559,-0.0013796334800918637
2004-12,0.017745,0.009490570739666693
2005-01,0.049413,0.04181990811145584
2005-02,0.068638,0.0857208282768705
2005-03,0.085448,0.07667377472908446
2005-04,0.057614,0.07066906250113612
2005-05,0.036593,0.04164808738318948
2005-06,0.015095,0.020587195507280876
2005-07,-0.003179,0.0034582349664660714
2005-08,0.011106,0.011328201888618742
2005-09,-0.004636,-0.0006690864931930118
2005-10,-0.001075,-0.011843642972441764
2005-11,-0.003173,-0.005574134856065272
2005-12,-0.000977,-0.005075758003156603
2006-01,0.000634,-0.0006650597875395713
2006-02,-0.018001,-0.0004523239938089888
2006-03,-0.015506,-0.012866968103903302
2006-04,0.001153,-0.019951756085290203
2006-05,-0.01187,-0.010338568843713735
2006-06,-0.009105,-0.02223854732263128
2006-07,-0.026061,-0.005944044731759735
2006-08,0.011224,-0.005353159949679859
2006-09,0.016345,0.013812023993532995
2006-10,0.007964,0.011470953777785996
2006-11,0.000388,0.003583269507503246
2006-12,-0.000481,0.00047722009240965034
2007-01,-0.009806,0.0077610151759818806
2007-02,0.010462,-0.005422995272382753
2007-03,0.006806,0.0077276662402349285
2007-04,0.004189,0.0020074657578282315
2007-05,-0.003601,-0.006497287491855486
2007-06,-0.012194,-0.01593788691300047
2007-07,-0.021659,-0.015596688596356531
2007-08,-0.003703,-0.00492305247010566
2007-09,0.007904,-0.013655845903560263
2007-10,-0.026622,-0.000906117507551733
2007-11,-0.025592,-0.03161032674092259
2007-12,0.006094,0.0023219793401990374
2008-01,0.00984,0.02143724012619222
2008-02,0.018477,0.017025330023551208
2008-03,0.014741,0.012935218937346256
2008-04,-0.001023,0.0044857706318846505
2008-05,-0.018867,-0.008754628750069068
2008-06,-0.024687,-0.03151181304483803
2008-07,0.006523,-0.021539699575646828
2008-08,-0.001364,0.013297635768651395
2008-09,0.007201,-0.006509005750486096
2008-10,-0.013776,-0.0038988593444451913
2008-11,-0.011611,-0.01643052896494631
2008-12,-0.004771,0.004968383269346743
2009-01,0.003088,0.00429295351539359
2009-02,0.006909,0.0038305616557038767
2009-03,-0.002573,0.0045097425979800645
2009-04,-0.017635,-0.01000730048378814
2009-05,-0.011996,-0.026140787781083842
2009-06,-0.023533,-0.02039576579089486
2009-07,-0.023939,-0.030187837818870078
2009-08,-0.040325,-0.028875413191459528
2009-09,-0.036232,-0.04551029994010385
2009-10,-0.032307,-0.04295212402320039
2009-11,-0.041177,-0.03304947838475866
2009-12,-0.018536,-0.034131975217617114
2010-01,-0.0084,0.00907896985750252
2010-02,0.039186,0.02104032787633079
2010-03,0.034362,0.04638093399972147
2010-04,0.030066,0.026329800566742192
2010-05,0.01005,0.0179178315582662
2010-06,-0.003755,-0.004017421241055162
2010-07,-0.007228,-0.00731028494742612
2010-08,0.003601,0.0017121046065631876
2010-09,-0.014582,-0.007191252802479859
2010-10,-0.008381,-0.019306204558105746
2010-11,-0.0137,-0.01037323808972166
2010-12,-0.003474,-0.007717524529549429
2011-03,0.009305,-0.005826382331752755
2011-04,-0.003983,0.001976544759475344
2011-05,-0.025773,-0.012562179272851814
2011-08,-0.019042,-0.035916535660005994
2011-09,-0.03161,-0.01983853628057812
2011-10,-0.031649,-0.0366776930012564
2011-11,-0.034731,-0.027320232618476627
2012-02,-0.019841,-0.02394099837479479
2012-03,-0.03058,-0.02164961725591797
2012-04,-0.039923,-0.036657500791137686
2012-07,-0.060826,-0.08023026635533359
2012-08,-0.056719,-0.05627164803795108
2012-09,-0.052478,-0.05331042369320757
2012-12,-0.051938,-0.046704617398390984
2013-01,-0.052927,-0.038762129441580515
2013-02,-0.053384,-0.04694998624682117
2013-05,-0.063352,-0.07490336893869817
2013-06,-0.075253,-0.07494397025257636
2013-07,-0.069283,-0.06572874599101895
2013-11,-0.051832,-0.05757680326466742
2013-12,-0.045652,-0.03877902076857992
2014-01,-0.043305,-0.04820984170118021
2014-04,-0.05516,-0.06293173178930755
2014-05,-0.075308,-0.06416260362683371
2014-06,-0.076335,-0.08671710726049096
2014-09,-0.065707,-0.07435727004221691
2014-10,-0.070809,-0.062791245434524
2014-11,-0.078017,-0.07542455080131984
2015-02,-0.038216,-0.05012150198224353
2015-03,-0.037168,-0.039886447072185166
2015-04,-0.057573,-0.04506215064002049
2015-08,-0.074166,-0.06940850592213296
2015-09,-0.074916,-0.07383958890384343
2016-01,-0.039769,-0.043251400753096095
2016-02,-0.04608,-0.03994120392911526
2016-03,-0.042371,-0.05166632686087179
2016-06,-0.078084,-0.08967482140555495
2016-07,-0.083166,-0.08244199720063924
2016-08,-0.107755,-0.06636712366672162
2016-12,-0.062238,-0.07868785963258412
2017-01,-0.029457,-0.03696256060296242
2017-04,-0.0387,-0.06943116923483059
2017-05,-0.059219,-0.04766043610168509
2017-06,-0.083263,-0.07071522825749378
2018-07,-0.117858,-0.11610240034090416
2018-11,-0.09923,-0.08870727363223684
2018-12,-0.090754,-0.09468501071339168
2019-01,-0.057617,-0.08331995847747316
2019-02,-0.045674,-0.04426597357503076
2019-03,-0.035324,-0.04038800004782845
2019-04,-0.066257,-0.04405072288096401
2019-05,-0.068723,-0.0731518747165754
2019-06,-0.070637,-0.08066382850418194
2019-07,-0.092902,-0.07812818276224905
2019-08,-0.092622,-0.09168756988281067
2019-09,-0.093495,-0.09536282062278797
2019-10,-0.098986,-0.09881554006909771
2019-11,-0.100005,-0.09196711510542444
2019-12,-0.040897,-0.06675253618825355
2020-01,-0.042972,-0.029762020406903324
2020-02,-0.049646,-0.041368260166425364
2020-03,-0.05344,-0.035155352652991745
2020-04,-0.053785,-0.0604747772244181
2020-05,-0.071256,-0.06772249649309305
2020-06,-0.09013,-0.08383961345870164
2020-07,-0.099088,-0.09741049913131203
2020-08,-0.117118,-0.10440470116576282
2020-09,-0.13402,-0.12736598723389359
2020-10,-0.130966,-0.14338050158611143
2020-11,-0.121894,-0.13042019546698566
2020-12,-0.1341,-0.11864930193350089
2021-01,-0.133016,-0.1259180504088712
2021-02,-0.124022,-0.12708701621752558
2021-03,-0.119595,-0.12374787434511313
2021-04,-0.115411,-0.12558370318196188
2021-05,-0.132639,-0.12328159807720067
2021-06,-0.144782,-0.14016844073592447
2021-07,-0.12351,-0.1319273163360884
2021-08,-0.115339,-0.10930806008513037
2021-09,-0.121462,-0.12100980123374049
2021-10,-0.138118,-0.12455861936619209
2021-11,-0.131357,-0.1438860710194494
2021-12,-0.125988,-0.12334279448852459
2022-01,-0.119799,-0.11258349464206636
2022-02,-0.096091,-0.11990232000602988
2022-03,-0.124647,-0.0962135745378216
2022-04,-0.138908,-0.12489815086521494
2022-05,-0.136886,-0.15204027385957886
2022-06,-0.160465,-0.14641659953513453
2022-07,-0.151836,-0.16138734959768983
2022-08,-0.135166,-0.13159821630362134
2022-09,-0.121045,-0.13597140976276334
2022-10,-0.13326,-0.12090885787844823
2022-11,-0.12184,-0.13359072886132176
2022-12,-0.115022,-0.1156713534344255
2023-01,-0.082345,-0.09195178790012071
2023-02,-0.091848,-0.07591515467575279
2023-03,-0.072291,-0.08696619106878782
2023-04,-0.065902,-0.07985709506196166
2023-05,-0.096841,-0.077572990513907
2023-06,-0.075787,-0.109139383715185
2023-07,-0.112408,-0.08757706423689371
2023-08,-0.124527,-0.11443094931301952
2023-09,-0.122924,-0.13069918412059772
2023-10,-0.12757,-0.13315280734291823
2023-11,-0.129402,-0.1282302563162192
2023-12,-0.119617,-0.12215720980894733
