year_month,cap_deliveries_af,cap_mi_af,cap_ag_af,cap_federal_af,cap_havasu_diversion_af,cap_source
1999-01,43811.0,23584.0,11443.0,8784.0,,monthly_report
1999-02,48627.0,23144.0,16521.0,8962.0,,monthly_report
1999-03,122118.0,45735.0,63242.0,13141.0,,monthly_report
1999-04,133009.0,55143.0,67577.0,10289.0,,monthly_report
1999-05,167368.0,74884.0,75488.0,16996.0,,monthly_report
1999-06,191170.0,69180.0,112704.0,9286.0,,monthly_report
1999-07,156372.0,50684.0,97456.0,8232.0,,monthly_report
1999-08,168084.0,79925.0,79358.0,8801.0,,monthly_report
1999-09,76090.0,51814.0,19820.0,4456.0,,monthly_report
1999-10,61414.0,51231.0,7422.0,2761.0,,monthly_report
1999-11,42523.0,37616.0,1728.0,3179.0,,monthly_report
1999-12,42284.0,30776.0,4259.0,7249.0,,monthly_report
2000-01,49080.0,25752.0,11292.0,12036.0,,monthly_report
2000-02,81360.0,31796.0,34347.0,15217.0,,monthly_report
2000-03,113890.0,46762.0,51944.0,15184.0,,monthly_report
2000-04,168455.0,78241.0,76983.0,13231.0,,monthly_report
2000-05,181065.0,72726.0,95916.0,12423.0,,monthly_report
2000-06,205161.0,70378.0,126116.0,8667.0,,monthly_report
2000-07,227902.0,72302.0,145397.0,10203.0,,monthly_report
2000-08,205623.0,91132.0,104135.0,10356.0,,monthly_report
2000-09,152651.0,69896.0,67675.0,15080.0,,monthly_report
2000-10,79334.0,69436.0,6848.0,3050.0,,monthly_report
2000-11,29103.0,27830.0,568.0,705.0,,monthly_report
2000-12,46688.0,39462.0,4374.0,2852.0,,monthly_report
2001-01,35229.0,23679.0,5002.0,6548.0,,monthly_report
2001-02,49141.0,31872.0,10559.0,6710.0,,monthly_report
2001-03,114049.0,57817.0,45734.0,10498.0,,monthly_report
2001-04,146749.0,66159.0,66699.0,13891.0,,monthly_report
2001-05,167261.0,91079.0,62430.0,13752.0,,monthly_report
2001-06,204849.0,100077.0,88835.0,15937.0,,monthly_report
2001-07,199030.0,67900.0,106439.0,24691.0,,monthly_report
2001-08,167278.0,92624.0,62407.0,12247.0,,monthly_report
2001-09,97458.0,75325.0,12500.0,9633.0,,monthly_report
2001-10,70610.0,60510.0,4392.0,5708.0,,monthly_report
2001-11,27010.0,23610.0,2645.0,755.0,,monthly_report
2001-12,42993.0,36218.0,3561.0,3214.0,,monthly_report
2002-01,56937.0,32705.0,14916.0,9316.0,,monthly_report
2002-02,61009.0,31588.0,22011.0,7410.0,,monthly_report
2002-03,142673.0,59938.0,67489.0,15246.0,,monthly_report
2002-04,173918.0,74006.0,84380.0,15532.0,,monthly_report
2002-05,177852.0,86879.0,76844.0,14129.0,,monthly_report
2002-06,212029.0,77686.0,118869.0,15474.0,,monthly_report
2002-07,212043.0,90650.0,96357.0,25036.0,,monthly_report
2002-08,187667.0,118364.0,53407.0,15896.0,,monthly_report
2002-09,96822.0,68671.0,21040.0,7111.0,,monthly_report
2002-10,83025.0,62202.0,16905.0,3918.0,,monthly_report
2002-11,64448.0,57634.0,4512.0,2302.0,,monthly_report
2002-12,57254.0,45528.0,8199.0,3527.0,,monthly_report
2003-01,59823.0,38334.0,12187.0,9302.0,178610.0,monthly_report
2003-02,52788.0,38632.0,9356.0,4800.0,167194.0,monthly_report
2003-03,111947.0,53331.0,47706.0,10910.0,188023.0,monthly_report
2003-04,162196.0,82949.0,62648.0,16599.0,175595.0,monthly_report
2003-05,161821.0,89964.0,56532.0,15325.0,183816.0,monthly_report
2003-06,195056.0,82248.0,96145.0,16663.0,143877.0,monthly_report
2003-07,215259.0,82309.0,113519.0,19431.0,75528.0,monthly_report
2003-08,181673.0,84471.0,74010.0,23192.0,48221.0,monthly_report
2003-09,151213.0,101326.0,38224.0,11663.0,54019.0,monthly_report
2003-10,114282.0,87506.0,21716.0,5060.0,124815.0,monthly_report
2003-11,65531.0,55395.0,7739.0,2397.0,174720.0,monthly_report
2003-12,79473.0,59858.0,15590.0,4025.0,170772.0,monthly_report
2004-01,58140.0,39931.0,6666.0,11543.0,188167.0,monthly_report
2004-02,62201.0,48284.0,7577.0,6340.0,174762.0,monthly_report
2004-03,144304.0,86726.0,45813.0,11765.0,185868.0,monthly_report
2004-04,161780.0,105974.0,42088.0,13718.0,181151.0,monthly_report
2004-05,187096.0,106071.0,57365.0,23660.0,188308.0,monthly_report
2004-06,210437.0,103960.0,76685.0,29792.0,165160.0,monthly_report
2004-07,221180.0,86748.0,94348.0,40084.0,104043.0,monthly_report
2004-08,194600.0,122918.0,48532.0,23150.0,45459.0,monthly_report
2004-09,134361.0,106592.0,15227.0,12542.0,70005.0,monthly_report
2004-10,101345.0,87525.0,4316.0,9504.0,3447.0,monthly_report
2004-11,54560.0,51478.0,501.0,2581.0,170759.0,monthly_report
2004-12,67627.0,58980.0,1849.0,6798.0,173940.0,monthly_report
2005-01,37292.0,30926.0,1028.0,5338.0,,monthly_report
2005-02,37331.0,31694.0,2306.0,3331.0,,monthly_report
2005-03,75872.0,38904.0,26634.0,10334.0,,monthly_report
2005-04,119920.0,49796.0,53826.0,16298.0,,monthly_report
2005-05,138413.0,59657.0,62291.0,16465.0,,monthly_report
2005-06,174206.0,60525.0,88282.0,25399.0,,monthly_report
2005-07,193154.0,85263.0,91353.0,16538.0,,monthly_report
2005-08,139071.0,95233.0,30443.0,13395.0,,monthly_report
2005-09,127266.0,96333.0,18033.0,12900.0,,monthly_report
2005-10,90173.0,80385.0,3377.0,6411.0,,monthly_report
2005-11,74006.0,66671.0,2148.0,5187.0,,monthly_report
2005-12,70220.0,62101.0,2010.0,6109.0,,monthly_report
2006-01,60903.0,43360.0,9005.0,8538.0,,monthly_report
2006-02,81435.0,46410.0,22238.0,12787.0,,monthly_report
2006-03,87354.0,47602.0,29542.0,10210.0,,monthly_report
2006-04,139803.0,73751.0,51804.0,14248.0,,monthly_report
2006-05,174786.0,82245.0,75263.0,17278.0,,monthly_report
2006-06,207974.0,90646.0,92596.0,24732.0,,monthly_report
2006-07,209323.0,103686.0,86617.0,19020.0,,monthly_report
2006-08,177808.0,130744.0,33780.0,13284.0,,monthly_report
2006-09,121360.0,98992.0,11617.0,10751.0,,monthly_report
2006-10,98626.0,78390.0,13658.0,6578.0,,monthly_report
2006-11,66341.0,57896.0,4712.0,3733.0,,monthly_report
2006-12,78614.0,68665.0,6014.0,3935.0,,monthly_report
2007-01,79679.0,57429.0,9604.0,12646.0,133727.0,monthly_report
2007-02,87915.0,63064.0,15884.0,8967.0,131318.0,monthly_report
2007-03,149641.0,80975.0,53836.0,14830.0,171214.0,monthly_report
2007-04,164144.0,92098.0,57418.0,14628.0,160808.0,monthly_report
2007-05,197867.0,97209.0,71389.0,29269.0,159299.0,monthly_report
2007-06,208913.0,99720.0,85562.0,23631.0,148452.0,monthly_report
2007-07,198263.0,133183.0,52107.0,12973.0,100014.0,monthly_report
2007-08,183005.0,148306.0,21344.0,13355.0,42417.0,monthly_report
2007-09,166165.0,133470.0,22743.0,9952.0,134100.0,monthly_report
2007-10,110908.0,92478.0,11416.0,7014.0,164060.0,monthly_report
2007-11,93759.0,84909.0,4366.0,4484.0,147108.0,monthly_report
2007-12,59764.0,54818.0,2468.0,2478.0,118236.0,monthly_report
2008-01,64972.0,42785.0,7212.0,14975.0,,transcribed
2008-02,67591.0,42255.0,13617.0,11719.0,,transcribed
2008-03,141106.0,66498.0,48228.0,26380.0,,transcribed
2008-04,173379.0,72750.0,70196.0,30433.0,,transcribed
2008-05,156834.0,67502.0,56052.0,33280.0,,transcribed
2008-06,183449.0,94159.0,70618.0,18672.0,,transcribed
2008-07,170451.0,97070.0,58310.0,15071.0,,transcribed
2008-08,195254.0,142534.0,37915.0,14805.0,,transcribed
2008-09,146110.0,113435.0,21683.0,10992.0,,transcribed
2008-10,106848.0,88195.0,9623.0,9030.0,,transcribed
2008-11,73122.0,62891.0,5811.0,4420.0,,transcribed
2008-12,68908.0,59964.0,6385.0,2559.0,,transcribed
2009-01,76539.0,51745.0,11983.0,12811.0,,transcribed
2009-02,76551.0,35941.0,17952.0,22658.0,,transcribed
2009-03,133808.0,65533.0,40823.0,27452.0,,transcribed
2009-04,155827.0,76204.0,62325.0,17298.0,,transcribed
2009-05,171233.0,81241.0,55184.0,34808.0,,transcribed
2009-06,184114.0,94594.0,54605.0,34915.0,,transcribed
2009-07,196222.0,121577.0,57367.0,17278.0,,transcribed
2009-08,204572.0,138280.0,44800.0,21492.0,,transcribed
2009-09,136875.0,91816.0,24845.0,20214.0,,transcribed
2009-10,119470.0,92344.0,15478.0,11648.0,,transcribed
2009-11,59039.0,50686.0,3081.0,5272.0,,transcribed
2009-12,95987.0,79043.0,9251.0,7693.0,,transcribed
2010-01,57081.0,37682.0,4736.0,14663.0,126294.0,monthly_report
2010-02,57269.0,36607.0,4792.0,15870.0,90880.0,monthly_report
2010-03,105243.0,53664.0,20277.0,31302.0,128306.0,monthly_report
2010-04,155478.0,54731.0,64417.0,36330.0,153154.0,monthly_report
2010-05,165855.0,69182.0,43704.0,52969.0,171813.0,monthly_report
2010-06,206881.0,86683.0,69301.0,50897.0,170755.0,monthly_report
2010-07,217569.0,102888.0,75364.0,39317.0,49808.0,monthly_report
2010-08,192568.0,111425.0,45647.0,35496.0,84097.0,monthly_report
2010-09,168283.0,99976.0,37705.0,30602.0,170650.0,monthly_report
2010-10,106494.0,82513.0,13372.0,10609.0,165628.0,monthly_report
2010-11,82558.0,63905.0,11113.0,7540.0,158819.0,monthly_report
2010-12,83779.0,66299.0,10256.0,7224.0,182563.0,monthly_report
2011-01,66616.0,38354.0,10043.0,18219.0,89029.0,monthly_report
2011-02,78566.0,40017.0,14668.0,23881.0,134563.0,monthly_report
2011-03,136175.0,59300.0,35671.0,41204.0,186159.0,monthly_report
2011-04,152144.0,61352.0,46227.0,44565.0,180434.0,monthly_report
2011-05,177718.0,60105.0,53984.0,63629.0,166473.0,monthly_report
2011-06,224551.0,71539.0,78985.0,74027.0,154609.0,monthly_report
2011-07,230788.0,89537.0,84207.0,57044.0,76895.0,monthly_report
2011-08,215914.0,91971.0,53848.0,70095.0,60168.0,monthly_report
2011-09,138247.0,75134.0,12291.0,50822.0,101762.0,monthly_report
2011-10,90308.0,53055.0,6912.0,30341.0,149410.0,monthly_report
2011-11,48560.0,34109.0,1395.0,13056.0,174986.0,monthly_report
2011-12,60126.0,43155.0,2301.0,14670.0,150555.0,monthly_report
2012-01,71862.0,47371.0,8014.0,16477.0,186564.0,monthly_report
2012-02,97013.0,50193.0,13774.0,33046.0,168959.0,monthly_report
2012-03,138394.0,63798.0,27679.0,46917.0,187497.0,monthly_report
2012-04,173973.0,60662.0,50123.0,63188.0,179531.0,monthly_report
2012-05,190845.0,65418.0,57932.0,67495.0,179210.0,monthly_report
2012-06,207776.0,61690.0,69671.0,76415.0,129951.0,monthly_report
2012-07,174557.0,62582.0,45918.0,66057.0,34437.0,monthly_report
2012-08,175287.0,55111.0,54641.0,65535.0,85226.0,monthly_report
2012-09,133433.0,57177.0,33370.0,42886.0,136910.0,monthly_report
2012-10,101903.0,51226.0,17241.0,33436.0,31581.0,monthly_report
2012-11,59004.0,33690.0,11866.0,13448.0,173912.0,monthly_report
2012-12,74759.0,40291.0,10994.0,23474.0,132284.0,monthly_report
2013-01,50994.0,31035.0,7611.0,12348.0,79888.0,monthly_report
2013-02,53487.0,29114.0,8405.0,15968.0,146879.0,monthly_report
2013-03,105997.0,33681.0,32432.0,39884.0,179730.0,monthly_report
2013-04,176631.0,44918.0,61739.0,69974.0,148444.0,monthly_report
2013-05,187821.0,45352.0,44685.0,97784.0,174238.0,monthly_report
2013-06,210914.0,46381.0,78792.0,85741.0,129487.0,monthly_report
2013-07,179001.0,57953.0,52328.0,68720.0,80301.0,monthly_report
2013-08,179261.0,74848.0,52459.0,51954.0,95266.0,monthly_report
2013-09,118144.0,59687.0,26956.0,31501.0,149252.0,monthly_report
2013-10,105253.0,55450.0,20765.0,29038.0,186039.0,monthly_report
2013-11,59424.0,41977.0,7321.0,10126.0,143877.0,monthly_report
2013-12,93077.0,66146.0,7324.0,19607.0,137866.0,monthly_report
2014-01,54644.0,28562.0,9463.0,16619.0,84467.0,monthly_report
2014-02,73683.0,28603.0,21177.0,23903.0,130265.0,monthly_report
2014-03,123825.0,49831.0,34431.0,39563.0,176237.0,monthly_report
2014-04,164245.0,49888.0,42783.0,71574.0,177897.0,monthly_report
2014-05,187340.0,45083.0,50563.0,91694.0,183603.0,monthly_report
2014-06,194295.0,48800.0,67533.0,77962.0,133051.0,monthly_report
2014-07,183511.0,63759.0,57551.0,62201.0,92532.0,monthly_report
2014-08,165587.0,59157.0,50717.0,55713.0,99382.0,monthly_report
2014-09,114740.0,57118.0,27651.0,29971.0,140046.0,monthly_report
2014-10,110496.0,61198.0,24826.0,24472.0,134799.0,monthly_report
2014-11,82300.0,51582.0,7237.0,23481.0,146606.0,monthly_report
2014-12,71294.0,47357.0,6809.0,17128.0,131792.0,monthly_report
2015-01,58728.0,27678.0,10520.0,20530.0,180492.0,monthly_report
2015-02,77475.0,34543.0,10972.0,31960.0,109441.0,monthly_report
2015-03,134316.0,45578.0,36972.0,51766.0,146368.0,monthly_report
2015-04,183305.0,55651.0,52610.0,75044.0,154414.0,monthly_report
2015-05,142795.0,48519.0,28102.0,66174.0,177030.0,monthly_report
2015-06,167217.0,53112.0,39436.0,74669.0,77195.0,monthly_report
2015-07,160765.0,76227.0,33755.0,50783.0,70484.0,monthly_report
2015-08,164338.0,69583.0,38588.0,56167.0,69587.0,monthly_report
2015-09,121912.0,68638.0,29447.0,23827.0,167508.0,monthly_report
2015-10,96557.0,57314.0,18821.0,20422.0,115253.0,monthly_report
2015-11,63748.0,41751.0,10850.0,11147.0,120080.0,monthly_report
2015-12,78053.0,46107.0,8206.0,23740.0,130170.0,monthly_report
2016-01,43148.0,21687.0,1913.0,19548.0,155980.0,monthly_report
2016-02,77253.0,28252.0,15616.0,33385.0,116971.0,monthly_report
2016-03,122146.0,42636.0,26911.0,52599.0,122518.0,monthly_report
2016-04,138443.0,50959.0,29045.0,58439.0,168623.0,monthly_report
2016-05,166029.0,61787.0,35073.0,69169.0,176141.0,monthly_report
2016-06,201550.0,70110.0,59682.0,71758.0,88596.0,monthly_report
2016-07,193428.0,83220.0,40687.0,69521.0,74494.0,monthly_report
2016-08,151816.0,69141.0,33893.0,48782.0,64682.0,monthly_report
2016-09,129194.0,63169.0,20881.0,45144.0,133630.0,monthly_report
2016-10,88804.0,51453.0,9602.0,27749.0,133167.0,monthly_report
2016-11,57369.0,43261.0,2396.0,11712.0,140485.0,monthly_report
2016-12,61730.0,34297.0,5098.0,22335.0,117864.0,monthly_report
2017-01,44141.0,27627.0,2634.0,13880.0,126924.0,monthly_report
2017-02,49345.0,22699.0,5612.0,21034.0,62359.0,monthly_report
2017-03,109644.0,36571.0,28344.0,44729.0,136275.0,monthly_report
2017-04,147631.0,42852.0,33634.0,71145.0,159848.0,monthly_report
2017-05,147226.0,51921.0,26572.0,68733.0,174612.0,monthly_report
2017-06,193124.0,83570.0,58483.0,51071.0,79014.0,monthly_report
2017-07,170239.0,82972.0,39696.0,47571.0,71258.0,monthly_report
2017-08,162968.0,71617.0,32903.0,58448.0,70184.0,monthly_report
2017-09,131170.0,68295.0,18081.0,44794.0,134073.0,monthly_report
2017-10,79636.0,48865.0,4004.0,26767.0,130498.0,monthly_report
2017-11,54330.0,34826.0,2556.0,16948.0,126715.0,monthly_report
2017-12,67861.0,37124.0,5332.0,25405.0,143853.0,monthly_report
2018-01,51650.0,33302.0,5022.0,13326.0,90163.0,monthly_report
2018-02,68105.0,39444.0,5022.0,23639.0,109197.0,monthly_report
2018-03,106974.0,44236.0,18750.0,43988.0,138939.0,monthly_report
2018-04,159041.0,45103.0,42093.0,71845.0,168400.0,monthly_report
2018-05,171968.0,62633.0,44361.0,64974.0,178154.0,monthly_report
2018-06,194930.0,76238.0,39913.0,78779.0,87984.0,monthly_report
2018-07,198498.0,69733.0,36677.0,90817.0,71609.0,monthly_report
2018-08,174238.0,83196.0,29640.0,59083.0,21609.0,monthly_report
2018-09,144139.0,78305.0,12019.0,46832.0,164209.0,monthly_report
2018-10,75004.0,52082.0,589.0,21384.0,175602.0,monthly_report
2018-11,74106.0,36817.0,4170.0,31445.0,173266.0,monthly_report
2018-12,60577.0,38636.0,4593.0,17044.0,143241.0,monthly_report
2019-01,42078.0,28630.0,1461.0,11987.0,90530.0,ytd_report
2019-02,50313.0,24884.0,1775.0,23654.0,150723.0,ytd_report
2019-03,82174.0,36182.0,8036.0,37956.0,82674.0,ytd_report
2019-04,143255.0,52829.0,40092.0,50334.0,143769.0,ytd_report
2019-05,140285.0,67354.0,27901.0,45030.0,153751.0,ytd_report
2019-06,183443.0,83733.0,53178.0,46532.0,103850.0,ytd_report
2019-07,188724.0,85537.0,57413.0,45774.0,92195.0,ytd_report
2019-08,181776.0,76605.0,42451.0,62720.0,101771.0,ytd_report
2019-09,124651.0,58607.0,19400.0,46644.0,160158.0,ytd_report
2019-10,103249.0,44914.0,12162.0,46173.0,151035.0,ytd_report
2019-11,29633.0,14568.0,4022.0,11043.0,125435.0,ytd_report
2019-12,44769.0,19883.0,9512.0,15374.0,71701.0,ytd_report
2020-01,52807.0,32475.0,2091.0,18241.0,75318.0,ytd_report
2020-02,69398.0,38924.0,5916.0,24558.0,74716.0,ytd_report
2020-03,88013.0,42894.0,11661.0,33458.0,94056.0,ytd_report
2020-04,141711.0,56405.0,39190.0,46116.0,148297.0,ytd_report
2020-05,174457.0,63283.0,45799.0,65375.0,179746.0,ytd_report
2020-06,192700.0,72042.0,54393.0,66265.0,103316.0,ytd_report
2020-07,185936.0,80574.0,47342.0,58020.0,69322.0,ytd_report
2020-08,180706.0,73383.0,40621.0,66702.0,61464.0,ytd_report
2020-09,129353.0,51997.0,27156.0,50200.0,164300.0,ytd_report
2020-10,92903.0,42370.0,25794.0,24739.0,163523.0,ytd_report
2020-11,56798.0,28271.0,13266.0,15261.0,123148.0,ytd_report
2020-12,60059.0,25498.0,21047.0,13514.0,145331.0,ytd_report
2021-01,48857.0,28695.0,3533.0,16629.0,123894.0,ytd_report
2021-02,72561.0,31149.0,10086.0,31326.0,111176.0,ytd_report
2021-03,106302.0,42476.0,15414.0,48412.0,148654.0,ytd_report
2021-04,152003.0,53516.0,45506.0,52981.0,163175.0,ytd_report
2021-05,173515.0,58120.0,45528.0,69867.0,167846.0,ytd_report
2021-06,194773.0,72121.0,54691.0,67961.0,86402.0,ytd_report
2021-07,138016.0,73319.0,20036.0,44661.0,51780.0,ytd_report
2021-08,121001.0,67728.0,17259.0,36014.0,48306.0,ytd_report
2021-09,109841.0,55866.0,15624.0,38351.0,106368.0,ytd_report
2021-10,80399.0,45730.0,4445.0,30224.0,138794.0,ytd_report
2021-11,54679.0,29801.0,5636.0,19242.0,124347.0,ytd_report
2021-12,71505.0,37898.0,9056.0,24551.0,87126.0,ytd_report
2022-01,40940.0,22754.0,292.0,17894.0,88917.0,ytd_report
2022-02,52499.0,25674.0,726.0,26099.0,102907.0,ytd_report
2022-03,80733.0,41926.0,2511.0,36296.0,132948.0,ytd_report
2022-04,120450.0,63719.0,7106.0,49625.0,140555.0,ytd_report
2022-05,131975.0,77209.0,970.0,53796.0,149617.0,ytd_report
2022-06,120054.0,76119.0,2155.0,41780.0,59940.0,ytd_report
2022-07,109648.0,65134.0,2074.0,42440.0,18402.0,ytd_report
2022-08,93232.0,66137.0,986.0,26109.0,16330.0,ytd_report
2022-09,73539.0,49886.0,2856.0,20797.0,52244.0,ytd_report
2022-10,57142.0,39315.0,4051.0,13776.0,65733.0,ytd_report
2022-11,53645.0,33620.0,4094.0,15931.0,66836.0,ytd_report
2022-12,50237.0,29430.0,3004.0,17803.0,62819.0,ytd_report
2023-01,36553.0,27537.0,0.0,9016.0,40277.0,ytd_report
2023-02,44877.0,29920.0,0.0,14957.0,39917.0,ytd_report
2023-03,57932.0,36115.0,0.0,21817.0,91483.0,ytd_report
2023-04,79946.0,43368.0,0.0,36578.0,169320.0,ytd_report
2023-05,90008.0,44105.0,0.0,45903.0,165748.0,ytd_report
2023-06,94332.0,54943.0,69.0,39320.0,68340.0,ytd_report
2023-07,98550.0,65097.0,931.0,32522.0,21883.0,ytd_report
2023-08,80352.0,52020.0,983.0,27349.0,18365.0,ytd_report
2023-09,61931.0,43117.0,0.0,18814.0,55212.0,ytd_report
2023-10,53881.0,42233.0,0.0,11648.0,68519.0,ytd_report
2023-11,36081.0,27598.0,0.0,8483.0,50210.0,ytd_report
2023-12,39862.0,28791.0,0.0,11071.0,26958.0,ytd_report
2024-01,42934.0,27908.0,0.0,15026.0,47847.0,ytd_report
2024-02,40931.0,24557.0,0.0,16374.0,57634.0,ytd_report
2024-03,68872.0,39689.0,0.0,29183.0,136254.0,ytd_report
2024-04,88648.0,45398.0,0.0,43250.0,154977.0,ytd_report
2024-05,102102.0,52789.0,0.0,49313.0,160530.0,ytd_report
2024-06,103922.0,62977.0,0.0,40945.0,72131.0,ytd_report
2024-07,108958.0,72152.0,0.0,36806.0,22495.0,ytd_report
2024-08,92321.0,64869.0,0.0,27452.0,23063.0,ytd_report
2024-09,74349.0,57148.0,466.0,16735.0,68528.0,ytd_report
2024-10,61908.0,51612.0,921.0,9375.0,68129.0,ytd_report
2024-11,35397.0,27943.0,361.0,7093.0,41308.0,ytd_report
2024-12,38306.0,30683.0,235.0,7388.0,28755.0,ytd_report
2025-01,45781.0,27916.0,0.0,17865.0,34169.0,ytd_report
2025-02,42721.0,22110.0,0.0,20611.0,45868.0,ytd_report
2025-03,66026.0,38319.0,300.0,27407.0,169559.0,ytd_report
2025-04,90391.0,49851.0,500.0,40040.0,172312.0,ytd_report
2025-05,106310.0,56640.0,500.0,49170.0,170501.0,ytd_report
2025-06,111907.0,67006.0,683.0,44218.0,70698.0,ytd_report
2025-07,104927.0,66908.0,0.0,38019.0,13527.0,ytd_report
2025-08,91761.0,61161.0,0.0,30600.0,18407.0,ytd_report
2025-09,75824.0,54896.0,0.0,20928.0,79256.0,ytd_report
2025-10,50394.0,41327.0,0.0,9067.0,58449.0,ytd_report
2025-11,41277.0,32760.0,0.0,8517.0,32560.0,ytd_report
2025-12,44478.0,27423.0,0.0,17055.0,39372.0,ytd_report
2026-01,38274.0,22688.0,0.0,15586.0,,ytd_report
2026-02,44819.0,21633.0,0.0,23186.0,,ytd_report
2026-03,57464.0,26853.0,0.0,30611.0,,ytd_report
2026-04,79693.0,37503.0,559.0,41631.0,,ytd_report
2026-05,96750.0,53121.0,515.0,43114.0,,ytd_report
2026-06,104015.0,63316.0,697.0,40002.0,,ytd_report
2026-07,95529.0,60685.0,262.0,34582.0,,ytd_report
