year_month,gldas_surface_soil_mm,gldas_root_zone_mm,gldas_soil_moisture_mm,gldas_swe_mm,gldas_canopy_mm,gldas_tws_proxy_mm,gldas_evap_mm_day,gldas_rain_mm_day,gldas_runoff_mm_day,gldas_surface_runoff_mm_day,gldas_n_cells
2000-01,9.429366111755371,155.50400066375732,337.6162443161011,0.016034461557865143,0.0036025340668857098,337.6358813117258,0.111373628169531,0.09711201309983153,0.007839211000828072,8.020477253012359e-05,293
2000-02,12.724051475524902,157.34800624847412,338.83817958831787,0.06221887096762657,0.015040397644042969,338.91543885692954,0.3162829700158909,0.3977503933128901,0.008642463712021708,0.0013999093789607286,293
2000-03,17.585994720458984,170.41897583007812,351.6031188964844,0.13548482954502106,0.05161791294813156,351.7902216389775,0.8234871755121276,1.222110478556715,0.01830157730728388,0.0068188924342393875,293
2000-04,12.090285301208496,161.10575771331787,341.85636806488037,7.4399882578291e-05,0.000392077345168218,341.8568345421081,0.5084238509880379,0.052299028902780265,0.011645556511211907,5.1889652240788564e-05,293
2000-05,9.141313552856445,150.10954093933105,330.1721782684326,1.5000551684352104e-05,1.955576408363413e-05,330.1722128247484,0.32510282762814313,0.004119172024275031,0.009189146438444595,4.403831610488851e-07,293
2000-06,11.374048233032227,147.6009006500244,326.99024391174316,1.4220705679690582e-06,0.03235755115747452,327.0226028849712,0.5896208007470705,1.0622429370414466,0.014438990503549576,0.006714916788041592,293
2000-07,14.039467811584473,153.07445621490479,332.04473209381104,0.0,0.013452066108584404,332.0581841599196,0.8449831424513832,0.6027203795383684,0.01062469754833728,0.0015223725931718946,293
2000-08,18.077247619628906,162.31299209594727,340.96452713012695,0.0,0.06670381873846054,341.0312309488654,1.6415232326835394,2.2277833486441523,0.021983537822961807,0.009263817220926285,293
2000-09,13.684008598327637,159.09900188446045,337.5960874557495,1.848691567829519e-06,0.005831200163811445,337.6019205046049,0.7674476044485345,0.19995714974356815,0.015196775915683247,0.00018050511425826699,293
2000-10,18.468950271606445,177.55208778381348,356.6399173736572,0.001367664779536426,0.0984988883137703,356.73978392675053,0.7858909608330578,3.4408587380312383,0.10831414721906185,0.0869702398777008,293
2000-11,22.410171508789062,221.2158203125,411.3480224609375,0.21110039949417114,0.04719416797161102,411.6063170284033,0.8188571431674063,0.7908258063253015,0.04642969602718949,0.005315905902534723,293
2000-12,17.755456924438477,205.64041709899902,400.0580806732178,0.03454296663403511,0.003442874178290367,400.0960665140301,0.47242089203791693,0.08768678235355765,0.029991151994181564,4.6845754695823416e-05,293
2001-01,19.226036071777344,203.0012664794922,397.75941467285156,0.5430294275283813,0.07025492936372757,398.37269902974367,0.49131333507830277,1.2931934703374282,0.03468688763678074,0.010723331943154335,293
2001-02,21.15163803100586,212.81239700317383,408.8337593078613,0.45871925354003906,0.047490883618593216,409.33996944501996,0.860266704694368,0.8376719488296658,0.03612362639978528,0.006787978578358889,293
2001-03,19.886306762695312,212.98416137695312,410.6583557128906,0.06270643323659897,0.030002502724528313,410.75106464885175,1.0216491180472076,0.5981705384328961,0.035673977341502905,0.0026297434233129025,293
2001-04,16.840137481689453,201.29832458496094,399.43365478515625,0.012286120094358921,0.026651479303836823,399.47259238455445,1.0778497002320364,0.8172483678208664,0.03573332726955414,0.004994392395019531,293
2001-05,12.5311861038208,185.0431604385376,382.0396966934204,2.146867882402148e-05,0.007302309386432171,382.04702047148567,0.7665982295293361,0.26825283785001375,0.02716599963605404,0.0014993790537118912,293
2001-06,11.039215087890625,173.1842155456543,368.4276542663574,0.0,0.00668727234005928,368.4343415386975,0.5706993222702295,0.30033129805815406,0.020639242400648072,0.0003686098207253963,293
2001-07,16.76188850402832,178.54853630065918,372.3369884490967,0.0,0.04342879354953766,372.3804172426462,1.236361259361729,1.6070291341748089,0.03379368595778942,0.01441950723528862,293
2001-08,19.212432861328125,192.22848510742188,385.3894500732422,0.0,0.06194703280925751,385.45139710605145,1.6676837287377566,1.7920613230671734,0.036457549780607224,0.00851668231189251,293
2001-09,13.816851615905762,179.33784770965576,372.04875469207764,0.0,0.016676193103194237,372.06543088518083,0.8213649562094361,0.5087121622636914,0.026478285435587168,0.0027960785664618015,293
2001-10,14.646493911743164,173.12866401672363,364.6745777130127,1.1009577974618878e-05,0.018344834446907043,364.6929335570376,0.637454423122108,0.3605743870139122,0.019603001535870135,0.000979949370957911,293
2001-11,12.507408142089844,165.48685836791992,355.84447860717773,0.02963111735880375,0.005796373356133699,355.8799060978927,0.2941834078228567,0.2062659725197591,0.0150350438489113,0.00012026392505504191,293
2001-12,15.112103462219238,166.43546772003174,355.769024848938,0.23281514644622803,0.045259989798069,356.0470999851823,0.2995582835865207,0.5323747463990003,0.014635483035817742,0.00212880433537066,293
2002-01,15.914838790893555,168.02520561218262,356.5161724090576,0.14032503962516785,0.014681877568364143,356.67117932625115,0.3322986653074622,0.15384227590402588,0.012539262359496206,0.00022440165048465133,293
2002-02,14.31216049194336,166.32493591308594,354.0012969970703,0.09065654128789902,0.01839948631823063,354.11035302467644,0.3738918690942228,0.22374575710273348,0.01210742408875376,0.0009208215633407235,293
2002-03,11.542920112609863,159.95641422271729,346.7700128555298,0.00035203126026317477,0.004012977704405785,346.77437786449445,0.32468311037519015,0.1344795589830028,0.010003907475038432,0.00013970384316053241,293
2002-04,10.336685180664062,153.61613845825195,339.5054359436035,0.00013879407197237015,0.002753640292212367,339.5083283779677,0.3330320556415245,0.09878767996269744,0.008869089309882838,5.8385667216498405e-05,293
2002-05,9.186322212219238,146.5777711868286,331.5599031448364,3.1652541565563297e-06,3.634537279140204e-05,331.5599426554634,0.2846187853720039,0.004457214834019396,0.00797292093560742,1.0679290340931402e-07,293
2002-06,8.12342643737793,140.21008110046387,324.34521293640137,1.4220705679690582e-07,0.0004063993110321462,324.34561947791946,0.19022424748982303,0.023273692477232544,0.007177148816481349,2.549715463828761e-05,293
2002-07,13.884095191955566,147.18070697784424,330.6484956741333,0.0,0.036994509398937225,330.68549018353224,0.840379748842679,1.3778343214653432,0.01874724682420492,0.011620051227509975,293
2002-08,15.105778694152832,155.11327838897705,338.1562166213989,0.0,0.033682625740766525,338.1898992471397,1.0493154491996393,1.046952381148003,0.015576739329844713,0.005915277171880007,293
2002-09,16.551727294921875,165.36897659301758,348.18698501586914,0.0,0.04504694789648056,348.2320319637656,1.03637381689623,1.2829740182496607,0.024633307941257954,0.009866089560091496,293
2002-10,14.297211647033691,160.5129632949829,343.10591983795166,7.665419252589345e-05,0.017193039879202843,343.1231895320234,0.5423683585831895,0.44318986911093816,0.014660836895927787,0.00102763413451612,293
2002-11,13.696094512939453,155.90427780151367,337.96479415893555,0.01139306090772152,0.016373222693800926,337.99256044253707,0.3602508717449382,0.39307490224018693,0.012257340014912188,0.0009455938125029206,293
2002-12,18.651935577392578,164.60363388061523,346.1714897155762,0.41799888014793396,0.07055915147066116,346.66004774719477,0.44847883691545576,0.7723895221715793,0.01581316627562046,0.004746314138174057,293
2003-01,16.57699203491211,164.63446426391602,345.83081436157227,0.11507691442966461,0.013346224091947079,345.9592375000939,0.402003554336261,0.20556847375701182,0.011223629437154159,0.00020699328160844743,293
2003-02,20.60390281677246,180.38992881774902,361.4696559906006,0.187073215842247,0.1091143786907196,361.76584358513355,0.724243582226336,2.032116096233949,0.026755875907838345,0.013755018822848797,293
2003-03,19.439529418945312,194.0863151550293,376.7351493835449,0.14911800622940063,0.036087553948163986,376.9203549437225,0.9758623171364889,0.6649708229815587,0.02526028174906969,0.0024620620533823967,293
2003-04,12.429740905761719,177.83086395263672,361.36898040771484,6.157565076136962e-05,0.002855759346857667,361.37189774271246,0.5652235689922236,0.14735378899786156,0.01763426960678771,0.000359059136826545,293
2003-05,9.645062446594238,165.53954792022705,348.8348970413208,0.0,0.0014250935055315495,348.83632213482633,0.39547258493257686,0.055967616026464384,0.012629530887352303,3.1240779208019376e-05,293
2003-06,9.3819580078125,156.8514862060547,339.57037353515625,0.0,0.0017581199062988162,339.57213165506255,0.32736884895712137,0.07001372941886075,0.01023336689104326,0.0001265676983166486,293
2003-07,13.158736228942871,158.11183834075928,340.2600622177124,0.0,0.03741832450032234,340.2974805422127,0.8185576734831557,1.4056024141609669,0.016552969813346863,0.007364722900092602,293
2003-08,18.684926986694336,172.83796501159668,354.7859935760498,0.0,0.05782371014356613,354.84381728619337,1.374538819072768,1.6704793029930443,0.025879254564642906,0.01102747768163681,293
2003-09,17.971393585205078,179.36797714233398,361.54027938842773,0.0,0.03225476294755936,361.5725341513753,1.2271224113646895,1.0196339251706377,0.029903313145041466,0.00899815745651722,293
2003-10,14.485308647155762,168.74749279022217,350.77837657928467,6.13783995504491e-05,0.017025047913193703,350.7954630055974,0.6218235750566237,0.3980777590186335,0.0170327783562243,0.0017103017307817936,293
2003-11,16.949546813964844,170.78556442260742,352.44367599487305,0.002099829027429223,0.035888269543647766,352.4816640934441,0.5222176478127949,0.805812727776356,0.017253211699426174,0.0044082943350076675,293
2003-12,16.544565200805664,171.47425270080566,352.9110813140869,0.03676139935851097,0.016632746905088425,352.9644754603505,0.4318389779655263,0.36170724051771685,0.013540612300857902,0.0006889838259667158,293
2004-01,16.627878189086914,171.4373607635498,352.57577323913574,0.1670084297657013,0.03186064958572388,352.77464231848717,0.3427981384447776,0.5606536506093107,0.015686888247728348,0.004186450503766537,293
2004-02,19.3951416015625,178.10176849365234,359.0582046508789,0.35331159830093384,0.06292542070150375,359.47444166988134,0.6719023949699476,0.8451701636658981,0.015165167162194848,0.002655500778928399,293
2004-03,18.045991897583008,180.00438499450684,361.06232261657715,0.08182937651872635,0.04075146093964577,361.1849034540355,0.9380933828651905,0.7257069839397445,0.016434836201369762,0.002589222975075245,293
2004-04,16.915159225463867,177.34997749328613,358.64343452453613,0.03936035558581352,0.035984937101602554,358.71877981722355,1.0622190486174077,0.9859618556220084,0.021247461438179016,0.005008349195122719,293
2004-05,10.312776565551758,162.0251064300537,343.085973739624,9.633381523599382e-07,4.913024895358831e-05,343.08602383321113,0.4512935454840772,0.003959959963140136,0.013230541668804108,7.310360388146364e-07,293
2004-06,8.780784606933594,152.09265899658203,332.50342559814453,2.8441411359381163e-07,0.00300039816647768,332.5064262807251,0.298801161989104,0.09274938965972979,0.01004256353189703,0.00018118087609764189,293
2004-07,14.0634183883667,157.7403974533081,337.5719404220581,0.0,0.034768786281347275,337.60670920833945,0.8906629955163226,1.2399442086461931,0.02070960681885481,0.011159543879330158,293
2004-08,16.376087188720703,166.37946319580078,345.90489959716797,0.0,0.044416699558496475,345.94931629672647,1.1482902977149934,1.2648965319385752,0.020306547172367573,0.0067785028368234634,293
2004-09,16.608505249023438,166.04364776611328,345.3644790649414,4.26621141969008e-07,0.039124514907598495,345.4036040064701,1.0939486121060327,1.099179548327811,0.021923750638961792,0.005211109295487404,293
2004-10,17.131269454956055,166.7685260772705,345.6814136505127,4.0597820770926774e-05,0.05256473645567894,345.73401898478915,0.7497969665564597,1.1937189294258133,0.023347914684563875,0.00761727849021554,293
2004-11,21.084238052368164,187.5182933807373,367.1789379119873,0.057635948061943054,0.0771859884262085,367.31375984847546,0.7356393820373341,1.1932905879803002,0.029911829624325037,0.0074521624483168125,293
2004-12,21.401866912841797,198.62189865112305,380.282283782959,0.4731510281562805,0.09564608335494995,380.8510808944702,0.595344121393282,1.2693048891378567,0.03579889051616192,0.010815916582942009,293
2005-01,25.073270797729492,222.6460475921631,409.9987087249756,0.49447208642959595,0.1799856275320053,410.6731664389372,0.7432692189468071,2.2057214460801333,0.06521124020218849,0.017290573567152023,293
2005-02,26.238079071044922,252.72421646118164,458.14938735961914,0.2684765160083771,0.1603328138589859,458.5781966894865,0.9143534756731242,2.8438961366191506,0.15064217522740364,0.03160503879189491,293
2005-03,20.722747802734375,237.37738037109375,463.90602111816406,0.05961012467741966,0.022791892290115356,463.9884231351316,1.261890833848156,0.5504717992153019,0.16792328364681453,0.0019143343670293689,293
2005-04,15.293822288513184,214.49158382415771,438.90103816986084,0.00425767945125699,0.010475284419953823,438.91577113373205,1.0170775494771078,0.35242941667092964,0.09812080528354272,0.0009079169831238687,293
2005-05,12.076513290405273,198.30951118469238,418.0348834991455,4.541451289696852e-06,0.00551044475287199,418.04039848534967,0.7657732930965722,0.20820028657908551,0.06473755254410207,0.00044265552423894405,293
2005-06,10.996359825134277,186.28269863128662,401.31950283050537,0.0,0.0021370449103415012,401.3216398754157,0.5825489628477953,0.09988243182306178,0.0474315641913563,0.00012466893531382084,293
2005-07,12.821329116821289,182.6342601776123,393.9098949432373,0.0,0.037142518907785416,393.9470374621451,0.8358604362001643,1.2786961044184864,0.04726800508797169,0.009029103443026543,293
2005-08,21.103120803833008,212.78820991516113,423.80850410461426,0.0,0.07870505750179291,423.88720916211605,1.781164901331067,2.120205288520083,0.06689374521374702,0.015920892357826233,293
2005-09,14.786300659179688,198.15496826171875,409.6083984375,0.0,0.02039775252342224,409.6287961900234,0.9150073427008465,0.5030469910707325,0.05104633956216276,0.0037125812377780676,293
2005-10,15.675721168518066,190.7944803237915,400.3481912612915,0.001011917949654162,0.03035152144730091,400.37955470068846,0.7041272503556684,0.6707732740323991,0.047415939159691334,0.00813863892108202,293
2005-11,14.343883514404297,183.7298698425293,391.659236907959,0.0004442548379302025,0.0009659698698669672,391.6606471326668,0.4107328481040895,0.04324030178395333,0.035670168974320404,1.997155777644366e-05,293
2005-12,12.347146034240723,178.01208209991455,383.9763460159302,0.0008836561464704573,0.0026966857258230448,383.97992635780247,0.19035213699680753,0.07162220026657451,0.02968656123994151,7.01177996234037e-05,293
2006-01,12.18906021118164,175.33279037475586,379.3655662536621,0.017700375989079475,0.004284473601728678,379.3875511032529,0.21771257452201098,0.09809081966523081,0.025101318504312076,0.0001704073656583205,293
2006-02,11.137580871582031,171.91442108154297,374.2277145385742,0.0006764992140233517,0.0019989334978163242,374.23038997128606,0.21145123391761445,0.10411850162199698,0.021909331262577325,0.0003489566151984036,293
2006-03,16.432491302490234,176.46632385253906,377.2601623535156,0.11088339239358902,0.03588949143886566,377.4069352373481,0.7124821480829269,0.8709372079465538,0.022456743055954576,0.0027653782162815332,293
2006-04,13.819510459899902,170.02946758270264,369.3988370895386,2.758816845016554e-05,0.004596302751451731,369.4034609804585,0.6184667014167644,0.1634218089748174,0.019205974065698683,0.00015542434994131327,293
2006-05,9.808910369873047,159.03279495239258,356.74480056762695,1.513817210252455e-06,0.000498940353281796,356.74530102179745,0.36325983091956005,0.02808974904837669,0.017055574018741027,8.807663107290864e-06,293
2006-06,10.546391487121582,153.95938205718994,350.12434482574463,0.0,0.01239809487015009,350.1367429206148,0.4236388049321249,0.47265140747185796,0.01616522204130888,0.0011089500039815903,293
2006-07,17.55982208251953,166.89122009277344,361.95127868652344,0.0,0.07071361690759659,362.02199230343103,1.2199809512821957,2.3589029791764915,0.04143858887255192,0.02574971504509449,293
2006-08,20.868900299072266,203.88354110717773,399.85607528686523,0.0,0.07621942460536957,399.9322947114706,1.7411030712537467,2.2094071784522384,0.05037924274802208,0.018075846135616302,293
2006-09,19.021398544311523,206.42447471618652,405.87563133239746,1.848691567829519e-06,0.04020433872938156,405.9158375198184,1.447459019254893,1.3464823365211487,0.05033949017524719,0.01527680829167366,293
2006-10,16.75696563720703,196.12984466552734,396.2748031616211,0.0036597219295799732,0.02897350862622261,396.3074363921769,0.8124504878651351,0.8245640405220911,0.032886247150599957,0.006395789794623852,293
2006-11,14.494795799255371,187.36645030975342,386.90151500701904,0.0010290101636201143,0.0013081202050670981,386.90385213738773,0.4293836565921083,0.03231829232390737,0.023065215287715546,1.6341296941391192e-05,293
2006-12,12.999155044555664,181.5753345489502,379.98953437805176,0.03561047837138176,0.012858843430876732,380.038003699854,0.2127513063896913,0.24528091598767787,0.019136873772367835,0.0006249917205423117,293
2007-01,17.35736656188965,186.17523002624512,383.5850200653076,0.656121015548706,0.046789079904556274,384.2879301607609,0.3919785493053496,0.6368978778482415,0.023653757758438587,0.006584939546883106,293
2007-02,18.01694679260254,188.79555320739746,385.5644588470459,0.1512039750814438,0.023495491594076157,385.7391583137214,0.5698567445506342,0.42057888640556484,0.018602013937197626,0.0018394369399175048,293
2007-03,15.369421005249023,183.26911735534668,379.3332042694092,0.006434961222112179,0.019780578091740608,379.35941980872303,0.6817916524596512,0.5914290130021982,0.02268850151449442,0.006405639462172985,293
2007-04,13.341723442077637,176.77102947235107,371.906756401062,0.006127132568508387,0.004926393739879131,371.9178099273704,0.6242245188332163,0.19476283196127042,0.01661943324143067,0.0002517463290132582,293
2007-05,11.121868133544922,166.22239685058594,360.0379180908203,5.50478944205679e-07,0.005931492894887924,360.04385013419414,0.5309975080308504,0.16374086480936967,0.014364209433551878,0.00042428489541634917,293
2007-06,10.22323989868164,157.75085830688477,350.0967445373535,0.0,0.004656811710447073,350.10140134906396,0.4169383770204149,0.14055101019039284,0.012307014520047233,0.0004495142202358693,293
2007-07,14.614399909973145,162.06591892242432,353.12371921539307,0.0,0.07329690456390381,353.19701611995697,1.0867820848943666,2.3462168115656823,0.024491730146110058,0.013641471043229103,293
2007-08,18.9823055267334,195.64792442321777,387.61891746520996,0.0,0.05591617897152901,387.6748336441815,1.499787240754813,1.4710257353726774,0.031060232780873775,0.006607157178223133,293
2007-09,16.480825424194336,184.3967685699463,376.9439334869385,0.0,0.030832817777991295,376.97476630471647,1.180113764712587,0.8931327756727114,0.02469174307771027,0.0031348702032119036,293
2007-10,13.686592102050781,173.09083938598633,364.9388008117676,1.1147198165417649e-05,0.006244440097361803,364.9450563990631,0.5518500591279007,0.13036098644079175,0.018339685688260943,0.0002512760111130774,293
2007-11,11.576729774475098,164.81053638458252,355.5957841873169,0.005685295443981886,0.01976066641509533,355.621230149176,0.26951086983899586,0.5056078065535985,0.015999974217265844,0.002174209337681532,293
2007-12,22.120573043823242,199.02140617370605,389.65223503112793,0.23789800703525543,0.08438423275947571,389.97451727092266,0.6416816919227131,1.4821305521763861,0.04834464564919472,0.02847697213292122,293
2008-01,22.05643653869629,209.3742618560791,401.7822513580322,0.32239264249801636,0.07566014677286148,402.1803041473031,0.6688539491733536,1.3883323408663273,0.04984910972416401,0.022975221276283264,293
2008-02,20.876216888427734,209.55766677856445,404.5010414123535,0.38003572821617126,0.04250859096646309,404.92358573153615,0.7591283036163077,0.5839179109898396,0.02815294114407152,0.0018923938041552901,293
2008-03,14.978452682495117,196.2534351348877,392.53885078430176,0.005438594147562981,0.0012904051691293716,392.54557978361845,0.642464823613409,0.05957621688139625,0.024343837838387117,2.9223825549706817e-05,293
2008-04,10.368232727050781,181.15274810791016,376.90064239501953,8.816837362246588e-05,0.0002361063816351816,376.9009666697748,0.43654083274304867,0.0145564104514051,0.01884804379801608,2.9419795737339882e-06,293
2008-05,11.64921760559082,173.0154209136963,367.4903812408447,0.001133160782046616,0.011508449912071228,367.50302285153884,0.6022927846061066,0.38838848849991336,0.01702929614111781,0.0012783254496753216,293
2008-06,10.564388275146484,163.82727432250977,356.9802589416504,4.26621141969008e-07,0.004574544727802277,356.9848339129993,0.48327947733923793,0.20677037973655388,0.01556502457242459,0.0008856792701408267,293
2008-07,17.66880226135254,176.9934253692627,369.11827278137207,0.0,0.07787566632032394,369.1961484476924,1.3792382378596812,2.2568665619473904,0.03248089551925659,0.01645987294614315,293
2008-08,18.874940872192383,191.9093189239502,385.29590034484863,0.0,0.06781663000583649,385.36371697485447,1.6795543895568699,2.1163903700653464,0.03712130896747112,0.012113185599446297,293
2008-09,17.31943702697754,188.89239311218262,382.84095573425293,0.0,0.017444411292672157,382.8584001455456,1.2640150176594034,0.6204127828823403,0.03431427339091897,0.007038370240479708,293
2008-10,12.914177894592285,174.22403812408447,367.30855655670166,4.1285920815425925e-06,0.008012549951672554,367.3165732352454,0.522077814093791,0.1769591195625253,0.019931203743908554,0.0007476891041733325,293
2008-11,12.75819206237793,168.74981880187988,360.63687324523926,0.008037685416638851,0.045325882732868195,360.69023681338876,0.3246170046622865,0.6228207595995627,0.018221528502181172,0.0036909396294504404,293
2008-12,21.327178955078125,187.08999252319336,378.2315330505371,0.5968762636184692,0.11345566064119339,378.9418649747968,0.5893729190574959,1.2753222574247047,0.02461080951616168,0.0077883522026240826,293
2009-01,19.8707332611084,194.35429573059082,385.96862983703613,0.17755256593227386,0.035486020147800446,386.1816684231162,0.5333098524715751,0.32904292456805706,0.022473569842986763,0.0013992766616865993,293
2009-02,17.862707138061523,189.2499942779541,381.01470375061035,0.07866726815700531,0.03712766617536545,381.1304986849427,0.6461953074904159,0.7363040931522846,0.021474307868629694,0.003255386371165514,293
2009-03,14.971556663513184,183.24854946136475,374.8301992416382,0.005945034325122833,0.004656556062400341,374.8408008320257,0.6022899164236151,0.11387465383450035,0.01862839379464276,0.00014073544298298657,293
2009-04,11.55470085144043,172.10215187072754,362.9153995513916,0.010796358808875084,0.004832025151699781,362.9310279353522,0.4670782931498252,0.20860194999841042,0.01506921743566636,0.00021972694958094507,293
2009-05,12.389849662780762,164.79187297821045,354.60290813446045,1.7890565686684567e-06,0.013485192321240902,354.61639511583826,0.6271253514569253,0.3619722920120694,0.013679106021299958,0.0006160850170999765,293
2009-06,12.157347679138184,158.59730434417725,347.43266201019287,1.4220705679690582e-07,0.01166959572583437,347.44433174812576,0.5558241813560016,0.3989615914179012,0.012916267733089626,0.0008716302691027522,293
2009-07,14.218270301818848,158.9797830581665,346.93699741363525,0.0,0.028223207220435143,346.9652206208557,0.8961816929513589,1.0235194087726995,0.016796665731817484,0.005265686195343733,293
2009-08,14.774672508239746,160.47605800628662,347.76197719573975,0.0,0.02421335130929947,347.78619054704905,0.9510921430774033,0.8340861706528813,0.019680803641676903,0.0055649783462285995,293
2009-09,15.401213645935059,159.7982816696167,346.43989849090576,0.0,0.027238352224230766,346.46713684313,0.9307666303357109,0.7938212103908882,0.020268010441213846,0.004238311666995287,293
2009-10,11.53643798828125,150.58311462402344,336.45921325683594,0.019032122567296028,0.007553905248641968,336.4857992846519,0.34723254502750933,0.22199058657861315,0.013689105107914656,0.0006634217570535839,293
2009-11,12.684061050415039,148.7897663116455,333.9645709991455,0.006969140842556953,0.008603555150330067,333.9801436951384,0.25309351112809964,0.18260551005369052,0.011672894761431962,0.0009336120565421879,293
2009-12,15.508089065551758,151.38748359680176,335.94722175598145,0.29646605253219604,0.044997841119766235,336.2886856496334,0.2942492974398192,0.732100909226574,0.012927039293572307,0.003492853371426463,293
2010-01,22.73239517211914,181.97044372558594,366.72947692871094,1.0216588973999023,0.15359799563884735,367.9047338217497,0.7758245046716183,2.8059823787771165,0.04243687726557255,0.022105269134044647,293
2010-02,22.129638671875,212.92543029785156,403.2558135986328,0.48712122440338135,0.046829838305711746,403.7897646613419,0.7407438824884593,1.2500995391746983,0.06398683227598667,0.029796605929732323,293
2010-03,20.846559524536133,214.35643196105957,409.10818672180176,0.14690367877483368,0.032235123217105865,409.2873255237937,1.1413136991905048,0.7506674795877188,0.04242244642227888,0.008990219794213772,293
2010-04,15.239913940429688,198.10001754760742,394.82099533081055,0.0015972696710377932,0.01096248533576727,394.83355508581735,0.8433333481661975,0.32411807842436247,0.0313908300595358,0.0010331637458875775,293
2010-05,11.065287590026855,182.38452816009521,378.5621862411499,9.90862008620752e-06,0.00023102226259652525,378.5624271720326,0.5484821449499577,0.014081140579946805,0.02302517109865221,6.855664196336875e-06,293
2010-06,9.613893508911133,170.74853706359863,365.65677070617676,5.688282271876233e-07,0.001724473899230361,365.6584957489042,0.40221843228209764,0.09255723125534132,0.01880063518183306,0.0002817849745042622,293
2010-07,13.247625350952148,173.87677192687988,367.57751655578613,0.0,0.05388567969202995,367.63140223547816,0.9133864659816027,2.081314619863406,0.04335968755185604,0.02726273611187935,293
2010-08,18.33521842956543,194.31805992126465,388.2233028411865,0.0,0.04610142856836319,388.2694042697549,1.6491958172991872,1.436652964912355,0.03042076388373971,0.007462626788765192,293
2010-09,15.027749061584473,183.9021692276001,377.8295679092407,5.972696271783207e-06,0.02063124254345894,377.85020512448045,0.945454475004226,0.5069292528787628,0.02810574881732464,0.003565562888979912,293
2010-10,15.974130630493164,180.09138298034668,373.22530937194824,0.002201227704063058,0.024593746289610863,373.2521043459419,0.7556324213510379,0.7258081954205409,0.027994818054139614,0.0047745415940880775,293
2010-11,14.210617065429688,174.53015899658203,366.72753143310547,0.01741979643702507,0.004645051434636116,366.74959628097713,0.3506112640025094,0.10207793711742852,0.01889056441723369,0.00016549145220778883,293
2010-12,16.322351455688477,179.08449745178223,370.6188144683838,0.12763693928718567,0.05266235023736954,370.79911375790834,0.35968733282061294,1.1745094147045165,0.040687695145606995,0.02386021614074707,293
2011-01,18.491655349731445,188.3000774383545,381.3903636932373,0.2819558382034302,0.010884330607950687,381.6832038620487,0.40582314832136035,0.05069305298093241,0.025315633094578516,5.171639350010082e-05,293
2011-02,15.952409744262695,181.86418342590332,374.7754535675049,0.03289508447051048,0.027699993923306465,374.8360486458987,0.43307422165526077,0.5651137922541238,0.02568479022011161,0.004018218722194433,293
2011-03,15.18389892578125,178.23931884765625,370.60118103027344,0.016114719212055206,0.005232274532318115,370.6225280240178,0.6277944630710408,0.19831821919069625,0.021210499049630016,0.00068845966598019,293
2011-04,12.470389366149902,168.54632091522217,359.94248485565186,0.00019653013441711664,0.006901279557496309,359.94958266534377,0.5334837507689372,0.24221476996899582,0.018828681320883334,0.000556493760086596,293
2011-05,10.313240051269531,159.2436866760254,349.4944038391113,0.00016032697749324143,0.002423524856567383,349.4969876909454,0.39547804626636207,0.12266841295058839,0.01606826757779345,0.00022524496307596564,293
2011-06,9.349781036376953,151.97872161865234,341.14957427978516,5.688282271876233e-07,0.0012287684949114919,341.1508036171083,0.2986004481499549,0.04246071111992933,0.013938734928160557,2.7614334612735547e-05,293
2011-07,14.418710708618164,155.72490882873535,344.0010013580322,0.0,0.036394309252500534,344.0373956672847,0.9817605576245114,1.493699778802693,0.023661342449486256,0.010560779832303524,293
2011-08,16.260028839111328,166.969482421875,354.6036834716797,0.0,0.041434381157159805,354.64511785283685,1.3252475706394762,1.4561583346221596,0.026910988613963127,0.011024603620171547,293
2011-09,16.85700798034668,172.78528022766113,359.93672370910645,2.8441411359381163e-07,0.028527546674013138,359.9652515401946,1.2212956004077569,1.2130158254876733,0.03263812139630318,0.012547148391604424,293
2011-10,14.56914234161377,167.9756784439087,354.71914768218994,6.880986802570987e-07,0.018740957602858543,354.7378893278915,0.645793997682631,0.48578587593510747,0.02007328497711569,0.0018138621235266328,293
2011-11,16.446866989135742,171.65648078918457,357.78682136535645,0.06369354575872421,0.02724725566804409,357.8777621667832,0.497940722561907,0.9047537081642076,0.02863361593335867,0.01245760265737772,293
2011-12,19.655620574951172,186.42429733276367,372.38244247436523,0.5406469702720642,0.04826055467128754,372.9713499993086,0.4569100754451938,1.082904773647897,0.05274612456560135,0.03520296514034271,293
2012-01,18.0709285736084,186.52974891662598,373.101526260376,0.07379169762134552,0.018018564209342003,373.19333652220666,0.48793496971484274,0.3143655900203157,0.01682978100143373,0.0007030011620372534,293
2012-02,17.162376403808594,182.2606544494629,368.99487686157227,0.05686095356941223,0.01934726908802986,369.0710850842297,0.5576776951784268,0.3893683067872189,0.01617861189879477,0.0019906333182007074,293
2012-03,14.962960243225098,176.14293003082275,362.6408853530884,0.009251348674297333,0.013495266437530518,362.6636319682002,0.6383229323546402,0.5074952670838684,0.01815875107422471,0.005335636902600527,293
2012-04,12.324945449829102,168.08865928649902,354.05695152282715,0.0004178043163847178,0.005344283301383257,354.0627136104449,0.5417129592387937,0.20176035250187851,0.01243987207999453,0.0004312525852583349,293
2012-05,11.063264846801758,158.65326499938965,343.843542098999,1.2661015716730617e-05,0.0036635196302086115,343.84721827964495,0.517578657309059,0.13644372374983504,0.011565754597540945,0.0009541506296955049,293
2012-06,8.858513832092285,149.11043643951416,333.4530725479126,0.0,0.0027009244076907635,333.4557734723203,0.29210519351181574,0.09074985391634982,0.009592466201866046,0.00019377018907107413,293
2012-07,15.338197708129883,158.0157985687256,341.6964168548584,0.0,0.04784304276108742,341.7442598976195,1.1566739558475092,1.9778511836193502,0.029879992827773094,0.019670629873871803,293
2012-08,17.606077194213867,171.07134819030762,354.53356742858887,0.0,0.04447045177221298,354.5780378803611,1.4033328567165881,1.5457196510396898,0.033912462182343006,0.015619012527167797,293
2012-09,17.058786392211914,180.7639560699463,365.03867530822754,0.0,0.02834126725792885,365.06701657548547,1.1780324071878567,1.1632558453129604,0.03811058774590492,0.01635189913213253,293
2012-10,12.946157455444336,168.07311058044434,352.9412441253662,6.192887667566538e-06,0.007320241536945105,352.9485705597908,0.4933266813168302,0.23170844069682062,0.016246596933342516,0.0005132114747539163,293
2012-11,13.038894653320312,162.5772247314453,347.0956268310547,0.006816411390900612,0.010573334991931915,347.1130165774375,0.2926923261838965,0.20572229477693327,0.013214943115599453,0.0005357508780434728,293
2012-12,15.717236518859863,163.7151803970337,347.7259225845337,0.24947208166122437,0.0373583622276783,348.0127530284226,0.338890848797746,0.647245415893849,0.014462803257629275,0.003521443111822009,293
2013-01,19.641019821166992,174.75947380065918,358.4651927947998,0.380746454000473,0.04710699990391731,358.8930462487042,0.5774780554929748,0.8843195188092068,0.01873108884319663,0.0067869215272367,293
2013-02,17.756057739257812,176.51807022094727,360.2757453918457,0.06787481904029846,0.01439058780670166,360.3580107986927,0.5293246111250482,0.3069074511586223,0.014874402550049126,0.001330803264863789,293
2013-03,14.5008544921875,168.76921844482422,352.4004898071289,0.0027428988832980394,0.009646152146160603,352.41287885815836,0.5537271470529959,0.2946559507108759,0.013394067878834903,0.0011889793677255511,293
2013-04,12.233994483947754,160.6902093887329,343.8700342178345,5.005688581150025e-05,0.004627986345440149,343.8747122610657,0.5117950262501836,0.2027825845289044,0.012447407352738082,0.0010421023471280932,293
2013-05,9.477001190185547,151.11000061035156,333.6162414550781,1.4174831449054182e-05,0.0009122123592533171,333.6171678422688,0.3230353002436459,0.04987749707652256,0.009681107167125447,3.5079818189842626e-05,293
2013-06,8.576026916503906,144.1975975036621,326.0033073425293,0.0,0.0011872724862769246,326.0044946150156,0.23145291706896387,0.05899601401324617,0.008286106916784775,8.003185939742252e-05,293
2013-07,17.073598861694336,165.18869590759277,346.6039638519287,0.0,0.061594925820827484,346.66555877774954,1.4599169895518571,2.6321206998545676,0.047106074169278145,0.03672316297888756,293
2013-08,16.91289710998535,175.82201194763184,357.56171226501465,0.0,0.04936649650335312,357.611078761518,1.3457988447044045,1.7455840366892517,0.03140027076005936,0.01572127640247345,293
2013-09,19.116661071777344,192.66637420654297,376.06844329833984,0.0,0.04452561214566231,376.1129689104855,1.497060974361375,1.4157350349705666,0.045382777228951454,0.023391664028167725,293
2013-10,11.99941349029541,175.2971887588501,360.2271509170532,0.00011422437091823667,0.004922699183225632,360.23218784060737,0.43993039580527693,0.1618253216292942,0.01712853682693094,0.00031870638485997915,293
2013-11,15.738924980163574,175.452956199646,360.3238515853882,0.018380403518676758,0.047744497656822205,360.3899764865637,0.4770147381350398,0.9733463317388669,0.02289967518299818,0.00891912542283535,293
2013-12,19.70269775390625,187.35516357421875,372.5478057861328,0.14788562059402466,0.03843523561954498,372.7341266423464,0.5972274564555846,0.5498951373738237,0.018404558766633272,0.001990624237805605,293
2014-01,15.171045303344727,178.7232151031494,364.14426612854004,0.007229164708405733,0.007223851978778839,364.1587191452272,0.3222444087441545,0.21282360030454583,0.015751880477182567,0.0013360761804506183,293
2014-02,15.903380393981934,176.21364498138428,361.38866329193115,0.008617747575044632,0.010828925296664238,361.40810996480286,0.459156530268956,0.24039714771788567,0.013707451056689024,0.001024396624416113,293
2014-03,14.932323455810547,174.31270599365234,359.0974807739258,0.003966201096773148,0.01685015857219696,359.11829713359475,0.6227001780644059,0.551542456378229,0.023379791527986526,0.010157238692045212,293
2014-04,11.938196182250977,164.7434597015381,348.8837184906006,1.5500569134019315e-05,0.0034762234427034855,348.8872102146124,0.47610383480787277,0.11509028190630488,0.012025196221657097,0.0002796734916046262,293
2014-05,10.241930961608887,155.93755626678467,339.2761640548706,1.9681514459080063e-05,0.004134520888328552,339.2803182572734,0.43392013903940096,0.1945763018738944,0.010841505893040448,0.0007436595042236149,293
2014-06,9.331315994262695,148.64203453063965,331.15338706970215,4.26621141969008e-07,0.00041601250995881855,331.1538035088332,0.30887506363797,0.03010804339282913,0.008839837752020685,2.9939703381387517e-05,293
2014-07,15.038657188415527,155.3274564743042,337.1553373336792,0.0,0.0421067513525486,337.19744408503175,1.0857414454221725,1.6280770360026509,0.026284909807145596,0.0174546018242836,293
2014-08,19.178653717041016,177.31075286865234,359.1294174194336,0.0,0.05315425992012024,359.1825716793537,1.6651455836836249,2.2151397715788335,0.04844767041504383,0.03086952306330204,293
2014-09,18.718196868896484,186.201904296875,369.3528594970703,0.0,0.056467022746801376,369.4093265198171,1.3695510104298592,2.1696023060940206,0.07563847862184048,0.04884214699268341,293
2014-10,17.779056549072266,187.68737411499023,373.66604232788086,0.00035918751382268965,0.02208009362220764,373.6884816090169,0.9259557060431689,0.5299319585901685,0.029491526074707508,0.0021769097074866295,293
2014-11,14.344096183776855,176.6373815536499,362.6232213973999,0.04099075496196747,0.006702573969960213,362.67091472633183,0.3898852475685999,0.15083976031746715,0.01882757293060422,0.0005274550057947636,293
2014-12,19.294109344482422,186.69574737548828,372.2850112915039,0.03256138041615486,0.05623840168118477,372.37381107360125,0.5171535769477487,0.9162620350252837,0.0221284250728786,0.005189846735447645,293
2015-01,17.483301162719727,184.63774299621582,370.01057624816895,0.00882803089916706,0.04075489938259125,370.0601591784507,0.3844056831439957,1.0823210788657889,0.04918919503688812,0.03424542769789696,293
2015-02,19.33530044555664,197.1063003540039,383.4937515258789,0.014841998927295208,0.02408774569630623,383.5326812705025,0.7737219304544851,0.4418227283167653,0.019941037520766258,0.0024371854960918427,293
2015-03,17.557170867919922,190.7772102355957,378.2596321105957,0.011556066572666168,0.025647224858403206,378.2968354020268,0.9210696589434519,0.5925500401644967,0.021527941105887294,0.003043201519176364,293
2015-04,12.767181396484375,176.93827056884766,364.25855255126953,0.00025910124531947076,0.005195064935833216,364.2640067174507,0.5947940197074786,0.22689535544486716,0.017750143073499203,0.001910344697535038,293
2015-05,12.558395385742188,168.63967514038086,355.08979415893555,3.990971890743822e-06,0.010775281116366386,355.1005734310238,0.6572088139364496,0.39733470330247656,0.01409844122827053,0.0011385753750801086,293
2015-06,11.329237937927246,160.17145824432373,345.60674571990967,0.0,0.01916082203388214,345.62590654194355,0.6147772757685743,0.7458549051079899,0.015048184199258685,0.0036395189817994833,293
2015-07,17.082304000854492,173.08745002746582,357.83328437805176,0.0,0.04632633924484253,357.8796107172966,1.3777577842120081,1.653523393906653,0.024764840491116047,0.011916866526007652,293
2015-08,17.14305305480957,173.37590980529785,357.8973331451416,0.0,0.042966365814208984,357.9402995109558,1.435596530791372,1.4339037530589849,0.026958082802593708,0.010591703467071056,293
2015-09,17.181133270263672,177.54018783569336,361.88622665405273,0.0,0.03161533176898956,361.9178419858217,1.1462390364613384,0.9629752981709316,0.028569769114255905,0.007702665403485298,293
2015-10,16.465993881225586,173.94779777526855,357.93356132507324,3.784542059293017e-05,0.03614309802651405,357.96974226852035,0.8103478350676596,1.1617701267823577,0.02996319066733122,0.01335132960230112,293
2015-11,16.94478988647461,176.6788330078125,360.4822998046875,0.017346274107694626,0.01736854389309883,360.5170146226883,0.5263165556243621,0.390535342739895,0.018405715003609657,0.00261683389544487,293
2015-12,16.85371971130371,174.5217685699463,357.92811012268066,0.13532932102680206,0.027216007933020592,358.0906554516405,0.35863494558725506,0.36167836224194616,0.014702076790854335,0.0017976758535951376,293
2016-01,20.1599063873291,182.7294864654541,365.8845615386963,0.47108593583106995,0.07016501575708389,366.42581249028444,0.6038044739398174,0.9087785147130489,0.017359245102852583,0.004183145705610514,293
2016-02,15.83289623260498,178.3084592819214,361.56201457977295,0.05795398727059364,0.008150391280651093,361.6281189583242,0.5142718786373734,0.1911430874315556,0.013772163772955537,0.0005322678480297327,293
2016-03,13.064030647277832,169.23920154571533,352.18784046173096,0.0005532312789000571,0.006160312797874212,352.19455400580773,0.47846513480180874,0.2006003494898323,0.011500099528348073,0.00030420892289839685,293
2016-04,13.648093223571777,164.71808910369873,347.09250926971436,4.152446490479633e-05,0.013651379384100437,347.10620217356336,0.6523054005810991,0.4694365678005852,0.013186827767640352,0.002436449285596609,293
2016-05,10.67298412322998,155.47687435150146,337.1197576522827,4.954310497851111e-06,0.004191291518509388,337.1239538981117,0.42882773996097967,0.1413583642715821,0.010201970173511654,0.0004937630728818476,293
2016-06,10.34108829498291,148.7583131790161,329.6051912307739,0.0,0.013281925581395626,329.6184731563553,0.4385465959785506,0.4792094085132703,0.01062150695361197,0.0024467736948281527,293
2016-07,13.707159996032715,150.95244121551514,331.123064994812,0.0,0.029942886903882027,331.1530078817159,0.8865192969096825,1.370658678933978,0.027288767509162426,0.01945323310792446,293
2016-08,17.707326889038086,181.17060661315918,362.8455181121826,0.0,0.04270915687084198,362.88822726905346,1.4412981632631272,1.65364503627643,0.03547261282801628,0.018148599192500114,293
2016-09,16.984174728393555,174.19998359680176,356.4196949005127,1.4220705679690582e-07,0.035222169011831284,356.4549172117316,1.1350703338393942,1.2096241407562047,0.03365771099925041,0.017152253538370132,293
2016-10,14.322490692138672,166.13519287109375,347.8328552246094,0.0,0.01231463998556137,347.84516986459494,0.589389460219536,0.2873727513360791,0.01580440136604011,0.0015989828389137983,293
2016-11,13.941903114318848,161.14160251617432,342.09080600738525,0.05073080211877823,0.022456098347902298,342.16399290785193,0.3743857465451583,0.6129993955255486,0.019092857837677002,0.008254239335656166,293
2016-12,19.68036651611328,176.00821685791016,356.5253677368164,0.1332482397556305,0.07336656004190445,356.73198253661394,0.5678604895365424,1.3157245761249214,0.02692540269345045,0.012534333392977715,293
2017-01,22.523544311523438,203.99794006347656,386.00538635253906,0.300333172082901,0.06656855344772339,386.3722880780697,0.6804196396842599,1.1286355467746034,0.03550519421696663,0.0092422254383564,293
2017-02,20.410757064819336,206.31364250183105,391.99328422546387,0.08126447349786758,0.0385003499686718,392.1130490489304,0.7816610595909879,0.9937567898305133,0.04137619864195585,0.01538375299423933,293
2017-03,16.16482925415039,195.12055587768555,383.13874435424805,0.009754486382007599,0.010709167458117008,383.15920800808817,0.787743492401205,0.28462251793826,0.024271813919767737,0.0020837930496782064,293
2017-04,10.936260223388672,179.4757537841797,367.6520233154297,1.919795249705203e-05,0.0017227957723662257,367.65376530915455,0.46006487973500043,0.09963448137568776,0.0169967120164074,0.00025808304781094193,293
2017-05,10.523067474365234,169.65069198608398,357.12234115600586,2.752394721028395e-07,0.004099719226360321,357.1264411504717,0.48229199746856466,0.2346053246583324,0.01665224670432508,0.0030113046523183584,293
2017-06,10.356282234191895,161.63036060333252,348.19557666778564,0.0,0.002042022068053484,348.1976186898537,0.4346967878518626,0.08682401930855121,0.011897032833076082,0.00014395335165318102,293
2017-07,16.002817153930664,172.27760124206543,358.1559429168701,0.0,0.07000631093978882,358.2259492278099,1.3279262173455209,2.4950028746388853,0.032523518428206444,0.01950554922223091,293
2017-08,17.870031356811523,191.08723258972168,378.47547721862793,0.0,0.030340513214468956,378.5058177318424,1.5511189063545316,1.2515939015429467,0.037325186654925346,0.010847089812159538,293
2017-09,14.5087890625,176.45235061645508,363.976016998291,0.0,0.018298789858818054,363.99431578814983,0.9235282806912437,0.5526681590708904,0.023556974483653903,0.002794344676658511,293
2017-10,11.334452629089355,164.22859477996826,350.8701810836792,3.041395939362701e-05,0.005951172672212124,350.8761626703108,0.3996345534687862,0.15527648502029479,0.01571084844181314,0.0006253561587072909,293
2017-11,11.838335990905762,159.97022533416748,345.71963024139404,3.796927921939641e-05,0.007251009810715914,345.726919220484,0.2473711923812516,0.17097135641961358,0.012545789097202942,0.000412045483244583,293
2017-12,14.63651180267334,161.38276195526123,346.3571729660034,0.060317765921354294,0.019302446395158768,346.43679317831993,0.32052646565716714,0.31310514168580994,0.011882149032317102,0.0007337707793340087,293
2018-01,15.993173599243164,162.07779502868652,346.2926540374756,0.006126417312771082,0.023130780085921288,346.3219112348743,0.41360307368449867,0.40807981858961284,0.01165340084116906,0.0013571408344432712,293
2018-02,15.945125579833984,163.1749153137207,346.68747329711914,0.01563749462366104,0.03643059730529785,346.7395413890481,0.4486686084419489,0.6213339802343398,0.0151929697021842,0.00531951617449522,293
2018-03,15.135810852050781,163.3629150390625,346.2209777832031,0.001223989762365818,0.014225917868316174,346.2364276908338,0.5795180797576904,0.40058627928374335,0.011186213348992169,0.0015149434329941869,293
2018-04,11.371138572692871,154.459792137146,336.5963125228882,8.105802407953888e-06,0.0017146189929917455,336.5980352476836,0.42629112722352147,0.08146627897076542,0.009137402739725076,0.00019376676937099546,293
2018-05,9.308943748474121,146.0336675643921,327.40762996673584,5.64240917810821e-06,0.0013986706035211682,327.40903427974854,0.31014344858704135,0.06518643094750587,0.008086694171652198,0.0002030606847256422,293
2018-06,9.74736213684082,141.0961856842041,321.7573490142822,0.0,0.005584969185292721,321.7629339834675,0.3244592349801678,0.20462277898332104,0.007824710686691105,0.0007873662980273366,293
2018-07,14.512032508850098,146.14147663116455,326.220685005188,0.0,0.04072827100753784,326.2614132761955,1.0090728843351826,1.7476648441515863,0.02236112067475915,0.015458074398338795,293
2018-08,18.250944137573242,165.79364585876465,345.65106773376465,0.0,0.046088945120573044,345.6971566788852,1.5375696122646332,1.6619346337392926,0.025459122844040394,0.012656696140766144,293
2018-09,14.186966896057129,162.6677598953247,342.3126268386841,0.0,0.020179975777864456,342.33280681446195,0.8466679049888626,0.7469456788385287,0.025743959471583366,0.010895492509007454,293
2018-10,19.556163787841797,184.1162872314453,364.2618408203125,2.7248705009697005e-05,0.05360613390803337,364.31547420292554,1.0424693726236,2.001693402417004,0.06733806245028973,0.04381995648145676,293
2018-11,16.371240615844727,182.09786415100098,363.3188877105713,0.0014520762488245964,0.011857366189360619,363.3321971530095,0.4906519243377261,0.2463369572069496,0.01955273386556655,0.0009910670341923833,293
2018-12,17.762277603149414,181.49231910705566,362.94419288635254,0.04418804123997688,0.03300704434514046,363.02138797193766,0.3984327064245008,0.47049583081388846,0.016463871346786618,0.0022452252451330423,293
2019-01,18.704002380371094,184.29714584350586,365.79580307006836,0.06778129190206528,0.04470744729042053,365.90829180926085,0.5044429708505049,0.7042845682008192,0.017241754103451967,0.004415567498654127,293
2019-02,19.68878936767578,193.01658248901367,374.9073143005371,0.0630245953798294,0.045629750937223434,375.01596864685416,0.6916706945048645,1.1570858740014955,0.030154363252222538,0.015001625753939152,293
2019-03,18.063962936401367,193.45191383361816,376.6553897857666,0.0036272432189434767,0.020246118307113647,376.67926314729266,0.9035486000357196,0.5800672777695581,0.0220676411408931,0.0031901199836283922,293
2019-04,12.436884880065918,178.76497173309326,362.3852262496948,0.00013680319534614682,0.0038800626061856747,362.38924311549636,0.5528690497158095,0.14930784636817407,0.016007872705813497,0.00015445280587300658,293
2019-05,12.452958106994629,169.93101978302002,353.1091356277466,2.5046792870853096e-05,0.011075828224420547,353.1202365027639,0.6185299978824332,0.379798753419891,0.01485527167096734,0.002172549720853567,293
2019-06,10.510469436645508,160.1288547515869,342.61858558654785,0.0,0.0040579065680503845,342.6226434931159,0.4516521468758583,0.15329610323533416,0.011899800854735076,0.0006422240985557437,293
2019-07,11.668407440185547,155.88952255249023,337.6153678894043,0.0,0.024968747049570084,337.64033663645387,0.6230067199794576,0.9259343321900815,0.014736023265868425,0.0050302171148359776,293
2019-08,15.117448806762695,163.4628505706787,344.6514492034912,0.0,0.02773228846490383,344.6791814919561,1.0390844458015636,0.8266909746453166,0.014631563797593117,0.003704753704369068,293
2019-09,16.412689208984375,162.8502960205078,343.5722351074219,0.0,0.03954852372407913,343.61178363114595,1.0393085569376126,1.1367075552698225,0.018215814605355263,0.005898219533264637,293
2019-10,12.440793991088867,156.16034507751465,336.3913326263428,4.5552125811809674e-05,0.004380807746201754,336.3957589862148,0.419542686722707,0.11401758165447973,0.012314375402638689,0.00046775295049883425,293
2019-11,16.545757293701172,162.1721420288086,341.8633499145508,0.06324943155050278,0.07472357898950577,342.0013229250908,0.5652605803334154,2.17882496654056,0.04745048005133867,0.03675442561507225,293
2019-12,22.518028259277344,202.2091293334961,383.46414947509766,0.1602071225643158,0.0667174905538559,383.6910740882158,0.6611764139961451,1.274318472133018,0.04459247924387455,0.021572692319750786,293
2020-01,21.172277450561523,207.759916305542,393.72660636901855,0.06960008293390274,0.04082168638706207,393.8370281383395,0.607742095598951,0.46274690539576113,0.026582273188978434,0.002890117932111025,293
2020-02,18.449291229248047,201.0124740600586,389.52811431884766,0.015475756488740444,0.02969287522137165,389.57328295055777,0.7023006503004581,0.9161161899100989,0.034887734800577164,0.014606181532144547,293
2020-03,20.90258026123047,213.69931030273438,405.0207214355469,0.016573544591665268,0.040103599429130554,405.07739857956767,1.139804013655521,1.318380277371034,0.0542933214455843,0.026749100536108017,293
2020-04,14.061948776245117,197.384370803833,391.43199348449707,1.2798634998034686e-05,0.006767733488231897,391.4387740166203,0.7576843112474307,0.20087936864001676,0.026971001643687487,0.0007989783771336079,293
2020-05,10.560635566711426,180.97573566436768,374.43224811553955,0.0,0.0022321920841932297,374.43448030762374,0.5642886593705043,0.09708727993711364,0.020938301866408437,0.000708982755895704,293
2020-06,10.042288780212402,170.65094661712646,362.8265905380249,0.0,0.004231115337461233,362.83082165336236,0.45973574597155675,0.13433676867862232,0.017329804017208517,0.0003834994276985526,293
2020-07,12.293405532836914,167.79625511169434,358.7359218597412,0.0,0.023559078574180603,358.7594809383154,0.6891540018841624,0.7172217214247212,0.01830456987954676,0.0035522712860256433,293
2020-08,14.237228393554688,167.90713500976562,357.83775329589844,0.0,0.028153402730822563,357.86590669862926,1.0564739612163976,1.006768987281248,0.019578187726438046,0.00527531560510397,293
2020-09,12.26545238494873,160.07912731170654,349.10100841522217,1.4220705679690582e-07,0.005524331703782082,349.106532889133,0.5931865802267566,0.15559850726276636,0.016272057662717998,0.0016520580975338817,293
2020-10,10.120960235595703,150.85635375976562,338.9255828857422,4.431355046108365e-05,0.007552019786089659,338.93317921907874,0.27939071733271703,0.1631551465834491,0.013261065410915762,0.0006347704329527915,293
2020-11,13.570252418518066,151.53684329986572,338.8482446670532,0.00021771900355815887,0.00782679207623005,338.856289178133,0.3270484376116656,0.25853787155938335,0.013342149439267814,0.0011044106213375926,293
2020-12,13.487279891967773,150.25931358337402,336.8267879486084,0.16388651728630066,0.029699917882680893,337.0203743837774,0.25210758321918547,0.4309315321734175,0.01389566552825272,0.0026152462232857943,293
2021-01,16.52518653869629,155.6806354522705,341.60461616516113,0.04990270361304283,0.030163725838065147,341.68468259461224,0.39663604547968134,0.6671151233604178,0.01603491324931383,0.0043641673400998116,293
2021-02,16.855478286743164,159.67184257507324,345.05676078796387,0.058281172066926956,0.015703773126006126,345.1307457331568,0.5566290798014961,0.34064770879922435,0.013891201466321945,0.0007300926372408867,293
2021-03,15.243972778320312,156.66863250732422,341.43212127685547,0.016481751576066017,0.017406364902853966,341.4660093933344,0.6156853894935921,0.5559870391152799,0.014463160652667284,0.0016698292456567287,293
2021-04,11.936458587646484,149.4034652709961,333.4544906616211,8.816837180347648e-06,0.004182678647339344,333.4586821571056,0.4400182093377225,0.1874555673566647,0.012152419745689258,0.00030525712645612657,293
2021-05,10.14184856414795,142.51863384246826,325.8332395553589,2.752394721028395e-07,0.001417937339283526,325.83465776793764,0.3287976753199473,0.07381906598311616,0.010402466170489788,0.00011134427040815353,293
2021-06,12.118882179260254,141.40474796295166,324.0794153213501,0.0,0.013276278972625732,324.0926916003227,0.5895816677366383,0.6966191343963146,0.017420675605535507,0.007909292355179787,293
2021-07,18.866857528686523,164.16146278381348,346.4800052642822,0.0,0.07126984745264053,346.55127511173487,1.6114747384563088,2.8334773262031376,0.038959283381700516,0.02520977146923542,293
2021-08,19.33265495300293,187.3749942779541,370.3046360015869,0.0,0.05998365208506584,370.364619653672,1.7509982222691178,2.2279974014963955,0.049124231562018394,0.021994488313794136,293
2021-09,15.564156532287598,180.23832416534424,364.1541566848755,0.0,0.028254875913262367,364.18241156078875,0.9839287464274094,0.6640542618697509,0.02522281836718321,0.0037643583491444588,293
2021-10,15.45372200012207,175.23554039001465,358.9072017669678,1.3073874470137525e-05,0.012792510911822319,358.92000735175407,0.7063849421683699,0.3387691278476268,0.02037064905744046,0.0012273973552510142,293
2021-11,13.052864074707031,166.66772842407227,349.70447158813477,8.447098662145436e-05,0.00918129924684763,349.71373735836823,0.3274419090303127,0.1793290241039358,0.014042674127267674,0.0004843310744035989,293
2021-12,17.604732513427734,172.7952537536621,355.22765731811523,0.01332227885723114,0.059419821947813034,355.3003994189203,0.4612129778251983,1.3711795094422996,0.030252001248300076,0.018555501475930214,293
2022-01,19.518095016479492,186.32880973815918,368.9069347381592,0.09184355288743973,0.023489197716116905,369.02226748876274,0.5830904599861242,0.29627268231706694,0.015427669481141493,0.00039509960333816707,293
2022-02,16.23589324951172,179.2756118774414,362.00862884521484,0.030215900391340256,0.018833786249160767,362.05767853185534,0.543653461500071,0.46393767261179164,0.014879600494168699,0.0015719052171334624,293
2022-03,16.6447811126709,176.64282417297363,359.16612434387207,0.002237834734842181,0.02789827063679695,359.1962604492437,0.9371826366987079,1.0069090174511075,0.023275339044630527,0.011447546072304249,293
2022-04,15.584294319152832,178.48610401153564,361.11281299591064,0.0009562002960592508,0.021849246695637703,361.13561844290234,1.0635680373525247,0.747877563117072,0.023636368568986654,0.005743329878896475,293
2022-05,9.795331954956055,163.0220241546631,345.51720237731934,0.0,0.0001989706070162356,345.51740134792635,0.4056897189002484,0.01768284478202986,0.014626626328663406,5.448640422400786e-06,293
2022-06,10.748320579528809,156.38257122039795,338.3804044723511,0.0,0.01491518784314394,338.3953196601942,0.48561720323050395,0.5399883564678021,0.013307963032275438,0.0019292286597192287,293
2022-07,14.92734146118164,160.05853271484375,341.61134338378906,0.0,0.03948987275362015,341.6508332565427,1.0139137477381155,1.4878724177833647,0.02130039967596531,0.010474755428731441,293
2022-08,21.843456268310547,194.58494186401367,377.3110008239746,0.0,0.08912782371044159,377.40012864768505,2.152280998416245,3.077635250519961,0.05713100545108318,0.02884572558104992,293
2022-09,18.48113250732422,193.0107650756836,379.28902435302734,0.0,0.04377956688404083,379.3328039199114,1.4511607820168138,1.354586484376341,0.03906587138772011,0.009756192564964294,293
2022-10,18.368667602539062,191.87593841552734,379.4019088745117,0.00018895190441980958,0.03409193083643913,379.4361897572526,0.9888009633868933,0.8714631461771205,0.03372279740869999,0.006766855716705322,293
2022-11,16.46734046936035,184.95284461975098,372.9584140777588,0.00951094925403595,0.016010766848921776,372.98393579386175,0.500293614459224,0.38259413122432306,0.024201784282922745,0.0024688635021448135,293
2022-12,17.531103134155273,186.06247520446777,373.74127769470215,0.02515798807144165,0.04784395918250084,373.8142796419561,0.35067074932157993,1.0445494728628546,0.04038882628083229,0.02238284796476364,293
2023-01,22.271617889404297,210.70808029174805,399.54128646850586,0.17421872913837433,0.048246148973703384,399.76375134661794,0.7267693115863949,1.2323009344981983,0.05191862769424915,0.02682027593255043,293
2023-02,19.070781707763672,207.21358108520508,399.6736488342285,0.08587731420993805,0.021174229681491852,399.78070037811995,0.6752156565198675,0.6071657873690128,0.03618299961090088,0.009120779111981392,293
2023-03,19.374589920043945,205.60521125793457,399.83484077453613,0.0708228275179863,0.03677910566329956,399.9424427077174,0.9919541567796841,0.957211822969839,0.032274385914206505,0.006861288100481033,293
2023-04,13.063828468322754,192.44436359405518,387.4241762161255,4.920363790006377e-05,0.001705290051177144,387.42593070981457,0.6620984757319093,0.0908288566279225,0.025254452586523257,0.0002224277559434995,293
2023-05,11.052956581115723,179.30347537994385,373.3694086074829,3.4404931739118183e-06,0.006059548351913691,373.375471596328,0.563622651679907,0.20749316172441468,0.020654745283536613,0.0007707959739491343,293
2023-06,9.853211402893066,169.02721500396729,361.7468194961548,1.848691567829519e-06,0.001972411759197712,361.74879375660555,0.40561620699008927,0.06466914637712762,0.016950208257185295,0.00018639818881638348,293
2023-07,11.091324806213379,164.3865556716919,355.7849168777466,0.0,0.018984613940119743,355.8039014916867,0.6568353215698153,0.8735045848879963,0.018553150817751884,0.004188330844044685,293
2023-08,16.754587173461914,172.88847160339355,363.29240226745605,0.0,0.041289471089839935,363.3336917385459,1.3029743655351922,1.464753138134256,0.027314359322190285,0.011655963957309723,293
2023-09,14.577969551086426,170.98379611968994,360.9322519302368,0.0,0.010524559766054153,360.94277649000287,0.8394495147513226,0.39323693490587175,0.02130300784483552,0.004203053656965494,293
2023-10,11.23674488067627,159.866192817688,349.12116718292236,5.7662669860292226e-05,0.00975496880710125,349.1309798143993,0.35500936646712944,0.19575335682020523,0.014565885328920558,0.0003926412027794868,293
2023-11,13.47613525390625,158.8250961303711,347.3412551879883,0.00024544939515180886,0.017569096758961678,347.3590697341424,0.2991676803503651,0.3191680276358966,0.014843092998489738,0.002052881522104144,293
2023-12,16.35039520263672,164.67188262939453,352.52527618408203,0.037695422768592834,0.04914166405797005,352.6121132709086,0.3494178643450141,0.9884480590699241,0.03062491025775671,0.01771552488207817,293
