year_month,grace_groundwater_anomaly,grace_available
2000-01,0.0,0
2000-02,0.0,0
2000-03,0.0,0
2000-04,0.0,0
2000-05,0.0,0
2000-06,0.0,0
2000-07,0.0,0
2000-08,0.0,0
2000-09,0.0,0
2000-10,0.0,0
2000-11,0.0,0
2000-12,0.0,0
2001-01,0.0,0
2001-02,0.0,0
2001-03,0.0,0
2001-04,0.0,0
2001-05,0.0,0
2001-06,0.0,0
2001-07,0.0,0
2001-08,0.0,0
2001-09,0.0,0
2001-10,0.0,0
2001-11,0.0,0
2001-12,0.0,0
2002-01,0.0,0
2002-02,0.0,0
2002-03,0.0,0
2002-04,-0.013615,1
2002-05,-0.015343,1
2002-06,-0.012632,0
2002-07,-0.009921,0
2002-08,-0.00721,1
2002-09,-0.025673,1
2002-10,-0.039172,1
2002-11,-0.021398,1
2002-12,-0.007163,1
2003-01,-0.02018,1
2003-02,0.016128,1
2003-03,0.033438,1
2003-04,0.005386,1
2003-05,-0.007138,1
2003-06,-0.021651,0
2003-07,-0.036163,1
2003-08,-0.033301,1
2003-09,-0.027178,1
2003-10,-0.025365,1
2003-11,-0.011471,1
2003-12,-0.014178,1
2004-01,-0.026486,1
2004-02,-0.015661,1
2004-03,-0.001303,1
2004-04,0.011616,1
2004-05,-0.006918,1
2004-06,-0.03373,1
2004-07,-0.032415,1
2004-08,-0.010904,1
2004-09,-0.026698,1
2004-10,-0.018841,1
2004-11,-0.004559,1
2004-12,0.017745,1
2005-01,0.049413,1
2005-02,0.068638,1
2005-03,0.085448,1
2005-04,0.057614,1
2005-05,0.036593,1
2005-06,0.015095,1
2005-07,-0.003179,1
2005-08,0.011106,1
2005-09,-0.004636,1
2005-10,-0.001075,1
2005-11,-0.003173,1
2005-12,-0.000977,1
2006-01,0.000634,1
2006-02,-0.018001,1
2006-03,-0.015506,1
2006-04,0.001153,1
2006-05,-0.01187,1
2006-06,-0.009105,1
2006-07,-0.026061,1
2006-08,0.011224,1
2006-09,0.016345,1
2006-10,0.007964,1
2006-11,0.000388,1
2006-12,-0.000481,1
2007-01,-0.009806,1
2007-02,0.010462,1
2007-03,0.006806,1
2007-04,0.004189,1
2007-05,-0.003601,1
2007-06,-0.012194,1
2007-07,-0.021659,1
2007-08,-0.003703,1
2007-09,0.007904,1
2007-10,-0.026622,1
2007-11,-0.025592,1
2007-12,0.006094,1
2008-01,0.00984,1
2008-02,0.018477,1
2008-03,0.014741,1
2008-04,-0.001023,1
2008-05,-0.018867,1
2008-06,-0.024687,1
2008-07,0.006523,1
2008-08,-0.001364,1
2008-09,0.007201,1
2008-10,-0.013776,1
2008-11,-0.011611,1
2008-12,-0.004771,1
2009-01,0.003088,1
2009-02,0.006909,1
2009-03,-0.002573,1
2009-04,-0.017635,1
2009-05,-0.011996,1
2009-06,-0.023533,1
2009-07,-0.023939,1
2009-08,-0.040325,1
2009-09,-0.036232,1
2009-10,-0.032307,1
2009-11,-0.041177,1
2009-12,-0.018536,1
2010-01,-0.0084,1
2010-02,0.039186,1
2010-03,0.034362,1
2010-04,0.030066,1
2010-05,0.01005,1
2010-06,-0.003755,1
2010-07,-0.007228,1
2010-08,0.003601,1
2010-09,-0.014582,1
2010-10,-0.008381,1
2010-11,-0.0137,1
2010-12,-0.003474,1
2011-01,-0.003889,0
2011-02,-0.004304,1
2011-03,0.009305,1
2011-04,-0.003983,1
2011-05,-0.025773,1
2011-06,-0.031374,0
2011-07,-0.036975,1
2011-08,-0.019042,1
2011-09,-0.03161,1
2011-10,-0.031649,1
2011-11,-0.034731,1
2011-12,-0.02954,0
2012-01,-0.02435,1
2012-02,-0.019841,1
2012-03,-0.03058,1
2012-04,-0.039923,1
2012-05,-0.060968,0
2012-06,-0.082012,1
2012-07,-0.060826,1
2012-08,-0.056719,1
2012-09,-0.052478,1
2012-10,-0.05236,0
2012-11,-0.052243,1
2012-12,-0.051938,1
2013-01,-0.052927,1
2013-02,-0.053384,1
2013-03,-0.059256,0
2013-04,-0.065128,1
2013-05,-0.063352,1
2013-06,-0.075253,1
2013-07,-0.069283,1
2013-08,-0.066406,0
2013-09,-0.063529,0
2013-10,-0.060652,1
2013-11,-0.051832,1
2013-12,-0.045652,1
2014-01,-0.043305,1
2014-02,-0.049764,0
2014-03,-0.056223,1
2014-04,-0.05516,1
2014-05,-0.075308,1
2014-06,-0.076335,1
2014-07,-0.078402,0
2014-08,-0.08047,1
2014-09,-0.065707,1
2014-10,-0.070809,1
2014-11,-0.078017,1
2014-12,-0.06953,0
2015-01,-0.061043,1
2015-02,-0.038216,1
2015-03,-0.037168,1
2015-04,-0.057573,1
2015-05,-0.060387,0
2015-06,-0.063202,0
2015-07,-0.066016,1
2015-08,-0.074166,1
2015-09,-0.074916,1
2015-10,-0.06796,0
2015-11,-0.061003,0
2015-12,-0.054047,1
2016-01,-0.039769,1
2016-02,-0.04608,1
2016-03,-0.042371,1
2016-04,-0.06074,0
2016-05,-0.07911,1
2016-06,-0.078084,1
2016-07,-0.083166,1
2016-08,-0.107755,1
2016-09,-0.102901,0
2016-10,-0.098048,0
2016-11,-0.093194,1
2016-12,-0.062238,1
2017-01,-0.029457,1
2017-02,-0.0442,0
2017-03,-0.058943,1
2017-04,-0.0387,1
2017-05,-0.059219,1
2017-06,-0.083263,1
2017-07,-0.086053,0
2017-08,-0.088843,0
2017-09,-0.091632,0
2017-10,-0.094422,0
2017-11,-0.097212,0
2017-12,-0.100002,0
2018-01,-0.102792,0
2018-02,-0.105582,0
2018-03,-0.108372,0
2018-04,-0.111161,0
2018-05,-0.113951,0
2018-06,-0.116741,1
2018-07,-0.117858,1
2018-08,-0.109383,0
2018-09,-0.100909,0
2018-10,-0.092434,1
2018-11,-0.09923,1
2018-12,-0.090754,1
2019-01,-0.057617,1
2019-02,-0.045674,1
2019-03,-0.035324,1
2019-04,-0.066257,1
2019-05,-0.068723,1
2019-06,-0.070637,1
2019-07,-0.092902,1
2019-08,-0.092622,1
2019-09,-0.093495,1
2019-10,-0.098986,1
2019-11,-0.100005,1
2019-12,-0.040897,1
2020-01,-0.042972,1
2020-02,-0.049646,1
2020-03,-0.05344,1
2020-04,-0.053785,1
2020-05,-0.071256,1
2020-06,-0.09013,1
2020-07,-0.099088,1
2020-08,-0.117118,1
2020-09,-0.13402,1
2020-10,-0.130966,1
2020-11,-0.121894,1
2020-12,-0.1341,1
2021-01,-0.133016,1
2021-02,-0.124022,1
2021-03,-0.119595,1
2021-04,-0.115411,1
2021-05,-0.132639,1
2021-06,-0.144782,1
2021-07,-0.12351,1
2021-08,-0.115339,1
2021-09,-0.121462,1
2021-10,-0.138118,1
2021-11,-0.131357,1
2021-12,-0.125988,1
2022-01,-0.119799,1
2022-02,-0.096091,1
2022-03,-0.124647,1
2022-04,-0.138908,1
2022-05,-0.136886,1
2022-06,-0.160465,1
2022-07,-0.151836,1
2022-08,-0.135166,1
2022-09,-0.121045,1
2022-10,-0.13326,1
2022-11,-0.12184,1
2022-12,-0.115022,1
2023-01,-0.082345,1
2023-02,-0.091848,1
2023-03,-0.072291,1
2023-04,-0.065902,1
2023-05,-0.096841,1
2023-06,-0.075787,1
2023-07,-0.112408,1
2023-08,-0.124527,1
2023-09,-0.122924,1
2023-10,-0.12757,1
2023-11,-0.129402,1
2023-12,-0.119617,1
