year_month,grace_groundwater_anomaly
2000-01,-0.018079869263551367
2000-02,-0.018079869263551367
2000-03,-0.018079869263551367
2000-04,-0.018079869263551367
2000-05,-0.018079869263551367
2000-06,-0.018079869263551367
2000-07,-0.018079869263551367
2000-08,-0.018079869263551367
2000-09,-0.018079869263551367
2000-10,-0.018079869263551367
2000-11,-0.018079869263551367
2000-12,-0.018079869263551367
2001-01,-0.018079869263551367
2001-02,-0.018079869263551367
2001-03,-0.018079869263551367
2001-04,-0.018079869263551367
2001-05,-0.018079869263551367
2001-06,-0.018079869263551367
2001-07,-0.018079869263551367
2001-08,-0.018079869263551367
2001-09,-0.018079869263551367
2001-10,-0.018079869263551367
2001-11,-0.018079869263551367
2001-12,-0.018079869263551367
2002-01,-0.018079869263551367
2002-02,-0.018079869263551367
2002-03,-0.018079869263551367
2002-04,-0.018079869263551367
2002-05,-0.018523820090759334
2002-06,-0.02037394532861012
2002-07,-0.022224070566460905
2002-08,-0.02407419580431169
2002-09,-0.048034293710687515
2002-10,-0.04851751527353353
2002-11,-0.030319118368388298
2002-12,-0.012619113277460202
2003-01,-0.017203468363932443
2003-02,0.01264448341524078
2003-03,0.03504153939863154
2003-04,0.007662852622841229
2003-05,-0.004337886284076474
2003-06,-0.024319802568033712
2003-07,-0.044301718851990954
2003-08,-0.04971370325992594
2003-09,-0.04312583535691222
2003-10,-0.04313873995895733
2003-11,-0.02644542924035724
2003-12,-0.02547892067252937
2004-01,-0.034583980650594454
2004-02,-0.019274917062080114
2004-03,-0.006608840292797175
2004-04,0.009208298544230265
2004-05,-0.009018826406007758
2004-06,-0.037694168847875714
2004-07,-0.04288651975623272
2004-08,-0.028517590661484054
2004-09,-0.04416950340997719
2004-10,-0.037494637378287315
2004-11,-0.014399620778862402
2004-12,0.012485592237214726
2005-01,0.049965642136440405
2005-02,0.07709504888413116
2005-03,0.09922982540439819
2005-04,0.07649691223007181
2005-05,0.056677420875904536
2005-06,0.02877177241244233
2005-07,0.0010621869223108138
2005-08,0.010211441853325412
2005-09,-0.007783732787636315
2005-10,-0.004379443727815072
2005-11,-0.002797694392089285
2005-12,0.002585321293602346
2006-01,0.008277561911315779
2006-02,-0.007628810145221894
2006-03,-0.004802929691928961
2006-04,0.015393838570941355
2006-05,-0.0003433700800032229
2006-06,-0.00021654403997200885
2006-07,-0.023201886929951093
2006-08,0.002831400780751949
2006-09,0.0010599649119987235
2006-10,0.0004619574130012963
2006-11,-0.005353480287104392
2006-12,-0.0005964157720823424
2007-01,-0.005414699165304878
2007-02,0.010035387972779542
2007-03,0.008870506208248904
2007-04,0.006805236506425206
2007-05,-0.0008381725058358615
2007-06,-0.010247860755813304
2007-07,-0.025207776658398844
2007-08,-0.010778133753823927
2007-09,-0.009131705490799018
2007-10,-0.035266346121337507
2007-11,-0.04019506737764331
2007-12,-0.0031260522776328788
2008-01,0.012006245251587177
2008-02,0.026239206111197816
2008-03,0.026682186268735506
2008-04,0.004804581250228386
2008-05,-0.011129949241248539
2008-06,-0.019029957689137032
2008-07,-0.0016003648764150481
2008-08,-0.014745346952687841
2008-09,-0.006343562233210508
2008-10,-0.026735074668414877
2008-11,-0.022912926905092106
2008-12,-0.011844862685630798
2009-01,0.006170057882135551
2009-02,0.012190206410490852
2009-03,0.003283764113730234
2009-04,-0.012017207200109906
2009-05,-0.008212939441194098
2009-06,-0.018243979881838884
2009-07,-0.02927375166014507
2009-08,-0.04279561264614373
2009-09,-0.045738378604120125
2009-10,-0.0506237430016317
2009-11,-0.05402509577915758
2009-12,-0.02575718227949768
2010-01,-0.007882210863371897
2010-02,0.032236245637476985
2010-03,0.043244066869713244
2010-04,0.03873082871728339
2010-05,0.018941433288981326
2010-06,0.0018137212797869073
2010-07,-0.010517689579507706
2010-08,-0.006437392936124405
2010-09,-0.027063463619951995
2010-10,-0.015952195609650954
2010-11,-0.017169348576236716
2010-12,0.001188389521476184
2011-01,0.004635833352751036
2011-02,0.008083277184025888
2011-03,0.025147797460657272
2011-04,0.016373245724770155
2011-05,-0.005981407042403564
2011-06,-0.01729065032642827
2011-07,-0.028599893610452978
2011-08,-0.014524266519045684
2011-09,-0.031956770802647624
2011-10,-0.028666202876896738
2011-11,-0.029468859946582476
2011-12,-0.028332931184545426
2012-01,-0.02719700242250838
2012-02,-0.013666519674346417
2012-03,-0.022854123416025537
2012-04,-0.022449482365620443
2012-05,-0.04446665850806779
2012-06,-0.06648383465051513
2012-07,-0.060263046342108315
2012-08,-0.05888377144908821
2012-09,-0.059444949131164666
2012-10,-0.05763544062242681
2012-11,-0.05582593211368895
2012-12,-0.054214655945885114
2013-01,-0.04893890247430656
2013-02,-0.04654649822439971
2013-03,-0.050813459022979734
2013-04,-0.05508041982155975
2013-05,-0.059618904240103375
2013-06,-0.07511398702474675
2013-07,-0.07285311287185417
2013-08,-0.07108474645110734
2013-09,-0.06931638003036052
2013-10,-0.06754801360961368
2013-11,-0.053523692672463576
2013-12,-0.04652727794517755
2014-01,-0.04324319462557092
2014-02,-0.04904387461290492
2014-03,-0.05484455460023893
2014-04,-0.05533108383785967
2014-05,-0.07291906252371386
2014-06,-0.07494942149975861
2014-07,-0.08357504971876388
2014-08,-0.09220067793776915
2014-09,-0.08379937385960919
2014-10,-0.09053224637498365
2014-11,-0.09502473006670575
2014-12,-0.08673176775613668
2015-01,-0.07843880544556761
2015-02,-0.04956189047259216
2015-03,-0.04194678254480713
2015-04,-0.061432472116619855
2015-05,-0.06689976782498644
2015-06,-0.07236706353335304
2015-07,-0.07783435924171962
2015-08,-0.0832968205621814
2015-09,-0.08921769944466416
2015-10,-0.07923382697016887
2015-11,-0.06924995449567359
2015-12,-0.0592660820211783
2016-01,-0.039958270428318406
2016-02,-0.04339024687610398
2016-03,-0.039872586704575684
2016-04,-0.05615997710268217
2016-05,-0.07244736750078866
2016-06,-0.07604141272232899
2016-07,-0.08644821656252472
2016-08,-0.11491194462140204
2016-09,-0.11100664893972807
2016-10,-0.10710135325805412
2016-11,-0.10319605757638015
2016-12,-0.0715713193920231
2017-01,-0.03503596578535322
2017-02,-0.035665954153984075
2017-03,-0.036295942522614935
2017-04,-0.01900895059012407
2017-05,-0.04350903061230765
2017-06,-0.07880736802790982
2017-07,-0.08200153705743249
2017-08,-0.08519570608695516
2017-09,-0.08838987511647783
2017-10,-0.09158404414600052
2017-11,-0.0947782131755232
2017-12,-0.09797238220504587
2018-01,-0.10116655123456854
2018-02,-0.10436072026409121
2018-03,-0.1075548892936139
2018-04,-0.11074905832313656
2018-05,-0.11394322735265924
2018-06,-0.11713739638218192
2018-07,-0.12155832455884966
2018-08,-0.11487764672435034
2018-09,-0.10819696888985102
2018-10,-0.1015162910553517
2018-11,-0.10758874777508037
2018-12,-0.09543206043200875
2019-01,-0.05952141996871127
2019-02,-0.040714063406338305
2019-03,-0.025720221304701068
2019-04,-0.05392520831539388
2019-05,-0.05466018493126869
2019-06,-0.05877109878139548
2019-07,-0.08592955281579619
2019-08,-0.08681618341328355
2019-09,-0.09508834522997035
2019-10,-0.10116800928708655
2019-11,-0.10157183595973808
2019-12,-0.04173129601870817
2020-01,-0.0416826583241516
2020-02,-0.046213078165639784
2020-03,-0.05259631379727988
2020-04,-0.05100272767979344
2020-05,-0.06784249641059523
2020-06,-0.08847467080813286
2020-07,-0.09984014835366715
2020-08,-0.12134615367818616
2020-09,-0.13970138033386717
2020-10,-0.13609017423064595
2020-11,-0.12513699819715327
2020-12,-0.1361653878003103
