year_month,depth_to_water_anomaly_ft,n_wells,depth_to_water_anomaly_ft_allwells,n_wells_all,depth_to_water_ft_mean
2000-01,0.0490957681729066,5,6.119647291356521,11,147.8556101661779
2000-02,0.03257222349363289,5,5.8599633413634535,11,147.59592621618484
2000-03,0.04024195510767936,4,5.381952316298255,10,160.79547995037223
2000-04,0.23493777810188954,4,5.6736390325927095,10,161.08716666666666
2000-05,0.544996917886835,4,7.14724655947443,10,162.56077419354838
2000-06,0.4902711114352223,4,7.838394120312008,10,163.25192175438596
2000-07,0.23925449668009854,6,6.797723526886036,12,137.2895758064516
2000-08,-0.9368114405452388,8,5.3912238474480665,14,118.69824584114043
2000-09,0.049006574544407225,5,7.322260718084196,14,177.1095238095238
2000-10,-0.9894665437351623,5,6.8485122541825,14,176.6357753456221
2000-11,-0.8727934254555919,5,6.482070241893723,14,176.26933333333335
2000-12,-0.4916811709636034,5,6.468541592384339,14,176.64163763892654
2001-01,-0.4498633341514603,5,5.278385921956967,13,173.38644334160466
2001-02,-0.385785126367068,6,4.896039445533792,14,161.7213350340136
2001-03,-0.27900546738383314,8,4.79952974486407,17,147.51963694834006
2001-04,-0.27403121441797623,9,3.152550650998899,17,128.69641362789457
2001-05,-0.012996952236000503,12,4.21125426362769,21,121.55732067474541
2001-06,0.5764446802730278,15,4.461921696578561,24,108.03190046296295
2001-07,0.1397514617816938,16,4.086693386940977,25,103.74711746003496
2001-08,-0.6296412552412194,17,3.4355635125087294,26,100.37305799091314
2001-09,0.03058453117729515,16,4.137341512951706,25,104.54407605911331
2001-10,0.3934386978439618,16,3.953108236300759,22,82.01571467361791
2001-11,0.42867444345799627,16,3.9829623204358273,22,82.04556875775296
2001-12,0.11049696116875571,15,3.7717655219165636,22,88.23341054778554
2002-01,-0.09283222842531362,17,3.1918502620252465,24,81.72145579029433
2002-02,-0.16275809951816758,17,3.252462924111878,24,81.78206845238095
2002-03,-0.18253039553334838,17,3.227958689174175,24,81.75756421744326
2002-04,-0.017463981871109063,17,3.494408360619815,24,82.02401388888889
2002-05,0.39240319080441305,17,3.772531568505117,24,82.30213709677419
2002-06,0.9823307142805384,18,4.245692314816034,25,80.04237333333333
2002-07,1.036111381495395,17,4.568007665943488,24,83.12111559139785
2002-08,0.5552052662518642,18,4.002846906021375,25,79.79952792453868
2002-09,1.1371455290953532,18,8.449417748581693,28,110.64975000000001
2002-10,1.1303428805466285,17,9.150118974258456,29,125.5573920517747
2002-11,0.9485438383491042,17,8.89385992740986,29,125.3011330049261
2002-12,0.7462714891567972,18,8.015458234713208,30,120.86390338471318
2003-01,0.3304931993462497,18,7.614283911027834,30,120.4627290610278
2003-02,0.082768544968369,18,7.077524192580673,28,105.17506802721088
2003-03,0.010477623304105354,17,7.891898747666089,27,111.48407085964612
2003-04,0.06234185043366783,16,8.164517752772474,24,101.4529375
2003-05,0.383155694519689,16,8.801100182312373,27,124.03744324970131
2003-06,1.0814876837670004,16,9.669832858536983,27,124.90617592592592
2003-07,1.2879893897223358,16,9.973890410023545,28,129.72099175824175
2003-08,0.6363226132088216,11,11.653389644276341,23,154.683251853336
2003-09,0.9877988212498614,10,12.240276507013665,22,161.55309466134702
2003-10,1.0358878361745347,9,8.415805216781779,19,147.39784859774886
2003-11,0.447812467982195,7,7.8055228174220534,16,159.99710294117648
2003-12,-0.16249722066465921,9,6.433115104839126,18,142.53283557862648
2004-01,-0.6523120729951818,9,6.202338251446138,19,145.08732417786948
2004-02,-0.7381662852833955,9,6.155191502347424,18,140.28222807577694
2004-03,-1.1867817630887434,7,6.556965476340696,15,151.77343010752688
2004-04,-1.4546318120744377,5,8.449953411987332,14,177.35430952380952
2004-05,-0.9689328873432551,5,8.907898661054704,14,177.8122547728769
2004-06,-0.04518243611609929,6,8.6466574843355,16,172.54630303030302
2004-07,0.23054874667959938,6,9.017025091862383,16,172.91667063782992
2004-08,0.1171616499054055,6,9.342444880441565,15,174.14064784946237
2004-09,0.1780397861061238,6,14.633270957262717,16,184.26040667450366
2004-10,0.21071003700218074,6,13.60631728154953,17,182.10369702719797
2004-11,-0.1137379916716541,6,13.097614845291371,17,181.59499459093982
2004-12,-0.39612960769160227,6,11.864039891594118,18,183.47423600027943
2005-01,-0.3531609307397547,6,6.257616934927098,17,169.85927830642825
2005-02,-0.2958491027827647,6,6.11467575158338,17,169.71633712308454
2005-03,-0.17359820672541856,6,10.999996234291293,18,182.6101923429766
2005-04,0.09269748776896125,4,12.828272163214795,16,204.6175
2005-05,0.19262605362455965,7,11.030659351626005,19,173.8796693346269
2005-06,0.5392694880713097,6,12.360424512006555,18,183.71385886818496
2005-07,0.6258008396680089,7,12.127633743862708,19,174.97664372686359
2005-08,-1.5818792546166465,7,10.898742151565381,19,173.74775213456627
2005-09,-0.6095839529587204,7,10.83380118627673,20,181.88163333333333
2005-10,0.27492558383028964,9,9.9507957348567,22,166.48849969531935
2005-11,0.309563126693639,9,9.721357367098681,22,166.25906132756134
2005-12,-0.020434056105369258,10,8.336853228021583,22,156.74408572073088
2006-01,-0.09596953997633699,10,3.75002288175862,21,142.9076683307732
2006-02,-0.09593167600637686,10,8.496023939842651,22,158.63892386964886
2006-03,-0.049640507718272706,10,8.643671899901143,21,150.91031541832768
2006-04,0.11368422346452345,10,9.426972659725465,22,159.56987258953168
2006-05,0.3191548839867968,10,9.230658880973824,23,159.75142901296408
2006-06,0.6211246711187208,10,9.593610632041104,23,159.59471347038559
2006-07,0.1350091704522066,9,9.776187160438015,22,165.0861915419046
2006-08,-1.2891780528242012,9,8.780229144495108,22,164.0902335259617
2006-09,-0.9361235126948666,10,8.223035562300817,23,158.0353986494065
2006-10,-0.8146329523830038,13,6.852117883719431,26,142.1327969802473
2006-11,-0.8726571840418037,15,5.950257125816906,27,124.88384675988125
2006-12,-0.5939946530026307,15,5.997331823698992,28,132.16354575226146
2007-01,-0.6177889182356061,15,5.353833647815733,28,131.5200475763782
2007-02,-0.5854016310646651,17,4.128378608793514,32,118.8481420272436
2007-03,-0.7399168578077169,18,3.8014838378991898,33,115.38690572016044
2007-04,-0.6874187223075924,19,3.839117278989632,34,112.35806547619049
2007-05,-0.40274043721087605,20,4.154002305766669,35,110.15712628165838
2007-06,0.26971220367799115,26,4.136186028580152,41,94.74066025109047
2007-07,0.5433794964993346,25,4.6400831206119,39,95.87312752396844
2007-08,-1.7000884435398624,25,2.7278517685659707,38,91.16173874512583
2007-09,-1.008489085993853,25,3.1094368014732936,38,91.56677417559027
2007-10,-0.12773965705752718,25,3.4446578339085385,38,92.03515276081943
2007-11,0.021347186727110275,25,3.3603363707462606,37,92.5318850681553
2007-12,-0.4673511940783305,23,3.1307341283915036,35,96.21401316350914
2008-01,-0.779972496953469,28,2.445200753451131,40,85.81600455944391
2008-02,-0.7446056142103005,26,2.2290403052187626,38,88.50975838172585
2008-03,-0.9790732602512857,26,1.9378938454459749,40,95.33189565510254
2008-04,-0.9381702388122131,24,2.364143410295094,37,97.12528195488721
2008-05,-0.26645058346898376,21,3.4026336395388292,35,107.70795070084485
2008-06,0.621863244940963,22,4.139330931837002,36,104.0048204318851
2008-07,-0.010328411178965753,21,3.8438012174790344,35,105.96318521505377
2008-08,-1.7934190227349194,21,2.6057110594548316,35,97.68187604540023
2008-09,-1.353792275783526,22,2.457358973708517,35,96.27150396825397
2008-10,-1.0382917055079381,23,2.4481110982995493,35,92.38913355948114
2008-11,-0.8784584329692025,24,2.122629644116734,37,95.70067044874123
2008-12,-0.9294216015700062,23,2.0798053518111868,35,91.94850502616076
2009-01,-1.0321887508039802,22,1.7228940792602514,34,91.60894009216591
2009-02,-1.1535863509925306,23,1.481815434657761,35,89.32636886724386
2009-03,-1.1508922801035553,24,1.4634691664665314,39,102.16972016598992
2009-04,-0.9241913392433383,24,1.796993880104152,39,102.49728018394649
2009-05,-0.3631012854798998,24,2.2656312790988675,39,105.21587014061207
2009-06,0.4626144326221892,24,1.0299555299572243,37,95.22216089322835
2009-07,0.9125963229574241,24,1.9543150799831788,37,96.14652044325432
2009-08,1.3451436311038998,20,4.232659896064845,35,117.23384703205993
2009-09,1.5241395163629765,21,4.049813464265301,35,111.56362108843537
2009-10,1.8059892962805286,22,3.8735083543284268,37,111.68070077739029
2009-11,1.6885155929041624,23,1.5097289378308298,33,77.17634220501158
2009-12,1.5738248212754278,23,2.7370977475275327,38,107.96434750855633
2010-01,1.5637641420055544,22,2.6488686885770756,36,109.03606437745349
2010-02,0.7907844221812377,23,1.6804224094240199,37,105.45632554632554
2010-03,-0.11921201039522271,23,1.156617484946145,35,98.33239585461976
2010-04,-0.4570155857654585,22,0.15632438952351727,35,102.1365125759116
2010-05,-0.41610524943134636,24,0.16773083121833166,39,110.13150998918368
2010-06,0.4334425837838234,24,0.4411634010634418,37,101.5031776061776
2010-07,0.6792074586327856,23,0.5710472375823639,36,103.64276734074616
2010-08,-0.6719903432338477,24,-0.35060040897237327,35,93.59723736149262
2010-09,-1.1339678280645702,24,-0.8833936457479878,38,101.44375064958122
2010-10,0.009416140314077242,14,-0.3557609991265179,24,133.06254146726928
2010-11,0.10628503511705437,15,-0.32876851427788184,25,127.95592397891964
2010-12,-0.3672201427024186,15,-0.7829471609115836,26,128.66703358738036
2011-01,-0.5763433750256515,15,-0.802366928555084,24,120.34442176372016
2011-02,-0.6998218916985671,15,-0.4367983554097092,23,110.46673368203118
2011-03,-0.7644655876427895,18,-0.6111651458768363,26,99.46420826705274
2011-04,-0.7025091713893046,18,-0.7609913868797833,27,103.58607342146998
2011-05,-0.4094436742654113,18,-1.2960315698846587,27,102.36983164983165
2011-06,0.34922099525063566,21,-0.6506655761776305,30,105.2417416971917
2011-07,0.3372746812823661,21,-0.7765893108497663,33,120.98060463976695
2011-08,-0.16601180892993045,21,-1.1111527658895766,33,120.64604118472714
2011-09,0.07610698267273203,21,-1.3184685236470668,32,117.22713541666667
2011-10,0.2922831219456452,21,-0.9186181178473367,33,120.83857583276938
2011-11,0.13393237949813,21,-0.5842142762789964,32,118.20792336309523
2011-12,-0.1578821410449776,21,-0.3157967188866032,32,117.02017485811255
2012-01,-0.31512087190996513,21,-0.7444588682135056,33,119.00613775785148
2012-02,-0.4198054420672787,21,-0.9197026866710358,33,118.83089393939395
2012-03,-0.40539384218895425,22,-2.1489904087721876,35,119.75064087414121
2012-04,-0.41289924982377346,21,-2.245516820069763,33,119.29865001665002
2012-05,-0.21863305748221462,20,-2.149919652258184,33,126.53686729041569
2012-06,0.4706286961289191,23,-1.6747974542970558,36,117.28648794580964
2012-07,0.25739758471260604,22,-2.0894455500968756,33,110.34797653958944
2012-08,0.05851397666325891,22,-2.0479360459632603,35,119.82904588393755
2012-09,-0.1317678333697575,25,-2.1983424285934947,37,109.6976770162253
2012-10,0.32629180405390174,25,-2.1357285210544252,36,103.79002887322835
2012-11,0.2521168492834619,25,-2.0055583870425906,35,102.97121734693877
2012-12,0.003193408423245021,25,-2.3655286576874484,36,108.46034454392719
2013-01,-0.12074207544771866,25,-2.368452160079739,36,108.4574210415349
2013-02,-0.23368124595463222,25,-2.33800789995901,37,109.78537993350494
2013-03,-0.2999291722219143,25,-2.641961794521775,37,109.48142603894216
2013-04,-0.23478981738320598,25,-2.4269571614098058,38,110.7042700501253
2013-05,0.11884144102565138,27,-1.909026517610437,40,106.22949788608143
2013-06,0.7199967576325834,27,-1.293350071793768,37,97.51655802861686
2013-07,-0.14805786905168336,26,-1.7456116246464863,37,104.5056937449829
2013-08,-0.3814600206532236,26,-1.8424507092085964,37,99.86854280409442
2013-09,-0.17819986993178016,26,-2.242674505605164,37,97.25723815119468
2013-10,0.09978646103425018,26,-2.188640257487117,38,102.94869216245672
2013-11,-0.07442268160286827,26,-1.996226159742552,37,99.71476735356046
2013-12,-0.24491943012686804,26,-1.997719749017108,38,105.63733849457044
2014-01,-0.3201393962471422,26,-2.656950763379777,36,93.2642265209188
2014-02,-0.39717922598574007,24,-2.520333827400754,32,87.43411830357142
2014-03,-0.40634484531265375,24,-2.3003937243119954,34,94.82314862222927
2014-04,-0.35220700087545237,23,-2.641180014294863,33,96.94117980919799
2014-05,0.030311465697711683,23,-2.394769002907496,32,91.07325750981396
2014-06,0.818598513316605,25,0.37241306373734473,33,82.86143750000001
2014-07,0.4095805960180426,26,-2.069537028100751,36,88.44486315595994
2014-08,-0.43389838109803447,26,-0.6949112585371191,34,79.80839381316801
2014-09,-0.9013393693212807,26,-1.195409695285551,34,79.33221565071565
2014-10,-0.8171153980232316,25,-3.4222665891546087,33,86.51382209188661
2014-11,-0.5413514267083368,26,-3.182038492007474,36,92.3264753001628
2014-12,-0.5600390356022033,25,-3.6150108216028563,35,94.81464506778869
2015-01,-0.5436723794968442,24,-2.057206661798648,34,98.79801875209286
2015-02,-0.6059955218411563,25,-3.8803210820646896,35,94.30419160997732
2015-03,-0.5818309816473843,24,-3.7617576751045387,36,106.48616086125809
2015-04,-0.4688992510104701,26,-1.54815298073792,37,98.56385839287563
2015-05,-0.30167009325684097,26,-3.895327633498809,36,97.15063769414576
2015-06,0.13121038647847788,26,-1.2893026674147534,35,93.85068205128205
2015-07,0.32796390178037904,26,-3.20062486454254,36,97.59208954112876
2015-08,-0.06725844877010913,25,-4.246790418468184,35,96.33543719632877
2015-09,-0.21155234101668804,23,-3.6720309713358588,33,95.49364201379717
2015-10,-0.191562182854448,24,-3.8097515949436223,32,91.91222705157745
2015-11,-0.18696923460187137,23,-4.334666221468043,33,103.15649892329893
2015-12,-0.26131512386921935,23,-4.369085012266738,34,106.56434216589862
2016-01,-0.33545830016608813,22,-4.521791909267648,33,109.61726458579118
2016-02,-0.26111857213383316,23,-4.987617817320993,35,110.72076291500508
2016-03,-0.26811335431263866,23,-4.553936764333398,35,108.29349415429253
2016-04,-0.3100352377977112,25,-4.263178565862526,37,103.12316013044946
2016-05,0.021825183821288695,23,-1.0032049176920024,31,92.50608740894901
2016-06,0.6952663740572868,24,-1.6679831346345504,34,99.04081874728024
2016-07,0.9945090393856663,22,-1.5988890293576357,32,105.18879198502002
2016-08,0.2446217110942609,22,-2.2902804397476118,32,104.48531117627891
2016-09,0.5635816328928929,22,-2.0841925622712063,31,97.81125669642857
2016-10,0.7116588567443096,22,-1.9405114390300537,30,94.77940809519998
2016-11,0.6603846631959243,22,-2.2970149463915694,30,100.04898224953064
2016-12,0.3374222976045251,22,-3.6727517925815403,30,101.69691558162268
2017-01,0.12048131519983399,22,-3.818757427967653,30,98.41606492492939
2017-02,-0.13712171498484702,19,-4.764839228110318,28,89.18425996417376
2017-03,-0.19731264514706362,20,-4.25952075141492,30,91.63324368637741
2017-04,-0.06222201296315581,20,-6.402296975781817,33,105.29400274596938
2017-05,0.4416143513666216,19,-6.1552845687404965,32,108.05624865345327
2017-06,1.2014691850581918,19,-3.102921348751579,32,106.27290219392468
2017-07,0.5818181031720323,19,-3.448552689605529,32,105.7886706853481
2017-08,-0.41733913856755245,19,-4.103903254810931,32,105.13927893492409
2017-09,0.3416746817569516,18,-3.57005234457165,29,98.87946666666667
2017-10,1.0331848166743647,19,-3.5903473890381017,31,102.94181854259362
2017-11,0.6242437683882236,16,-4.614588554644429,29,114.5334579124579
2017-12,0.5251237654430758,17,-4.699383611097163,30,110.90423902570626
2018-01,0.041176535890013716,22,-6.145334817457317,36,100.89122983110886
2018-02,-0.14937490012553872,18,-7.197341122512144,32,115.04412946428572
2018-03,-0.2535460470789443,18,-7.406551231959147,32,114.83491935483872
2018-04,-0.21529701341529933,18,-7.6273278171900145,32,114.61414276960784
2018-05,0.12353827190453531,16,-7.937924887063198,30,121.35194086021505
2018-06,0.7957429836351788,18,-7.182655385130862,31,108.47981592421914
2018-07,1.011649608770299,18,-7.049586814032633,31,108.61288449531737
2018-08,0.42818306157794556,18,-7.463885059952553,32,114.79742943548388
2018-09,0.5798933363688651,18,-7.511216631016358,32,114.75009786442007
2018-10,0.7255030601875736,19,-7.641702636267864,32,110.4474438172043
2018-11,0.317731713720372,20,-5.443565323826018,33,104.37262935395741
2018-12,0.1086920124095276,20,-5.744754663198261,33,104.07144001458516
2019-01,-0.035322695731793495,20,-5.576246429204145,32,100.42445833333333
2019-02,-0.1443817203093662,20,-5.583573066108905,32,100.41713169642857
2019-03,-0.26677860971028833,20,-7.853371029534314,34,107.85482903294557
2019-04,-0.25239957745222363,20,-7.9336020232642035,34,107.77459803921568
2019-05,-0.06778321800521898,20,-7.870350543640098,34,107.83784951883979
2019-06,0.6217518403738259,21,-7.584019674116799,35,104.96331904761905
2019-07,1.0639797681040575,21,-7.573987204589402,35,104.97335151714644
2019-08,0.9692042435885012,21,-8.016440564565546,34,103.41695858427522
2019-09,0.7651089832309689,21,-8.405869737076063,34,103.0275294117647
2019-10,0.5951296972839406,21,-8.539447974234506,35,104.00789074750135
2019-11,0.18333181703958334,20,-8.639865343405082,33,100.74257575757576
2019-12,-0.718983774358266,20,-9.275500729524339,33,100.1069403714565
2020-01,-0.43786280661633115,20,-9.219449271557176,34,106.2265754608295
2020-02,-0.41843063782372353,19,-9.558183313724248,32,104.65316079125616
2020-03,-0.6574499951714865,19,-9.786344104980406,32,104.425
2020-04,-0.5573917042829749,19,-9.770429743275056,33,108.29928499278499
2020-05,-0.26509986599159446,19,-9.641727465940324,32,105.10116353436185
2020-06,0.3714193618438809,19,-9.443555263122686,32,105.29933573717949
2020-07,0.8263191049982926,19,-9.481406231661225,33,108.58830850439882
2020-08,0.8788148605161196,19,-9.499108675453991,33,108.57060606060605
2020-09,1.0581346115064987,19,-9.589745039090351,33,108.47996969696969
2020-10,1.3840555372914836,19,-9.536349383022284,33,108.53336535303777
2020-11,1.0690469431024163,18,-9.549805680455075,30,100.30579723502304
2020-12,0.8833807914725428,19,-9.155675883694459,31,97.66726747311827
