year_month,specific_humidity_2m,dewpoint_2m_c,air_temperature_2m_c,surface_pressure_kpa,vpd_kpa,vpd_proxy_kpa
2000-01,0.0028754083905369043,-6.017004394531227,10.535638427734398,91.502015625,0.8830010908615252,0.6729123973292006
2000-02,0.003465886227786541,-3.6213134765624773,11.654473876953148,91.4454765625,0.903548799155943,0.7606858202382314
2000-03,0.0037523345090448856,-2.1753906249999773,12.665856933593773,91.06359375,0.9447435161105523,0.831880794092008
2000-04,0.0036232408601790667,-2.6258911132812273,19.169793701171898,91.1116171875,1.7173070061374505,1.359849081734124
2000-05,0.004001017659902573,-2.1180786132812273,24.659875488281273,90.9091171875,2.5813456443176808,1.8012696706051832
2000-06,0.007419906090945005,6.131982421875023,28.215905761718773,90.9994609375,2.8840214330278067,1.840071263749571
2000-07,0.00797381903976202,8.012231445312523,30.035638427734398,91.127703125,3.1780833640167696,1.9580765880098352
2000-08,0.011161001399159431,13.806237792968773,28.829675292968773,91.1705390625,2.3878038273379936,1.650011957212676
2000-09,0.007348153740167618,6.962609863281273,26.983239746093773,91.010921875,2.5625468342982405,1.7615100741042187
2000-10,0.006878871005028486,6.279382324218773,18.388299560546898,91.110171875,1.1615717829067305,0.9306057303090993
2000-11,0.003756851190701127,-2.1557678222656023,8.750146484375023,91.2206953125,0.6074656604233892,0.5732761634328699
2000-12,0.0035247504711151123,-2.8742431640624773,9.596795654296898,91.476875,0.7009336477230973,0.6353447427608587
2001-01,0.003699150402098894,-2.1398376464843523,6.973931884765648,91.3972890625,0.4780906367619119,0.4701950455084414
2001-02,0.003788735717535019,-1.8330749511718523,8.651330566406273,91.2356171875,0.5873346864137696,0.5865792253350153
2001-03,0.00447202380746603,0.37645874023439774,13.266625976562523,91.0573359375,0.8963557972689745,0.8471201132230392
2001-04,0.004499298986047506,0.34758911132814774,16.247003173828148,91.0526328125,1.2207477202679067,1.065549943297269
2001-05,0.004861625377088785,1.0154663085937727,24.556420898437523,90.9819921875,2.4275943717995663,1.7491756233220683
2001-06,0.005595265422016382,2.3575073242187727,28.323327636718773,91.016609375,3.127776431562037,2.023665466099768
2001-07,0.009972990490496159,11.662011718750023,29.159112548828148,91.127953125,2.671047997239547,1.7038037527956833
2001-08,0.011167722754180431,13.469720458984398,28.712487792968773,91.18246875,2.3951847816798475,1.6492776893683327
2001-09,0.007740571163594723,7.358941650390648,27.418206787109398,91.0209453125,2.62693517838677,1.7482249239920336
2001-10,0.005941398907452822,3.3979431152343977,21.090570068359398,91.2243359375,1.721438579405397,1.222311505211586
2001-11,0.004775240086019039,0.6139465332031477,14.967767333984398,91.257359375,1.0631740375557932,0.7691774550962396
2001-12,0.0030915813986212015,-4.697546386718727,7.105889892578148,91.348171875,0.5782165956123463,0.5317662927494402
2002-01,0.0029107669834047556,-5.830114746093727,8.141839599609398,91.383234375,0.6878213836008406,0.5715168832946417
2002-02,0.0021601663902401924,-9.397650146484352,10.763604736328148,91.5387109375,0.9925729643423553,0.7836275226692206
2002-03,0.0024923093151301146,-8.401525878906227,12.652734375000023,91.1618359375,1.1400379278934674,0.9268630730850338
2002-04,0.0036971785593777895,-2.8563598632812273,19.245721435546898,91.05059375,1.7364038333624732,1.2703489549444855
2002-05,0.0031308531761169434,-4.954321289062477,22.419824218750023,90.92046875,2.2897076720633014,1.588921013837471
2002-06,0.004225374199450016,-0.9426025390624773,29.137292480468773,90.8540234375,3.4674206258097557,2.1468653662204793
2002-07,0.009144896641373634,10.071740722656273,29.961175537109398,91.13890625,2.9997470053267588,1.8203243728490417
2002-08,0.008994363248348236,9.524377441406273,29.035028076171898,91.1066953125,2.8244237253887734,1.8291031102418343
2002-09,0.008632201701402664,9.152886962890648,26.386285400390648,90.939640625,2.278993492891148,1.5468216190997772
2002-10,0.005425986833870411,2.8979736328125227,18.713830566406273,90.9896484375,1.406170970190031,1.0246756957569012
2002-11,0.0036814045161008835,-3.0473693847656023,13.801019287109398,91.400484375,1.0901814097224127,0.8337938181036308
2002-12,0.003721902845427394,-2.1741394042968523,7.915979003906273,91.3788671875,0.5459948928760685,0.5010707456825145
2003-01,0.003969391342252493,-1.2883056640624773,11.961450195312523,91.5756171875,0.8431524960133366,0.7895032637572833
2003-02,0.004216908942908049,-1.2569641113281023,10.140924072265648,91.0557578125,0.6824738304993759,0.5594897256168279
2003-03,0.003945825155824423,-1.4305175781249773,12.661614990234398,91.0367578125,0.9148770239069763,0.8139448102868305
2003-04,0.003787368768826127,-2.0137390136718523,15.459802246093773,90.9932578125,1.2296146855841381,1.0253631797126077
2003-05,0.004357505589723587,-0.6702026367187273,22.860467529296898,90.9548046875,2.2041719933657102,1.5455588139944756
2003-06,0.0047740512527525425,0.6950012207031477,27.343377685546898,90.785765625,2.9954031568481714,1.9807984058877794
2003-07,0.009061019867658615,9.691522216796898,30.928063964843773,91.1161640625,3.271417387801799,2.0612659104063593
2003-08,0.011745467782020569,14.596582031250023,29.041680908203148,91.2087265625,2.353780694697849,1.6243592157954119
2003-09,0.008901228196918964,9.271752929687523,26.900201416015648,91.040046875,2.3752105260365317,1.665639345749478
2003-10,0.006482614204287529,4.344262695312523,22.739434814453148,91.1204453125,1.9322852192861482,1.3857057985627443
2003-11,0.004278328735381365,-1.1937011718749773,12.037133789062523,91.3067734375,0.8462708811632432,0.6882886193507014
2003-12,0.0031259714160114527,-4.856024169921852,8.684350585937523,91.4203359375,0.6980037493401483,0.5771536789104174
2004-01,0.003916226793080568,-1.7302612304687273,8.955316162109398,91.340953125,0.6065657296831437,0.5362331871684525
2004-02,0.0031733522191643715,-4.728613281249977,8.087731933593773,91.227875,0.6492590057105456,0.563359005258472
2004-03,0.004727029241621494,0.9799133300781477,16.856347656250023,91.1977109375,1.2644015314751131,1.0726834492735453
2004-04,0.004724728874862194,0.8934570312500227,16.931939697265648,91.00584375,1.2777105843490433,1.021773043580747
2004-05,0.003987183794379234,-1.5779785156249773,23.186975097656273,90.9721640625,2.2972521787486664,1.5819649423323852
2004-06,0.004355143755674362,-0.7120727539062273,27.525506591796898,90.9541953125,3.096884218574077,1.9342060061736732
2004-07,0.009006047621369362,9.227655029296898,29.464532470703148,91.1094296875,2.948637296552425,1.8474139951437247
2004-08,0.009712472558021545,11.301568603515648,28.242303466796898,91.1649453125,2.4943259731937633,1.6374775605177643
2004-09,0.007637800648808479,7.172998046875023,25.352349853515648,91.0143359375,2.2210519472764627,1.5540866538065523
2004-10,0.005896585062146187,3.9848266601562727,18.456231689453148,91.0265859375,1.3115530765157835,1.008817033704789
2004-11,0.004763732198625803,0.9596191406250227,10.604852294921898,91.330015625,0.6238317203855887,0.5909198611773719
2004-12,0.003980844281613827,-1.6728576660156023,8.040612792968773,91.4637109375,0.5354208481002135,0.53419229937112
2005-01,0.005113181192427874,2.1608215332031477,9.355737304687523,91.4003046875,0.4621398816558232,0.5150305571553497
2005-02,0.005683455150574446,3.7619873046875227,10.012536621093773,91.23909375,0.42925726973396705,0.4891966249941233
2005-03,0.0049582431092858315,1.7000671386718977,11.881829833984398,91.1223203125,0.7010345961876634,0.71492913128516
2005-04,0.0045095328241586685,0.40273437500002274,16.129205322265648,91.05096875,1.2044108197556431,1.0907583280086781
2005-05,0.005722630303353071,3.5193420410156477,22.507989501953148,90.8965234375,1.9407550968420275,1.460228238790842
2005-06,0.00554746575653553,2.9142395019531477,26.928063964843773,90.78490625,2.797154502059888,1.860450805306181
2005-07,0.008791851811110973,8.827813720703148,30.989190673828148,91.047375,3.355054105627135,2.0831656431785297
2005-08,0.012274319306015968,15.217523193359398,27.920434570312523,91.112109375,2.0330785726873426,1.4613898501798555
2005-09,0.007779664359986782,7.554864501953148,26.256433105468773,91.1106953125,2.37205645475601,1.5478160819256175
2005-10,0.00633377255871892,4.703698730468773,20.012170410156273,91.08640625,1.4856109868808058,1.104970511707142
2005-11,0.003544897772371769,-3.5614074707031023,14.205651855468773,91.3730546875,1.1505817428253928,0.864501287353858
2005-12,0.002616491634398699,-7.167608642578102,9.863519287109398,91.4350625,0.860080698345581,0.6350447970051011
2006-01,0.002440358977764845,-8.133551025390602,9.361657714843773,91.443109375,0.8455104359857113,0.6498145452698075
2006-02,0.0023161692079156637,-8.904547119140602,11.482965087890648,91.3110703125,1.0439381758848179,0.7769625740394919
2006-03,0.0037152774166315794,-2.5138000488281023,11.470727539062523,91.0513671875,0.8466718857846567,0.7008861504182754
2006-04,0.0036704312078654766,-2.6335510253906023,17.169854736328148,91.0417421875,1.4555014257347763,1.1436301872298613
2006-05,0.0039580208249390125,-1.8608459472656023,23.898187255859398,90.9353046875,2.4328640316852237,1.6639438285215498
2006-06,0.00598627096042037,3.4302001953125227,29.307275390625023,91.025984375,3.2961427020002954,2.0219935866037115
2006-07,0.01171197835355997,14.534326171875023,30.090814208984398,91.116921875,2.610330546695982,1.632501101363156
2006-08,0.012035046704113483,14.843988037109398,27.636468505859398,91.1088828125,2.0123615300982802,1.4022289565615318
2006-09,0.008798503316938877,9.281182861328148,24.011346435546898,91.0759609375,1.8158987110211682,1.3295044620829766
2006-10,0.006068376824259758,3.8227783203125227,18.624993896484398,91.0777578125,1.3433350277875191,1.0195468314222293
2006-11,0.0037721709813922644,-2.3205627441406023,14.558587646484398,91.2546953125,1.1424562601260562,0.8697195489302356
2006-12,0.0029287049546837807,-5.516882324218727,7.747705078125023,91.5276015625,0.6495455740932952,0.5690769654553518
2007-01,0.0030556251294910908,-5.100286865234352,6.208459472656273,91.3760625,0.5307115092004513,0.4778811836550353
2007-02,0.0036235745064914227,-2.6281188964843523,10.045068359375023,91.311390625,0.7282883019905828,0.6765349891360655
2007-03,0.003501735394820571,-3.5747741699218523,14.712335205078148,91.26753125,1.2050061658123665,0.9714173482836317
2007-04,0.004145806655287743,-0.9730895996093523,17.315667724609398,90.953875,1.4079597119617318,1.1217740591939085
2007-05,0.004664645530283451,0.46178588867189774,22.924279785156273,90.9313203125,2.164961423543013,1.4992919009408054
2007-06,0.0047224294394254684,0.7677856445312727,28.018029785156273,90.9586640625,3.1381153909613895,2.0029169188804747
2007-07,0.0105098532512784,11.992730712890648,29.461663818359398,91.0675546875,2.711902748994201,1.683681048598547
2007-08,0.012532074935734272,15.668328857421898,29.016656494140648,91.028234375,2.2294128640161093,1.5604401070747436
2007-09,0.009123561903834343,10.098931884765648,25.775079345703148,91.0534921875,2.080877450745633,1.4560514953530892
2007-10,0.004955188371241093,0.6733642578125227,19.695611572265648,91.184140625,1.6531943195065888,1.2213484118480769
2007-11,0.004050023853778839,-1.3930419921874773,16.049615478515648,91.28121875,1.272475653893916,0.8899231155684266
2007-12,0.003659286070615053,-2.9667419433593523,6.535974121093773,91.4012734375,0.4795372104036882,0.44950086143232315
2008-01,0.0037775521632283926,-2.4414123535156023,6.828851318359398,91.3963828125,0.47972021150465216,0.45765222331853406
2008-02,0.003825124353170395,-1.6728881835937273,9.179772949218773,91.2637109375,0.6217603123148017,0.6362149306912995
2008-03,0.0033928477205336094,-3.3664611816406023,13.128717041015648,91.1989609375,1.0340358543621717,0.8962069355511656
2008-04,0.0029383820947259665,-5.553503417968727,16.927880859375023,91.0428359375,1.5250922901599087,1.198682488717893
2008-05,0.004195821471512318,-0.9532531738281023,20.350732421875023,90.81140625,1.8198301840608342,1.355714208904919
2008-06,0.005060035269707441,1.4476562500000227,28.363275146484398,90.921203125,3.1823930136432974,2.0661394682248355
2008-07,0.011676737107336521,14.396417236328148,28.772912597656273,91.016234375,2.3132130546138425,1.5678103988543515
2008-08,0.012207504361867905,15.095300292968773,28.093621826171898,90.95271875,2.084746933202919,1.4826163404128097
2008-09,0.009247724898159504,10.665277099609398,26.001092529296898,91.0346484375,2.0778661727130308,1.4946797117404667
2008-10,0.0047579738311469555,0.22683105468752274,20.054620361328148,91.296546875,1.725242014145027,1.2684491734736647
2008-11,0.00405927887186408,-1.5912231445312273,14.385827636718773,91.3718046875,1.0954895454938682,0.8425331659825208
2008-12,0.004050754010677338,-1.2364257812499773,8.236993408203148,91.305890625,0.5322325684497349,0.4978194129766872
2009-01,0.003878265619277954,-1.9043029785156023,9.224725341796898,91.55184375,0.6344489258284856,0.6212940688983952
2009-02,0.0036777362693101168,-2.4019226074218523,10.324151611328148,91.3536796875,0.7429674039401326,0.6862710206016914
2009-03,0.003479296574369073,-3.2729553222656023,13.923303222656273,91.0979140625,1.110926691677209,0.9039185490220493
2009-04,0.0035051542799919844,-3.2225402832031023,16.337487792968773,91.016765625,1.3763029681172174,1.1093902636652653
2009-05,0.005476475227624178,2.6892639160156477,24.500115966796898,90.939984375,2.3334535560970555,1.5891573357363866
2009-06,0.0065197329968214035,5.108239746093773,25.643640136718773,90.8736015625,2.41235140718243,1.5647872302622945
2009-07,0.010434385389089584,12.547540283203148,30.605096435546898,91.1101875,2.9385570592927257,1.8773411969513054
2009-08,0.008483503013849258,8.920434570312523,29.351190185546898,91.1274140625,2.9457901963102833,1.8877936758043834
2009-09,0.008309646509587765,8.387200927734398,26.514306640625023,91.0998671875,2.363610615213754,1.5608537497983348
2009-10,0.004452065099030733,-0.9020751953124773,18.147332763671898,90.9189375,1.5113418387878208,1.0804321483987618
2009-11,0.003671193029731512,-3.1077026367187273,14.419061279296898,91.2106640625,1.156896695981833,0.863240662406533
2009-12,0.0033277093898504972,-3.9713806152343523,6.873071289062523,91.1866015625,0.5379199638203609,0.46009707567427627
2010-01,0.003770227776840329,-2.3402770996093523,8.290826416015648,91.156765625,0.5799306374972223,0.5148100085170693
2010-02,0.0045503247529268265,0.6588378906250227,8.808343505859398,91.019921875,0.49256515235947695,0.5267201337327005
2010-03,0.004080422222614288,-0.8945983886718523,11.259393310546898,91.1435859375,0.763361577245379,0.7706681697907027
2010-04,0.004518112167716026,0.36599121093752274,15.357537841796898,90.8910546875,1.1177372254966031,1.0063328765010977
2010-05,0.004021171480417252,-1.2183288574218523,20.095239257812523,90.885875,1.793383980848172,1.3768730197432548
2010-06,0.005104533862322569,1.6828857421875227,27.302117919921898,90.9425390625,2.939236869822534,1.9695932939670504
2010-07,0.010444395244121552,12.332238769531273,29.804742431640648,90.9503203125,2.7621874574305245,1.7016200259067462
2010-08,0.011360090225934982,13.787591552734398,28.840539550781273,90.97296875,2.392210071436315,1.6333936296283684
2010-09,0.007869423367083073,7.812493896484398,27.225823974609398,90.93484375,2.553703195492334,1.7534850920131273
2010-10,0.006874883081763983,6.245324707031273,19.928308105468773,91.262203125,1.3768133209010796,1.072358756412822
2010-11,0.00336478347890079,-4.106268310546852,11.741479492187523,91.3204140625,0.9281946683178909,0.7302075755008033
2010-12,0.004111842717975378,-1.4472412109374773,10.598229980468773,91.2343671875,0.7286812375516344,0.608050699007739
2011-01,0.003070354461669922,-4.714239501953102,7.864373779296898,91.356015625,0.6324945150756467,0.5906766682565525
2011-02,0.00285259704105556,-6.376440429687477,7.836724853515648,91.269953125,0.6817608379955831,0.5986960451232258
2011-03,0.0035870324354618788,-2.7141784667968523,14.469720458984398,91.174671875,1.1478171538493476,0.9654015083079834
2011-04,0.0037790867500007153,-2.3860839843749773,17.845483398437523,90.924875,1.5314945879425739,1.1975353648311915
2011-05,0.003491664305329323,-3.6118225097656023,20.314263916015648,90.879328125,1.916448278032484,1.4051364670647755
2011-06,0.004219735506922007,-1.1910766601562273,27.564965820312523,90.8232734375,3.1253940533832836,2.02526454746859
2011-07,0.010128390975296497,11.762780761718773,29.463769531250023,90.9327578125,2.7335184276852758,1.763888130750633
2011-08,0.01064401213079691,12.921105957031273,30.509301757812523,90.9860625,2.8785419260612413,1.8455748381848385
2011-09,0.008195517584681511,8.609857177734398,27.160455322265648,91.1113828125,2.480889980390458,1.654951409700483
2011-10,0.004929193761199713,1.1637512207031477,20.698266601562523,91.1267109375,1.7767728344077058,1.2723544329998693
2011-11,0.004311293829232454,-0.6558898925781023,11.933801269531273,91.314875,0.8142011460232167,0.6941050151391942
2011-12,0.0035758274607360363,-2.8703369140624773,6.532220458984398,91.4069921875,0.47574335211532437,0.4605409858523214
2012-01,0.003202750813215971,-4.094824218749977,9.699273681640648,91.5200703125,0.7524079889083002,0.6620197464687088
2012-02,0.003487301291897893,-2.9895080566406023,10.225885009765648,91.200578125,0.7566638904036137,0.6780554655802027
2012-03,0.003226857865229249,-4.279089355468727,13.165612792968773,91.14384375,1.0692712515813247,0.9277109261473089
2012-04,0.003633742220699787,-2.7893127441406023,18.615258789062523,91.0259921875,1.647818962462733,1.2466242747980902
2012-05,0.003604468423873186,-3.4326843261718523,23.714959716796898,90.860171875,2.459210497143601,1.706693279322625
2012-06,0.0047984193079173565,0.35256347656252274,28.759423828125023,90.8062734375,3.323672209332832,2.113025679315403
2012-07,0.010721791535615921,12.770135498046898,28.487725830078148,91.112046875,2.4132116926425704,1.568076433896962
2012-08,0.011811497621238232,14.654382324218773,29.374993896484398,91.0596875,2.4255373518019874,1.6719639849478694
2012-09,0.009737128391861916,11.123101806640648,25.893731689453148,91.2233203125,2.016886762972619,1.4089790988343984
2012-10,0.005358740221709013,2.0722900390625227,20.733422851562523,91.1233984375,1.7372720866254643,1.2567325245366758
2012-11,0.003987961448729038,-1.7428955078124773,15.529931640625023,91.4153671875,1.2268738969439341,0.9085575849770007
2012-12,0.003713455284014344,-2.6744750976562273,8.954064941406273,91.2093515625,0.6428488267489739,0.5227716018827474
2013-01,0.0031705063302069902,-5.126928710937477,6.513391113281273,91.4747421875,0.5517373207958862,0.514272629710904
2013-02,0.003159747924655676,-4.411352539062477,8.000054931640648,91.2519296875,0.632390620345853,0.5963344519704276
2013-03,0.0037467731162905693,-2.1011718749999773,15.136865234375023,91.1986796875,1.1969575720694103,0.9845550441405504
2013-04,0.0035629200283437967,-3.2594665527343523,18.127801513671898,90.90459375,1.6004098573379228,1.2055231025104698
2013-05,0.004226654767990112,-0.9435180664062273,22.803216552734398,90.9658125,2.206062309472458,1.5053465616836998
2013-06,0.004635292571038008,0.19158325195314774,29.323022460937523,90.86565625,3.461693607369442,2.164707266445789
2013-07,0.01164029911160469,14.433221435546898,29.062951660156273,91.0607109375,2.37616766854118,1.5821513706776402
2013-08,0.010695847682654858,12.671380615234398,28.327111816406273,91.1449375,2.3866471824887943,1.5806891236707
2013-09,0.00967714935541153,10.756616210937523,25.376153564453148,90.897578125,1.947823945045371,1.4342470087266919
2013-10,0.004275523591786623,-0.6193603515624773,18.004022216796898,91.105109375,1.480700785152673,1.1175501358402953
2013-11,0.004805673845112324,1.0785461425781477,13.604425048828148,91.2749453125,0.8975860526986742,0.7451231847923427
2013-12,0.003520180005580187,-3.0848449707031023,7.825769042968773,91.4133359375,0.5735712579633642,0.5396333189553871
2014-01,0.0031141326762735844,-4.408728027343727,10.689508056640648,91.462140625,0.8453960218541736,0.6984983866288295
2014-02,0.003753035794943571,-2.1997741699218523,13.074853515625023,91.1567109375,0.9854584878717181,0.7584742750684602
2014-03,0.00383151788264513,-2.1702026367187273,15.164117431640648,91.1311953125,1.2026461418797592,0.9399601844469985
2014-04,0.0033738664351403713,-4.079199218749977,18.221887207031273,90.9853984375,1.6414029132388408,1.1946285938826902
2014-05,0.003792898030951619,-2.5437988281249773,22.642327880859398,91.002890625,2.2426753270740365,1.5152311969392875
2014-06,0.0045721810311079025,-0.23459472656247726,28.723535156250023,90.8133828125,3.341672963657641,2.037594350627676
2014-07,0.01063403021544218,12.779901123046898,29.338464355468773,91.1830078125,2.6083544521932387,1.6787689771623948
2014-08,0.011385825462639332,13.991052246093773,27.360528564453148,91.1571328125,2.0437728666423767,1.471098956674528
2014-09,0.011218319647014141,13.537622070312523,26.160791015625023,90.992765625,1.8422583403801513,1.3656040632633606
2014-10,0.007363345008343458,7.100488281250023,21.263146972656273,91.139296875,1.5186971195975998,1.1971207728825486
2014-11,0.004363593645393848,-1.1530517578124773,13.460931396484398,91.3573515625,0.9821267970318239,0.792328512103019
2014-12,0.004698653239756823,0.48064575195314774,9.691949462890648,91.34009375,0.5703440422341236,0.5019400305039687
2015-01,0.004397212527692318,-0.26267089843747726,9.714898681640648,91.53715625,0.6054769353088532,0.5837581165407418
2015-02,0.004733140580356121,1.0537048339843977,13.590447998046898,91.2786171875,0.8973512654575967,0.8108837857145397
2015-03,0.004751057829707861,1.0341735839843977,16.249475097656273,91.305125,1.1891333248758262,0.9609185117477681
2015-04,0.004004079382866621,-1.6459106445312273,17.608178710937523,90.96434375,1.4722904401081869,1.1123557529466137
2015-05,0.005427223164588213,3.0308166503906477,20.019342041015648,90.9533046875,1.5816571854887966,1.175679629483624
2015-06,0.007380594965070486,6.587030029296898,28.650567626953148,90.9353828125,2.9516952613836476,1.9269047081422555
2015-07,0.010713761672377586,13.063043212890648,28.131738281250023,91.1184453125,2.30506283292389,1.5212246684956203
2015-08,0.011421260423958302,14.117242431640648,29.787683105468773,91.1008046875,2.5808574441549075,1.7280912572463047
2015-09,0.010934675112366676,13.405969238281273,26.714349365234398,91.048828125,1.9680129981451486,1.4239088712298291
2015-10,0.008046266622841358,8.713739013671898,21.104852294921898,91.0814609375,1.3770214542734343,1.0280330179864898
2015-11,0.004035793710500002,-1.4159606933593523,11.866296386718773,91.1884609375,0.8395949924085742,0.7263206793588466
2015-12,0.0031714874785393476,-4.652227783203102,7.674981689453148,91.2142734375,0.6168205527583683,0.5178599612649369
2016-01,0.003738636849448085,-2.1465209960937273,8.020471191406273,91.38934375,0.5525480375679509,0.5279637786887373
2016-02,0.0031969950068742037,-4.165075683593727,12.905175781250023,91.448140625,1.0398607033907563,0.9124569956487253
2016-03,0.0035053170286118984,-3.0933898925781023,15.840020751953148,91.0588359375,1.3135662467458469,1.0133576197387895
2016-04,0.004217355977743864,-0.9115661621093523,17.820153808593773,91.02915625,1.4693170966380473,1.1052759941089847
2016-05,0.004903262015432119,1.4545532226562727,21.200036621093773,90.914765625,1.8391614407527057,1.3384758241252366
2016-06,0.0064701843075454235,4.624536132812523,29.385369873046898,91.052578125,3.2460431199300097,2.052515526817857
2016-07,0.009796020574867725,11.337091064453148,30.508477783203148,91.1289453125,3.025975651387098,1.9187976417751118
2016-08,0.01132856123149395,13.925256347656273,28.191583251953148,91.0936796875,2.2314336873558736,1.5264939176183812
2016-09,0.008680670522153378,9.072900390625023,24.941217041015648,91.1652578125,2.0029761538039743,1.4163254585637355
2016-10,0.006410467438399792,5.115441894531273,22.478479003906273,91.1962890625,1.8426627458753586,1.2987717946278183
2016-11,0.004653042182326317,0.39409790039064774,14.839654541015648,91.357046875,1.0592788724234605,0.7976764920420936
2016-12,0.004542828071862459,0.028833007812522737,10.146264648437523,91.3325859375,0.6279672902980389,0.5631718192564484
2017-01,0.004548113793134689,0.42943725585939774,8.194635009765648,91.3274140625,0.45691750597925984,0.4564788939170823
2017-02,0.005199742969125509,2.2862487792968977,12.025750732421898,91.22709375,0.6847188263362795,0.6432367561128348
2017-03,0.004748141393065453,1.2239013671875227,16.475701904296898,91.2944375,1.2068792731215656,1.0475064157266685
2017-04,0.0039107585325837135,-1.7454589843749773,18.793084716796898,90.9636796875,1.6317571181719441,1.2472357727613108
2017-05,0.004582109861075878,0.37041625976564774,22.107965087890648,90.8668125,2.0339166281219603,1.4905738980861583
2017-06,0.0053224810399115086,1.7935424804687727,29.351495361328148,90.8640546875,3.392483052021614,2.2023058653822543
2017-07,0.011615979485213757,13.929956054687523,29.344903564453148,91.1749453125,2.4948604295114403,1.613220779295319
2017-08,0.010651937685906887,12.781030273437523,29.066461181640648,91.090921875,2.544636311299822,1.6913302305046236
2017-09,0.008066603913903236,7.747064208984398,25.459558105468773,90.9829375,2.201105534829765,1.5093974341108534
2017-10,0.004565724171698093,-0.13504638671872726,21.995141601562523,91.089796875,2.0383254489427354,1.405421577507301
2017-11,0.004441819619387388,-0.27985229492185226,17.762048339843773,91.3167265625,1.434838790270941,0.965648761483821
2017-12,0.0027068492490798235,-7.079687499999977,11.386773681640648,91.5113359375,0.9877164855769136,0.6793908395295342
2018-01,0.0031283299904316664,-4.756781005859352,11.630944824218773,91.5255,0.9397745979694019,0.734838978529057
2018-02,0.0035666865296661854,-3.5615905761718523,11.364068603515648,91.282890625,0.8753457100543567,0.6646711040122759
2018-03,0.0037773570511490107,-2.4988464355468523,14.147271728515648,91.188171875,1.1056960304551866,0.8721165357249439
2018-04,0.0034087365493178368,-3.9989990234374773,20.241052246093773,91.036640625,1.919106723698437,1.3410957161302115
2018-05,0.0040499549359083176,-1.3008483886718523,23.306848144531273,90.9296328125,2.306666216977188,1.5697789175821002
2018-06,0.005182033404707909,1.5085998535156477,28.440362548828148,90.892859375,3.1967301308909066,2.032366424957155
2018-07,0.01140610221773386,13.594506835937523,29.902764892578148,91.238046875,2.6624365722566576,1.7171651021349823
2018-08,0.011972790583968163,14.783319091796898,29.074334716796898,91.1508515625,2.341215655172235,1.5953975458123204
2018-09,0.009011431597173214,10.048089599609398,27.760888671875023,90.9952578125,2.4956969540501266,1.6441160980516973
2018-10,0.00817837007343769,8.733850097656273,18.506066894531273,91.0564609375,1.0030057171394675,0.8622384084376724
2018-11,0.004041876178234816,-1.4745849609374773,12.830285644531273,91.3222734375,0.9329459397761714,0.7396431227062497
2018-12,0.0038671190850436687,-1.8744567871093523,8.870385742187523,91.34946875,0.6057152608174138,0.5208895146636132
2019-01,0.004085197579115629,-1.1784118652343523,8.392755126953148,91.437828125,0.5414446413076544,0.5389989826113285
2019-02,0.004100684076547623,-1.4824890136718523,7.740930175781273,91.1212109375,0.5060278092651087,0.46555271551768673
2019-03,0.004752295091748238,1.2307678222656477,13.475671386718773,91.1842265625,0.8772892972247935,0.7927140371391164
2019-04,0.004912592004984617,1.6587158203125227,18.367242431640648,90.982359375,1.4235416364120912,1.146611506276134
2019-05,0.005215475335717201,2.4221435546875227,19.297692871093773,90.796390625,1.5112904971827883,1.147927095097187
2019-06,0.005402178969234228,2.5609375000000227,27.286798095703148,90.9668828125,2.8912948404768346,1.8796797286952565
2019-07,0.008708036504685879,9.068261718750023,30.412683105468773,91.1078125,3.1911749848800004,1.9232409251509472
2019-08,0.010268683545291424,11.919549560546898,30.341668701171898,91.0763671875,2.9317889966977555,1.9022093143239305
2019-09,0.009981327690184116,11.516809082031273,26.157556152343773,91.040265625,2.0343780990958162,1.4320458506417388
2019-10,0.004446666222065687,-1.0772766113281023,19.234552001953148,91.065140625,1.6652143967892377,1.2033965724913305
2019-11,0.004721003584563732,0.30892333984377274,14.769525146484398,91.1706953125,1.055536492024337,0.7855062537755317
2019-12,0.004581301938742399,0.20217285156252274,8.320184326171898,91.3546171875,0.4765427061399964,0.46657890468167473
2020-01,0.004011283628642559,-1.0602783203124773,8.958947753906273,91.4403125,0.5796354171023367,0.5849674068307378
2020-02,0.003908894024789333,-1.7901367187499773,10.085168457031273,91.3332890625,0.699329088861419,0.6539846378638522
2020-03,0.005442483816295862,3.0847412109375227,12.649133300781273,91.2279921875,0.7014033899462429,0.6968150797239667
2020-04,0.005208177492022514,2.5397277832031477,17.564202880859398,91.056953125,1.2747397292222011,1.088352684437292
2020-05,0.005253334995359182,2.1643615722656477,24.244653320312523,90.9669921875,2.314031959140352,1.6590500701248652
2020-06,0.005146237090229988,1.5635314941406477,27.892785644531273,90.947171875,3.0724960653349767,1.9952727829281538
2020-07,0.00871233269572258,9.563256835937523,30.997186279296898,91.027859375,3.2993889093625524,2.0122882503518396
2020-08,0.00990497600287199,11.432946777343773,31.747033691406273,91.0033984375,3.336253497780877,2.0791181555031666
2020-09,0.006744799204170704,5.454003906250023,27.859002685546898,91.1365703125,2.8486638409948077,1.8505721589015263
2020-10,0.0039168428629636765,-2.4347290039062273,22.741632080078148,91.1338828125,2.255153874099002,1.4887255663768513
2020-11,0.00356178916990757,-3.1126770019531023,15.483941650390648,91.319921875,1.2736870571648928,0.8945541692311152
2020-12,0.0024890389759093523,-7.768988037109352,8.706048583984398,91.467953125,0.7850241096535155,0.6056319140890284
2021-01,0.003062725067138672,-5.428778076171852,8.950708007812523,91.3372890625,0.7365850179894162,0.5869673961999474
2021-02,0.0030925911851227283,-4.919470214843727,10.780175781250023,91.148375,0.8698960722417701,0.7196785439094322
2021-03,0.0032087317667901516,-4.264593505859352,12.284204101562523,91.2008828125,0.9837758867373679,0.841836827474242
2021-04,0.003414669306948781,-3.6741699218749773,19.430535888671898,90.8941015625,1.7915864402760482,1.27551429707562
2021-05,0.003675329266116023,-2.8890136718749773,23.235345458984398,90.930390625,2.355980239738206,1.5886720897836386
2021-06,0.005885054357349873,3.1504150390625227,29.919427490234398,90.905859375,3.4576014541078433,2.1180873274749064
2021-07,0.012694311328232288,15.872521972656273,29.124749755859398,91.17740625,2.2311119872676013,1.5122547883908917
2021-08,0.012420440092682838,15.446466064453148,28.728601074218773,91.0384140625,2.188293186924394,1.5630142480077978
2021-09,0.010061940178275108,11.960595703125023,26.767602539062523,91.1211875,2.1180938269918697,1.4916410154749609
2021-10,0.005692823324352503,3.2536560058593977,18.966577148437523,91.1470390625,1.4212988754663018,1.1124551121770991
2021-11,0.004025731235742569,-1.1461547851562273,16.836419677734398,91.463359375,1.3560425423757514,0.9808709777488369
2021-12,0.004325642250478268,-0.43323364257810226,10.827111816406273,91.21678125,0.7058960703446939,0.5694106553252819
2022-01,0.003418729640543461,-3.4098571777343523,9.377954101562523,91.4792890625,0.7028583488940878,0.618048300330229
2022-02,0.0026846195105463266,-6.543249511718727,9.496972656250023,91.39015625,0.8128747698886667,0.6991167525172368
2022-03,0.003018690040335059,-5.368688964843727,14.090997314453148,91.1643359375,1.198540353234204,0.9394710574711514
2022-04,0.0031879351008683443,-4.998815917968727,19.245874023437523,90.9445,1.8101124700489208,1.3389651330506462
2022-05,0.0035659156274050474,-3.5860656738281023,23.596124267578148,90.8457421875,2.4437282491202343,1.6713922887120893
2022-06,0.007002163678407669,5.454248046875023,29.001855468750023,90.9465625,3.105746689222263,1.9464751729960206
2022-07,0.010597869753837585,12.634149169921898,30.200982666015648,91.123421875,2.829923529573815,1.753149258010684
2022-08,0.013638137839734554,17.127313232421898,28.557336425781273,91.1206484375,1.9509221789399558,1.4558181084948734
2022-09,0.01113085076212883,13.567315673828148,26.870660400390648,91.0812109375,1.9841083780961526,1.4551533802534684
2022-10,0.007530843373388052,6.956109619140648,19.803033447265648,91.201203125,1.3110795905878314,1.0036074892457227
2022-11,0.0036353510804474354,-2.8679870605468523,10.912805175781273,91.2874140625,0.810652096535555,0.6801075654168626
2022-12,0.004389174282550812,-0.41675415039060226,8.822900390625023,91.3571015625,0.5418762270114038,0.5073649229980207
2023-01,0.004009120631963015,-1.3309997558593523,7.375726318359398,91.2896484375,0.47389515851022024,0.4587279328506604
2023-02,0.0037164995446801186,-2.3584350585937273,8.148004150390648,91.286078125,0.5700502485064045,0.5597943098584662
2023-03,0.004494949709624052,0.22173461914064774,11.413629150390648,91.1129765625,0.7285185708608245,0.6648721696786065
2023-04,0.003907022066414356,-1.7096008300781023,17.910394287109398,91.0025234375,1.5135338952146875,1.23137090850937
2023-05,0.005456389859318733,2.8084655761718977,22.242303466796898,90.9572890625,1.9357043386942643,1.40142896004023
2023-06,0.004615286830812693,0.35347900390627274,26.010705566406273,90.9115234375,2.736874882530933,1.7641196007884778
2023-07,0.008492132648825645,9.003137207031273,32.78878173828127,91.0641953125,3.822554511162392,2.300702926018799
2023-08,0.010475266724824905,12.734735107421898,30.765679931640648,91.1261640625,2.961028271777627,1.857396416953733
2023-09,0.007951358333230019,7.928979492187523,26.894677734375023,91.0840234375,2.4757784014102846,1.6529039044816551
2023-10,0.005290764383971691,2.1284729003906477,22.164331054687523,90.9870703125,1.9583738882063524,1.335554495379376
2023-11,0.004371815826743841,-0.7068847656249773,15.059930419921898,91.306828125,1.131854409774085,0.8303214775948629
2023-12,0.0035373279824852943,-3.5199645996093523,10.587731933593773,91.410625,0.8062263093184132,0.6398306088263529
