year_month,irrigation_total_withdrawal_mgd
2000-01,54719181.1966
2000-02,54547395.1329
2000-03,54501064.4636
2000-04,54602184.7514
2000-05,54759649.8177
2000-06,54685687.5528
2000-07,54962337.238
2000-08,55194172.8882
2000-09,54714731.4384
2000-10,54716490.0175
2000-11,54530008.1617
2000-12,54537222.0005
2001-01,54058698.1267
2001-02,54057391.5721
2001-03,54079023.6784
2001-04,54091189.8391
2001-05,54206705.7035
2001-06,54302657.2738
2001-07,54367741.1434
2001-08,54462385.8225
2001-09,54206935.6206
2001-10,54129560.8784
2001-11,54061889.9537
2001-12,54446985.5665
2002-01,54768046.6872
2002-02,54841209.0863
2002-03,54797501.6571
2002-04,54795280.6261
2002-05,54981946.8864
2002-06,55112329.7675
2002-07,55104293.0379
2002-08,55150807.3827
2002-09,54929472.5023
2002-10,54797997.5545
2002-11,54758768.4686
2002-12,55243862.479
2003-01,55125180.7661
2003-02,53869775.9575
2003-03,53882147.1722
2003-04,53931363.9065
2003-05,53979551.642
2003-06,54207557.8518
2003-07,54317445.5273
2003-08,54141588.116
2003-09,54031855.1587
2003-10,53978605.186
2003-11,53885211.2128
2003-12,54352939.8903
2004-01,53897317.1561
2004-02,53894878.8112
2004-03,53940782.0719
2004-04,53943841.0416
2004-05,54194132.0322
2004-06,54182859.3446
2004-07,54218184.3423
2004-08,54214928.3991
2004-09,54096037.4528
2004-10,53922378.5942
2004-11,53901325.2006
2004-12,53958518.2273
2005-01,53362263.2383
2005-02,53816698.8799
2005-03,53372521.0223
2005-04,53409166.0998
2005-05,53462082.5227
2005-06,53592772.3684
2005-07,53761468.8888
2005-08,53722794.5977
2005-09,53557904.2761
2005-10,53426174.571
2005-11,53826570.7775
2005-12,53676394.228
2006-01,54038829.3904
2006-02,55534536.27
2006-03,53681477.251
2006-04,53715946.847
2006-05,53796635.4435
2006-06,53916705.1973
2006-07,54065710.1655
2006-08,54046428.3782
2006-09,53871943.1577
2006-10,53707852.4778
2006-11,53898913.3638
2006-12,53665236.921
2007-01,54008998.3329
2007-02,54012261.7893
2007-03,54021346.149
2007-04,54046836.4454
2007-05,54165283.7725
2007-06,54340265.1113
2007-07,54351456.4983
2007-08,54349548.8793
2007-09,54149586.583
2007-10,54081415.2421
2007-11,54237103.1781
2007-12,54003440.8006
2008-01,53419067.2319
2008-02,53405154.8275
2008-03,53482429.0657
2008-04,53676150.4964
2008-05,53447127.5543
2008-06,53667598.6063
2008-07,53769487.1048
2008-08,53712939.1334
2008-09,53587810.5695
2008-10,53436113.2056
2008-11,53382177.1427
2008-12,53359706.0732
2009-01,53898387.4503
2009-02,53635716.9408
2009-03,53660213.0891
2009-04,53665082.0933
2009-05,53731467.8222
2009-06,53775359.2334
2009-07,53991761.9894
2009-08,53940595.8837
2009-09,53844105.566
2009-10,53691563.5261
2009-11,53865375.7406
2009-12,53610344.7718
2010-01,53203193.6138
2010-02,53125008.863
2010-03,53088901.0233
2010-04,53118380.6576
2010-05,53291665.5849
2010-06,53485044.5325
2010-07,53521177.6476
2010-08,53522591.6336
2010-09,53439853.7814
2010-10,53296538.232
2010-11,53452331.2101
2010-12,53216130.2896
2011-01,54181969.3722
2011-02,53850288.565
2011-03,54170735.2531
2011-04,54340721.5367
2011-05,54078880.5023
2011-06,54174169.9292
2011-07,54345001.2055
2011-08,54399503.8232
2011-09,54069984.6987
2011-10,53875008.9776
2011-11,53831635.6537
2011-12,53922001.7367
2012-01,55839023.5943
2012-02,55375678.1786
2012-03,55717357.0308
2012-04,55447870.3601
2012-05,55733103.5933
2012-06,56023129.2665
2012-07,55876291.4167
2012-08,55994733.2494
2012-09,55950973.6302
2012-10,55546587.442
2012-11,56244718.608
2012-12,55370574.1002
2013-01,53266628.0081
2013-02,53387970.2322
2013-03,53696104.0598
2013-04,53928244.5939
2013-05,53485081.1518
2013-06,53828420.5734
2013-07,53860520.0589
2013-08,53651775.2928
2013-09,53494338.7094
2013-10,53449914.9801
2013-11,53273824.1245
2013-12,53266177.9816
2014-01,55742947.4203
2014-02,53694400.4616
2014-03,53619595.233
2014-04,53658868.348
2014-05,53887729.5333
2014-06,54253042.0778
2014-07,54005581.1394
2014-08,53899218.6133
2014-09,53769745.5011
2014-10,53753346.3592
2014-11,53688792.7751
2014-12,53586179.4978
2015-01,53881702.8997
2015-02,53793066.9386
2015-03,53826999.3003
2015-04,53817398.6192
2015-05,53822155.0487
2015-06,53968352.4852
2015-07,54091766.8985
2015-08,54121702.5803
2015-09,53966812.9629
2015-10,53823721.92
2015-11,53762072.5251
2015-12,53751751.4455
2016-01,54244954.195
2016-02,54301508.7295
2016-03,54379452.7714
2016-04,54248957.1888
2016-05,54299519.7678
2016-06,54518072.697
2016-07,54682644.3972
2016-08,54730025.317
2016-09,54471774.787
2016-10,54378784.8535
2016-11,54271953.6236
2016-12,54197418.5244
2017-01,55657205.1199
2017-02,55688353.1682
2017-03,55700392.0581
2017-04,55768442.2079
2017-05,55744410.7723
2017-06,56039623.7839
2017-07,56297952.3024
2017-08,55991560.7668
2017-09,55850004.1324
2017-10,55894055.5607
2017-11,55881602.4842
2017-12,56920167.5082
2018-01,55086536.5454
2018-02,54669445.9324
2018-03,54510974.1432
2018-04,54723781.2183
2018-05,54653690.277
2018-06,55010912.1996
2018-07,55194708.2555
2018-08,55068111.6151
2018-09,55069999.0385
2018-10,54505206.8063
2018-11,54514056.1344
2018-12,54470083.8166
2019-01,54431687.8362
2019-02,54437854.5095
2019-03,54577465.969
2019-04,54472844.3162
2019-05,54476995.7512
2019-06,54741232.8269
2019-07,54928677.106
2019-08,54885543.3344
2019-09,54678156.2031
2019-10,54838698.2258
2019-11,54428364.3148
2019-12,54428257.5745
2020-01,55054036.9523
2020-02,55196818.2441
2020-03,55008864.8022
2020-04,55075211.1195
2020-05,55157151.1481
2020-06,55333901.7859
2020-07,55635313.1862
2020-08,55507368.1673
2020-09,55538441.2476
2020-10,55448385.2784
2020-11,55118859.1632
2020-12,55228422.8392
