year_month,mead_pool_elevation,mead_storage,mead_total_release,mead_release_volume
2000-01,1214.141,25027759.6129,12195.5201,749873.2994
2000-02,1214.1721,25032544.0,12907.0436,742421.6809
2000-03,1212.6842,24804630.0,16825.8603,1034581.8244
2000-04,1209.888,24380117.2,20632.374,1227711.5136
2000-05,1208.4074,24157114.1935,20092.5956,1235445.5492
2000-06,1205.806,23768407.6,16184.3047,963033.0055
2000-07,1202.0087,23208975.1613,16263.0066,999973.3001
2000-08,1197.9823,22625486.0,15045.1875,925092.5195
2000-09,1196.875,22466167.8,9682.5394,576151.1055
2000-10,1196.6342,22431688.129,9545.9241,586955.9926
2000-11,1196.4553,22406123.3333,13036.5853,775730.6977
2000-12,1195.9913,22339843.6774,13970.5291,859014.3531
2001-01,1196.4013,22398422.7097,11193.8004,688279.9604
2001-02,1197.0775,22495253.4286,13865.8577,770070.773
2001-03,1195.801,22312838.2581,15845.5825,974306.8929
2001-04,1192.695,21874166.0,19107.5705,1136979.402
2001-05,1188.9252,21348723.4194,16742.2178,1029438.844
2001-06,1185.3683,20861548.8,18140.6267,1079442.2495
2001-07,1181.7642,20375838.1935,16277.5478,1000867.4055
2001-08,1180.3035,20181373.3548,14435.5773,887609.0531
2001-09,1178.9993,20009162.9333,11729.3048,697942.1056
2001-10,1177.8622,19859744.1935,8387.3895,515720.4777
2001-11,1177.916,19867033.6667,11211.4949,667130.2725
2001-12,1177.3048,19786943.2903,12328.4735,758048.2905
2002-01,1177.7697,19847854.4516,11411.8249,701685.7653
2002-02,1177.5057,19813287.1429,14131.1894,784806.5512
2002-03,1174.2626,19393544.1935,18647.7695,1146606.6511
2002-04,1169.8433,18832301.8,18682.8671,1111707.7938
2002-05,1165.0671,18240943.9355,18941.548,1164670.3862
2002-06,1160.9913,17747641.6667,17393.9785,1035013.5939
2002-07,1158.5548,17458516.7742,16388.0799,1007663.7565
2002-08,1157.1042,17288368.0,15371.5248,945158.2208
2002-09,1155.858,17143386.1333,11162.6922,664226.3129
2002-10,1155.1303,17059995.4839,8537.2398,524934.4146
2002-11,1154.226,16956117.9333,10506.344,625170.8833
2002-12,1152.7761,16790830.9677,11881.9615,730593.3335
2003-01,1152.8552,16799752.6129,10593.2003,651350.4982
2003-02,1153.6707,16892516.2143,10947.7641,608008.0554
2003-03,1154.1981,16952882.6452,15566.0326,957118.038
2003-04,1150.8383,16572778.5667,19122.0905,1137843.4016
2003-05,1146.4703,16089025.7742,16545.5329,1017345.1608
2003-06,1143.9583,15815501.0333,15164.6972,902362.1477
2003-07,1142.5932,15668486.5806,15685.8599,964485.9318
2003-08,1142.6458,15674146.5806,12097.6481,743855.3856
2003-09,1142.8767,15698917.4667,9817.1918,584163.4788
2003-10,1142.0584,15611375.8065,8759.2812,538587.2086
2003-11,1140.273,15421445.6,10704.0416,636934.71
2003-12,1139.2487,15313294.4516,10135.3719,623199.7262
2004-01,1139.9171,15383589.9355,10296.7547,633122.7672
2004-02,1140.3352,15427857.2759,14005.057,805580.137
2004-03,1139.5668,15346518.5806,15378.6807,945598.2165
2004-04,1136.9943,15081896.5667,17626.2466,1048834.5077
2004-05,1132.4477,14609457.9032,18286.2211,1124375.9119
2004-06,1128.2187,14173946.6667,16721.4181,994993.4712
2004-07,1126.2294,13973935.4839,15490.4355,952469.7521
2004-08,1126.4532,13996325.8065,12415.1134,763375.5695
2004-09,1126.3707,13988066.6667,9543.0139,567848.7604
2004-10,1126.5461,14005652.5806,5932.7181,364788.6189
2004-11,1128.2913,14181458.3333,8431.8083,501727.4382
2004-12,1130.0506,14359178.3871,10447.8037,642410.4126
2005-01,1133.6455,14729230.6452,5484.6274,337236.595
2005-02,1139.8593,15378150.7143,6148.0193,341443.719
2005-03,1146.141,16053274.1935,6954.2088,427597.6311
2005-04,1146.3527,16076164.3333,17201.2403,1023544.8759
2005-05,1143.0577,15718532.2581,16405.6596,1008744.6885
2005-06,1140.9867,15497474.6667,15116.6333,899502.1491
2005-07,1139.6706,15357579.0323,15856.4704,974976.364
2005-08,1139.1971,15307678.3871,12931.9019,795151.6531
2005-09,1139.251,15313226.3333,10461.7157,622515.3148
2005-10,1137.5481,15134070.6452,10408.9704,640022.6447
2005-11,1136.401,15014265.6667,11347.55,675226.1158
2005-12,1136.3887,15012874.8387,8612.2796,529548.4299
2006-01,1138.7723,15262761.9355,9671.3145,594665.9508
2006-02,1140.4314,15438257.5,10992.186,610475.124
2006-03,1140.2655,15420613.871,13500.1452,830091.5704
2006-04,1137.74,15154334.6667,16639.5028,990119.174
2006-05,1133.6781,14731731.6129,17415.7043,1070849.9174
2006-06,1129.8293,14337066.3333,17406.4153,1035753.6365
2006-07,1127.4416,14095729.3548,15731.3777,967284.7111
2006-08,1126.7026,14021258.0645,13307.5995,818252.397
2006-09,1126.0603,13957033.3333,10639.975,633122.4794
2006-10,1125.7468,13925677.4194,9172.5228,563996.4468
2006-11,1126.4507,13996066.6667,8822.9569,525002.3969
2006-12,1127.4558,14097084.8387,10094.4489,620683.4713
2007-01,1128.8845,14241336.129,10384.8239,638537.9341
2007-02,1129.7496,14328713.9286,11646.6753,646823.6222
2007-03,1127.6929,14121158.0645,15777.2258,970103.8016
2007-04,1123.3057,13683513.6667,18365.7111,1092835.7026
2007-05,1118.3319,13197602.2581,16681.8723,1025728.3472
2007-06,1114.5883,12838516.3333,16096.2523,957793.5251
2007-07,1112.3561,12626697.7419,15452.4866,950136.3635
2007-08,1111.7652,12570925.1613,13056.793,802830.9089
2007-09,1111.3977,12536380.6667,11020.7863,655782.3249
2007-10,1111.0735,12505933.2258,9266.2581,569759.9999
2007-11,1111.091,12507559.0,9680.9889,576058.8429
2007-12,1113.1923,12706001.9355,7750.8522,476581.3224
2008-01,1115.6897,12943562.9032,10930.7487,672105.5373
2008-02,1117.0069,13069662.069,11453.1092,658790.4132
2008-03,1116.7126,13041449.6774,16663.5591,1024602.3143
2008-04,1112.957,12683958.3333,19477.8194,1159010.7439
2008-05,1108.8035,12294239.0323,18098.6707,1112843.8844
2008-06,1105.801,12016692.6667,15946.5708,948886.8597
2008-07,1104.7719,11922255.8065,14248.379,876098.6777
2008-08,1105.0826,11950713.2258,13081.5054,804350.4135
2008-09,1105.247,11965737.0,10956.3236,651946.5288
2008-10,1107.2694,12151780.6452,8267.6008,508354.9591
2008-11,1107.6283,12184814.3333,11342.2667,674911.7358
2008-12,1108.9952,12312041.2903,7374.4422,453436.7769
2009-01,1111.9394,12587459.3548,12056.6626,741335.2895
2009-02,1111.5614,12551774.2857,12227.3646,679073.471
2009-03,1109.729,12380497.4194,16857.3871,1036520.3303
2009-04,1104.579,11905411.0,19732.8194,1174184.2976
2009-05,1099.1203,11412834.1935,15895.6653,977386.3637
2009-06,1095.8577,11123474.6667,12597.0361,749575.7024
2009-07,1094.8303,11033313.5484,13659.5578,839893.4711
2009-08,1094.0948,10968902.5806,13031.1223,801252.4796
2009-09,1093.7537,10939569.0,9654.9306,574508.2647
2009-10,1093.8326,10946434.5161,9962.8051,612589.0084
2009-11,1093.4527,10913382.0,10891.675,648099.6691
2009-12,1094.7035,11022486.4516,10500.2944,645637.934
2010-01,1097.7539,11291206.7742,10316.2663,634322.4913
2010-02,1102.0639,11676822.1429,7210.0714,400427.1074
2010-03,1101.8497,11657477.4194,14463.2863,889312.8099
2010-04,1099.288,11427687.6667,15679.4111,932989.7522
2010-05,1096.2513,11158337.7419,15628.3118,960947.4379
2010-06,1092.014,10789249.6667,16926.1027,1007173.0539
2010-07,1088.3026,10470750.3226,15300.7319,940805.3356
2010-08,1087.2529,10381506.7742,13479.8011,828840.661
2010-09,1085.4767,10232040.0,12746.6708,758479.5867
2010-10,1083.1303,10035125.4839,10369.32,637584.6365
2010-11,1082.0917,9948628.6667,13442.2583,799869.9175
2010-12,1084.0329,10110932.9032,10734.5417,660041.2399
2011-01,1088.7094,10505961.9355,8776.5659,539650.0004
2011-02,1093.9643,10958183.5714,11425.8945,634562.0751
2011-03,1096.0332,11138923.871,16365.1371,1006253.0578
2011-04,1096.233,11156504.0,18123.4187,1078418.304
2011-05,1096.0813,11143225.4839,16287.1882,1001460.1655
2011-06,1100.2057,11509947.0,15785.6681,939312.4795
2011-07,1104.7897,11924339.0323,16287.4519,1001476.3802
2011-08,1110.3832,12442028.0645,13514.6344,830982.4791
2011-09,1114.6903,12848156.6667,11256.4639,669806.1158
2011-10,1118.8629,13248649.0323,7212.5188,443480.4961
2011-11,1123.071,13660273.0,9481.9306,564214.0495
2011-12,1129.5339,14307880.3226,8077.8817,496689.587
2012-01,1133.9758,15001259.1839,11592.9825,712824.7107
2012-02,1133.7534,14978299.6207,13481.9756,775492.1489
2012-03,1131.4377,14740948.9355,16037.0511,986079.8348
2012-04,1126.6357,14256078.6967,19657.6847,1169713.4712
2012-05,1121.7987,13777289.6613,16399.9854,1008395.7993
2012-06,1117.6843,13377320.16,16622.9264,989132.81
2012-07,1115.4877,13166109.4129,13685.6527,841497.9829
2012-08,1116.2865,13242625.4,12982.0941,798237.851
2012-09,1115.666,13183193.27,10676.2486,635280.9091
2012-10,1115.6719,13183762.6226,5619.4489,345526.4461
2012-11,1116.0687,13221852.7133,10931.7444,650483.9671
2012-12,1118.8594,13490865.7323,7737.7849,475777.8513
2013-01,1121.5529,13752982.1806,9902.1116,608857.1071
2013-02,1122.4061,13836468.2643,11638.1414,646349.6692
2013-03,1120.4748,13647888.3774,16053.2177,987073.8842
2013-04,1115.7823,13194808.6133,18538.1972,1103099.3391
2013-05,1110.7284,12715782.2677,16371.6129,1006651.2398
2013-06,1107.2947,12396454.5533,15926.3125,947681.405
2013-07,1105.4639,12228412.0871,14065.7487,864869.1736
2013-08,1105.9368,12271640.1935,13138.8186,807874.4628
2013-09,1106.655,12337504.35,10061.3389,598691.2397
2013-10,1104.9948,12185745.3129,11917.961,732806.8597
2013-11,1105.2933,12213141.6467,8627.2653,513357.934
2013-12,1106.3048,12305361.4097,9074.5134,557970.0828
2014-01,1107.6952,12433384.2742,9847.0323,605470.4133
2014-02,1108.3593,12494667.2679,12911.8348,717087.0248
2014-03,1105.1297,12198589.3419,17723.4267,1089771.0311
2014-04,1097.9797,11556289.4767,19053.025,1133733.7193
2014-05,1091.1745,10959432.6774,17655.1951,1085575.6336
2014-06,1085.0387,10433205.88,16123.3014,959403.0577
2014-07,1081.5181,10137205.5871,15333.4812,942819.0084
2014-08,1080.6319,10063431.8645,11957.2137,735220.4135
2014-09,1081.3013,10119104.1733,11524.7319,685769.1736
2014-10,1082.0365,10180469.7226,7673.5417,471827.6862
2014-11,1083.416,10296180.4733,11680.5486,695040.9091
2014-12,1085.8013,10497839.5806,8019.8602,493121.9836
2015-01,1088.6471,10740536.8645,13539.1329,832488.8357
2015-02,1088.8782,10760364.75,10806.6295,600169.8347
2015-03,1086.9571,10596148.7226,16816.2191,1033989.0085
2015-04,1081.9683,10175230.9467,18269.9014,1087134.6283
2015-05,1077.4224,9798680.171,14163.6868,870891.1573
2015-06,1075.4513,9637693.5467,14590.9403,868221.24
2015-07,1076.1645,9695851.4194,12479.7715,767351.2397
2015-08,1078.2371,9865462.4065,13055.7392,802766.1157
2015-09,1078.048,9849911.58,12148.8736,722908.1819
2015-10,1078.6132,9896433.4645,9403.1868,578179.4219
2015-11,1078.8284,9914160.894,10603.5611,630955.7028
2015-12,1079.779,9992803.9161,10066.172,618944.7934
2016-01,1082.3529,10207016.271,10759.5766,661580.5786
2016-02,1084.1566,10358383.931,12155.1626,699172.9874
2016-03,1082.4106,10211902.2839,16386.879,1007589.9175
2016-04,1078.2663,9868125.3933,17737.3042,1055442.8928
2016-05,1074.8368,9587826.1806,14420.1559,886660.8267
2016-06,1072.5893,9406406.5467,15460.0972,919939.6698
2016-07,1072.0787,9365392.0774,13516.0081,831066.9424
2016-08,1074.0271,9522284.0839,11397.1815,700785.3722
2016-09,1074.9383,9595997.3533,11805.3639,702467.9337
2016-10,1075.78,9664397.2581,8417.5121,517572.6446
2016-11,1077.2727,9786415.6867,12628.8264,751467.3554
2016-12,1078.2284,9865042.2129,8818.8508,542250.0
2017-01,1083.1145,10271157.0516,8127.746,499755.6199
2017-02,1087.9175,10678164.0,8782.1473,487735.785
2017-03,1088.9052,10762708.7677,14819.6196,911222.8929
2017-04,1086.498,10556929.4533,16149.3889,960955.3719
2017-05,1083.2845,10285136.871,14905.5551,916506.8595
2017-06,1080.6403,10064161.6467,14527.3,864434.3799
2017-07,1079.2819,9951587.471,14392.4382,884956.5291
2017-08,1080.2687,10033363.3677,11112.2178,683263.6365
2017-09,1081.594,10143498.4467,10075.6806,599544.6285
2017-10,1082.2339,10196938.9677,9694.6958,596103.6111
2017-11,1081.4717,10133316.34,12290.6653,731345.372
2017-12,1081.7332,10155145.3226,9664.8656,594269.4218
2018-01,1084.9287,10424056.9419,7307.7702,449337.2732
2018-02,1087.8725,10674095.85,12367.4137,686851.4049
2018-03,1088.1252,10695729.329,13548.453,833061.9009
2018-04,1086.3013,10540211.4667,17063.3389,1015339.1737
2018-05,1082.3365,10205797.6968,17149.8401,1054502.5619
2018-06,1078.3673,9876334.4867,16566.8514,985796.116
2018-07,1076.9468,9759631.9032,13337.3132,820079.4218
2018-08,1078.2368,9865470.4903,12175.6734,748652.9755
2018-09,1078.6847,9902318.52,12177.2778,724598.347
2018-10,1078.9039,9920387.1226,10420.3454,640722.066
2018-11,1078.8163,9913191.7067,11590.0667,689656.8596
2018-12,1079.7652,9991715.9677,7607.7567,467782.7275
2019-01,1083.7003,10320257.0065,7916.5282,486768.3472
2019-02,1086.325,10542112.2,11183.3408,621091.3224
2019-03,1089.3132,10797861.9613,12005.5227,738190.8198
2019-04,1089.4527,10809826.74,15154.9097,901779.752
2019-05,1087.8303,10670563.0323,16092.2567,989474.2976
2019-06,1085.3997,10463498.3467,15327.2444,912034.3803
2019-07,1083.8994,10336753.2903,15393.3239,946498.5952
2019-08,1083.1603,10274569.2258,13040.9435,801856.3638
2019-09,1083.2203,10279608.7467,11692.925,695777.3552
2019-10,1083.1016,10269643.3935,10187.2997,626392.6448
2019-11,1083.154,10274059.92,9660.8055,574857.8494
2019-12,1087.0768,10606795.2194,3575.7044,219861.4942
2020-01,1092.6806,11090030.5935,6585.7285,404940.6612
2020-02,1095.4334,11331139.2897,9681.1034,556863.4711
2020-03,1096.989,11468169.8129,9644.3064,593005.2894
2020-04,1097.4813,11511500.73,14482.6861,861779.6695
2020-05,1093.9352,11199780.3645,17189.2191,1056923.8843
2020-06,1089.0647,10776667.9667,16356.2694,973265.62
2020-07,1085.7138,10490164.1581,14666.4046,901802.0662
2020-08,1084.0287,10347615.9226,13777.168,847125.0413
2020-09,1083.7577,10324795.4667,10853.9097,645852.4794
2020-10,1082.7106,10236883.2774,11869.2191,729809.8349
2020-11,1081.3287,10121382.1733,12006.0444,714409.2561
2020-12,1082.5758,10225668.5484,8083.3038,497022.9749
2021-01,1084.8906,10420436.3419,9638.4462,592644.9587
2021-02,1086.985,10598262.5214,10341.028,574311.635
2021-03,1085.7768,10495633.1613,15373.6371,945288.0993
2021-04,1082.1317,10188778.2667,17759.9931,1056792.975
2021-05,1076.3006,9707263.4194,17357.5968,1067277.0247
2021-06,1070.788,9262466.6933,15777.4218,938821.7932
2021-07,1067.9558,9037877.6452,14013.6062,861663.0581
2021-08,1067.8072,9026163.8026,12463.1968,766332.0981
2021-09,1067.6713,9015481.8333,10358.1861,616354.8762
2021-10,1067.4626,8999095.129,9442.104,580572.3482
2021-11,1065.7577,8865741.28,10794.5633,642321.1243
2021-12,1065.5552,8849971.2516,8173.5578,502572.4797
2022-01,1066.909,8955675.7226,10400.8777,639525.0417
2022-02,1067.0154,8963991.15,10631.1637,590424.9588
2022-03,1064.2097,8745984.5806,16421.7379,1009733.306
2022-04,1058.205,8288246.9667,17262.5028,1027190.248
2022-05,1050.9735,7754107.5226,17613.6788,1083022.8926
2022-06,1045.0299,7328495.2067,14935.9792,888752.4796
2022-07,1041.5106,7082144.38,13374.0981,822341.2403
2022-08,1042.4652,7148597.1903,9324.6425,573349.9174
2022-09,1044.3747,7282050.71,9056.3542,538890.4961
2022-10,1045.7558,7379486.9761,6799.1183,418061.4876
2022-11,1044.2927,7276387.888,11980.0528,712862.6447
2022-12,1043.7765,7240077.3729,7127.2487,438237.4382
2023-01,1045.6684,7373333.0852,6704.2682,412229.3851
2023-02,1047.2779,7487578.625,8885.9687,493501.7355
2023-03,1046.2461,7414218.7645,12257.6236,753691.9007
2023-04,1046.8837,7459675.3167,13962.6875,830837.6033
2023-05,1051.8561,7817871.4761,13903.6304,854900.9092
2023-06,1055.208,8063944.3,14888.0014,885897.6034
2023-07,1058.7713,8330548.7871,12358.1398,759872.3967
2023-08,1063.1939,8667429.7613,9433.7513,580058.7604
2023-09,1066.211,8901077.4133,8274.9806,492395.5373
2023-10,1065.8397,8872111.5355,7916.1936,486747.7686
2023-11,1064.8613,8796022.7867,8951.1486,532630.331
2023-12,1066.5658,8928967.7032,5889.9341,362157.9341
