year_month,temperature_2m_c
2000-01,7.632818698883057
2000-02,8.965686798095703
2000-03,10.225457191467285
2000-04,16.93128204345703
2000-05,22.616666793823242
2000-06,26.63031005859375
2000-07,28.60430908203125
2000-08,27.46066665649414
2000-09,24.617006301879883
2000-10,16.13144302368164
2000-11,6.215789794921875
2000-12,6.956286907196045
2001-01,4.503746032714844
2001-02,6.352397441864014
2001-03,11.183613777160645
2001-04,14.183622360229492
2001-05,22.630414962768555
2001-06,26.629287719726562
2001-07,27.770963668823242
2001-08,27.245107650756836
2001-09,25.519071578979492
2001-10,18.77740478515625
2001-11,12.196091651916504
2001-12,4.42357873916626
2002-01,5.399044990539551
2002-02,7.913542747497559
2002-03,10.165111541748047
2002-04,17.31804084777832
2002-05,20.63030242919922
2002-06,27.578977584838867
2002-07,29.108243942260742
2002-08,27.6002197265625
2002-09,23.982851028442383
2002-10,16.19744300842285
2002-11,10.729585647583008
2002-12,5.466641902923584
2003-01,9.34068775177002
2003-02,7.519490718841553
2003-03,10.375380516052246
2003-04,13.237744331359863
2003-05,21.11269187927246
2003-06,25.86668586730957
2003-07,29.879125595092773
2003-08,27.598026275634766
2003-09,24.66579246520996
2003-10,20.38433074951172
2003-11,9.25066089630127
2003-12,6.083010196685791
2004-01,6.029773235321045
2004-02,5.469738960266113
2004-03,14.551850318908691
2004-04,14.767240524291992
2004-05,21.213579177856445
2004-06,26.048784255981445
2004-07,28.178512573242188
2004-08,26.476268768310547
2004-09,23.157804489135742
2004-10,15.95547103881836
2004-11,8.2145357131958
2004-12,5.511568546295166
2005-01,6.88446044921875
2005-02,7.514219284057617
2005-03,9.560100555419922
2005-04,13.739225387573242
2005-05,20.44023895263672
2005-06,24.65351104736328
2005-07,29.472742080688477
2005-08,26.06711769104004
2005-09,23.817758560180664
2005-10,17.437238693237305
2005-11,11.290771484375
2005-12,6.792910099029541
2006-01,6.514315128326416
2006-02,8.466472625732422
2006-03,8.922359466552734
2006-04,14.990367889404297
2006-05,22.13748550415039
2006-06,27.587779998779297
2006-07,28.643672943115234
2006-08,26.18885040283203
2006-09,21.705263137817383
2006-10,15.883153915405273
2006-11,11.534759521484375
2006-12,5.065968990325928
2007-01,3.563610315322876
2007-02,7.545137405395508
2007-03,12.421749114990234
2007-04,15.296162605285645
2007-05,20.980079650878906
2007-06,26.3876953125
2007-07,28.370134353637695
2007-08,27.409456253051758
2007-09,23.64139747619629
2007-10,16.990999221801758
2007-11,13.22835636138916
2007-12,3.933241367340088
2008-01,3.7607481479644775
2008-02,6.476581573486328
2008-03,10.498978614807129
2008-04,14.268284797668457
2008-05,18.124868392944336
2008-06,26.26790428161621
2008-07,27.728422164916992
2008-08,26.937299728393555
2008-09,24.016807556152344
2008-10,17.521892547607422
2008-11,11.744319915771484
2008-12,5.2412638664245605
2009-01,6.41040563583374
2009-02,7.618886470794678
2009-03,11.315974235534668
2009-04,13.960064888000488
2009-05,22.58987045288086
2009-06,23.760265350341797
2009-07,29.17026138305664
2009-08,27.62041473388672
2009-09,24.41262435913086
2009-10,15.392573356628418
2009-11,11.573478698730469
2009-12,3.75476336479187
2010-01,5.342174530029297
2010-02,6.2047953605651855
2010-03,9.01705265045166
2010-04,13.234251022338867
2010-05,17.76583480834961
2010-06,25.618467330932617
2010-07,28.57240104675293
2010-08,26.96061897277832
2010-09,25.131107330322266
2010-10,17.47706413269043
2010-11,8.953812599182129
2010-12,7.864977836608887
2011-01,5.011019229888916
2011-02,5.02703857421875
2011-03,11.708077430725098
2011-04,15.106341361999512
2011-05,17.920791625976562
2011-06,25.457353591918945
2011-07,27.95352554321289
2011-08,28.941255569458008
2011-09,24.85818862915039
2011-10,17.809736251831055
2011-11,9.215584754943848
2011-12,4.063660144805908
2012-01,6.93925666809082
2012-02,7.3909525871276855
2012-03,10.94271469116211
2012-04,16.380298614501953
2012-05,21.809865951538086
2012-06,27.20471954345703
2012-07,27.29485321044922
2012-08,27.930498123168945
2012-09,24.12419891357422
2012-10,18.196584701538086
2012-11,12.68686294555664
2012-12,6.047988414764404
2013-01,3.593873977661133
2013-02,5.391016483306885
2013-03,12.568595886230469
2013-04,15.711198806762695
2013-05,20.675941467285156
2013-06,27.79709815979004
2013-07,27.900102615356445
2013-08,26.50379753112793
2013-09,22.99913787841797
2013-10,15.083069801330566
2013-11,10.717220306396484
2013-12,4.913453102111816
2014-01,7.77221155166626
2014-02,10.18276596069336
2014-03,12.417706489562988
2014-04,15.639585494995117
2014-05,20.307130813598633
2014-06,26.747684478759766
2014-07,27.965070724487305
2014-08,25.552919387817383
2014-09,24.31726837158203
2014-10,18.779996871948242
2014-11,10.873064994812012
2014-12,7.024960041046143
2015-01,7.104809761047363
2015-02,10.930317878723145
2015-03,13.764217376708984
2015-04,15.12100601196289
2015-05,17.917715072631836
2015-06,26.973108291625977
2015-07,26.494033813476562
2015-08,27.913818359375
2015-09,24.797096252441406
2015-10,18.709375381469727
2015-11,8.811890602111816
2015-12,4.96175479888916
2016-01,5.170255184173584
2016-02,9.947930335998535
2016-03,13.162023544311523
2016-04,15.26046085357666
2016-05,18.981571197509766
2016-06,27.915685653686523
2016-07,28.90687370300293
2016-08,26.252079010009766
2016-09,22.788869857788086
2016-10,19.640886306762695
2016-11,12.163261413574219
2016-12,7.064340114593506
2017-01,5.295229434967041
2017-02,9.40937614440918
2017-03,13.909262657165527
2017-04,15.973136901855469
2017-05,19.89149284362793
2017-06,27.770734786987305
2017-07,28.19987678527832
2017-08,27.331186294555664
2017-09,23.351404190063477
2017-10,18.862207412719727
2017-11,14.744261741638184
2017-12,8.509400367736816
2018-01,8.788864135742188
2018-02,8.567322731018066
2018-03,11.434290885925293
2018-04,17.793596267700195
2018-05,21.430036544799805
2018-06,27.050111770629883
2018-07,28.71322250366211
2018-08,27.629684448242188
2018-09,25.690353393554688
2018-10,15.969194412231445
2018-11,9.821361541748047
2018-12,6.083337783813477
2019-01,5.555605888366699
2019-02,4.944519996643066
2019-03,10.957327842712402
2019-04,16.11408805847168
2019-05,16.980865478515625
2019-06,25.333913803100586
2019-07,28.841182708740234
2019-08,28.81264877319336
2019-09,24.24195671081543
2019-10,16.12042999267578
2019-11,11.945493698120117
2019-12,5.641391277313232
2020-01,6.207083225250244
2020-02,7.482034206390381
2020-03,10.436973571777344
2020-04,15.484563827514648
2020-05,22.21785545349121
2020-06,26.144203186035156
2020-07,29.418607711791992
2020-08,30.16922378540039
2020-09,25.651151657104492
2020-10,20.16232681274414
2020-11,12.485105514526367
2020-12,5.829766273498535
2021-01,6.097232818603516
2021-02,8.015288352966309
2021-03,9.765092849731445
2021-04,17.048933029174805
2021-05,21.39760971069336
2021-06,28.545963287353516
2021-07,28.13037872314453
2021-08,27.44009017944336
2021-09,24.961185455322266
2021-10,16.305971145629883
2021-11,13.875412940979004
2021-12,7.878799915313721
2022-01,6.503398895263672
2022-02,6.811704158782959
2022-03,11.47515869140625
2022-04,16.691221237182617
2022-05,21.49359893798828
2022-06,27.34297752380371
2022-07,28.767433166503906
2022-08,26.994630813598633
2022-09,25.182031631469727
2022-10,17.45508575439453
2022-11,7.901845455169678
2022-12,6.207709312438965
2023-01,4.6250529289245605
2023-02,5.392575263977051
2023-03,8.448441505432129
2023-04,15.26142692565918
2023-05,20.37250518798828
2023-06,24.017959594726562
2023-07,31.294580459594727
2023-08,28.652799606323242
2023-09,24.452314376831055
2023-10,19.31122589111328
2023-11,12.096860885620117
2023-12,7.85129976272583
