year_month,ndvi
2000-01,0.193188
2000-02,0.193188
2000-03,0.194419
2000-04,0.194186
2000-05,0.1902
2000-06,0.194997
2000-07,0.218552
2000-08,0.238246
2000-09,0.229835
2000-10,0.220376
2000-11,0.231487
2000-12,0.219079
2001-01,0.225062
2001-02,0.213734
2001-03,0.22789
2001-04,0.222768
2001-05,0.219294
2001-06,0.214992
2001-07,0.23181
2001-08,0.25751
2001-09,0.252371
2001-10,0.233054
2001-11,0.21839
2001-12,0.21278
2002-01,0.204371
2002-02,0.197277
2002-03,0.190816
2002-04,0.186246
2002-05,0.181536
2002-06,0.18062
2002-07,0.19806
2002-08,0.227708
2002-09,0.233924
2002-10,0.23186
2002-11,0.21199
2002-12,0.214875
2003-01,0.20575
2003-02,0.213221
2003-03,0.212768
2003-04,0.210194
2003-05,0.20323
2003-06,0.199488
2003-07,0.200058
2003-08,0.216674
2003-09,0.224969
2003-10,0.216168
2003-11,0.206712
2003-12,0.203733
2004-01,0.201664
2004-02,0.196265
2004-03,0.198254
2004-04,0.206162
2004-05,0.201296
2004-06,0.197169
2004-07,0.20488
2004-08,0.234437
2004-09,0.232629
2004-10,0.231895
2004-11,0.22727
2004-12,0.228176
2005-01,0.240826
2005-02,0.260554
2005-03,0.260366
2005-04,0.242763
2005-05,0.23242
2005-06,0.228352
2005-07,0.2241
2005-08,0.259604
2005-09,0.271421
2005-10,0.249087
2005-11,0.229522
2005-12,0.217529
2006-01,0.211677
2006-02,0.204074
2006-03,0.199813
2006-04,0.19461
2006-05,0.19059
2006-06,0.191951
2006-07,0.236642
2006-08,0.314755
2006-09,0.33967
2006-10,0.290641
2006-11,0.246762
2006-12,0.228801
2007-01,0.208684
2007-02,0.20424
2007-03,0.206218
2007-04,0.211698
2007-05,0.215712
2007-06,0.216241
2007-07,0.239015
2007-08,0.272422
2007-09,0.268188
2007-10,0.241648
2007-11,0.216762
2007-12,0.214565
2008-01,0.196788
2008-02,0.210512
2008-03,0.20861
2008-04,0.198122
2008-05,0.194007
2008-06,0.193488
2008-07,0.268532
2008-08,0.304108
2008-09,0.30477
2008-10,0.257192
2008-11,0.223212
2008-12,0.222612
2009-01,0.212808
2009-02,0.213036
2009-03,0.209111
2009-04,0.19532
2009-05,0.192908
2009-06,0.205286
2009-07,0.217378
2009-08,0.219165
2009-09,0.2298
2009-10,0.222008
2009-11,0.207225
2009-12,0.205328
2010-01,0.180452
2010-02,0.190802
2010-03,0.212769
2010-04,0.218492
2010-05,0.221896
2010-06,0.219604
2010-07,0.253835
2010-08,0.286399
2010-09,0.278898
2010-10,0.253613
2010-11,0.226778
2010-12,0.222596
2011-01,0.211506
2011-02,0.205304
2011-03,0.198661
2011-04,0.192626
2011-05,0.18607
2011-06,0.18531
2011-07,0.201764
2011-08,0.2385
2011-09,0.25014
2011-10,0.232944
2011-11,0.218938
2011-12,0.214302
2012-01,0.197592
2012-02,0.198202
2012-03,0.194376
2012-04,0.195374
2012-05,0.199
2012-06,0.192842
2012-07,0.212203
2012-08,0.231256
2012-09,0.243718
2012-10,0.224854
2012-11,0.209016
2012-12,0.206428
2013-01,0.186864
2013-02,0.198336
2013-03,0.195692
2013-04,0.188208
2013-05,0.183731
2013-06,0.181892
2013-07,0.228449
2013-08,0.274118
2013-09,0.302797
2013-10,0.268464
2013-11,0.242246
2013-12,0.224608
2014-01,0.20865
2014-02,0.205336
2014-03,0.197992
2014-04,0.194493
2014-05,0.190393
2014-06,0.188089
2014-07,0.216946
2014-08,0.262843
2014-09,0.280296
2014-10,0.270056
2014-11,0.240498
2014-12,0.224886
2015-01,0.209398
2015-02,0.210122
2015-03,0.211214
2015-04,0.213491
2015-05,0.214558
2015-06,0.213428
2015-07,0.25086
2015-08,0.268424
2015-09,0.265463
2015-10,0.252016
2015-11,0.235581
2015-12,0.219398
2016-01,0.199204
2016-02,0.202555
2016-03,0.200682
2016-04,0.200971
2016-05,0.196256
2016-06,0.196816
2016-07,0.20442
2016-08,0.244914
2016-09,0.265319
2016-10,0.245778
2016-11,0.229332
2016-12,0.222102
2017-01,0.215876
2017-02,0.213546
2017-03,0.219829
2017-04,0.221148
2017-05,0.212498
2017-06,0.206592
2017-07,0.240348
2017-08,0.276194
2017-09,0.258136
2017-10,0.234658
2017-11,0.220189
2017-12,0.211896
2018-01,0.200282
2018-02,0.192962
2018-03,0.187568
2018-04,0.185515
2018-05,0.18348
2018-06,0.180856
2018-07,0.204966
2018-08,0.232083
2018-09,0.241867
2018-10,0.244006
2018-11,0.228232
2018-12,0.227257
2019-01,0.216634
2019-02,0.220848
2019-03,0.220568
2019-04,0.216283
2019-05,0.216929
2019-06,0.210906
2019-07,0.215394
2019-08,0.229618
2019-09,0.237172
2019-10,0.242625
2019-11,0.225241
2019-12,0.230442
2020-01,0.219052
2020-02,0.224232
2020-03,0.234256
2020-04,0.239607
2020-05,0.233739
2020-06,0.221826
2020-07,0.224254
2020-08,0.236012
2020-09,0.230511
2020-10,0.218783
2020-11,0.217998
2020-12,0.211595
2021-01,0.206242
2021-02,0.20175
2021-03,0.196371
2021-04,0.19028
2021-05,0.186171
2021-06,0.187566
2021-07,0.258334
2021-08,0.322178
2021-09,0.301322
2021-10,0.258505
2021-11,0.223128
2021-12,0.216518
2022-01,0.206858
2022-02,0.19975
2022-03,0.193702
2022-04,0.187562
2022-05,0.18288
2022-06,0.196212
2022-07,0.239242
2022-08,0.310397
2022-09,0.321692
2022-10,0.281784
2022-11,0.244548
2022-12,0.231806
2023-01,0.212957
2023-02,0.210234
2023-03,0.215071
2023-04,0.211465
2023-05,0.214176
2023-06,0.21652
2023-07,0.214358
2023-08,0.229681
2023-09,0.247514
2023-10,0.232596
2023-11,0.218102
2023-12,0.217843
