year_month,public_supply_groundwater_mgd,public_supply_groundwater_gallons_per_day,public_supply_groundwater_acre_feet_month,huc12_count
2000-01,480.66482512446,480664825.12446,45728.231496748354,3299
2000-02,541.90950014826,541909500.14826,48228.65301689237,3299
2000-03,515.68608630634,515686086.30634004,49059.99253879762,3299
2000-04,778.64411178277,778644111.78277,71687.03671231438,3299
2000-05,876.24569570614,876245695.70614,83361.96852121322,3299
2000-06,915.37323609237,915373236.09237,84275.20838882404,3299
2000-07,906.14029790398,906140297.90398,86206.00290515645,3299
2000-08,850.87100076667,850871000.76667,80947.93723849765,3299
2000-09,911.80790950568,911807909.50568,83946.9612550645,3299
2000-10,607.31641529904,607316415.2990401,57777.27884161048,3299
2000-11,454.73845278229,454738452.78229,41866.17694246386,3299
2000-12,468.94966396247,468949663.96247005,44613.70517063644,3299
2001-01,414.96636637063,414966366.37063,39477.98356130435,3299
2001-02,501.06705763317,501067057.63317,43056.056733539015,3299
2001-03,555.77958135393,555779581.35393,52874.302484559084,3299
2001-04,704.89931936861,704899319.36861,64897.61191459528,3299
2001-05,877.86984089908,877869840.89908,83516.48219370394,3299
2001-06,946.8011629802301,946801162.9802301,87168.66756293066,3299
2001-07,878.27595538806,878275955.38806,83555.11805053295,3299
2001-08,877.36565036631,877365650.36631,83468.515835036,3299
2001-09,931.5338031391,931533803.1391,85763.0552056686,3299
2001-10,752.49678964755,752496789.64755,71589.0691370086,3299
2001-11,582.25710837586,582257108.37586,53606.37301755027,3299
2001-12,418.16006162092,418160061.62092,39781.8169772351,3299
2002-01,467.52211445438,467522114.45438004,44477.89470361899,3299
2002-02,619.70870314738,619708703.14738,53250.78285333111,3299
2002-03,599.05244576957,599052445.76957,56991.08294797955,3299
2002-04,793.00105700738,793001057.00738,73008.83038392752,3299
2002-05,850.52315193463,850523151.93463,80914.8445071681,3299
2002-06,975.43098724846,975430987.24846,89804.51522725653,3299
2002-07,912.49538448542,912495384.48542,86810.59649134765,3299
2002-08,923.7109441103,923710944.1103001,87877.59303464433,3299
2002-09,891.7002512264,891700251.2264,82095.71957038126,3299
2002-10,719.49997458341,719499974.58341,68449.90454863315,3299
2002-11,594.13537440111,594135374.4011099,54699.963375128544,3299
2002-12,438.84280649836,438842806.49836,41749.47780096788,3299
2003-01,549.61302680995,549613026.80995,52287.64496567069,3299
2003-02,512.40813036413,512408130.36412996,44030.580728850015,3299
2003-03,568.82975728841,568829757.28841,54115.83595031805,3299
2003-04,704.16522771834,704165227.71834,64830.02666700044,3299
2003-05,865.76028884912,865760288.84912,82364.43534001724,3299
2003-06,970.4523963034,970452396.3033999,89346.15379299747,3299
2003-07,934.35489004598,934354890.04598,88890.20889156629,3299
2003-08,898.20869180188,898208691.80188,85451.42653297457,3299
2003-09,926.37476078088,926374760.78088,85288.0802417055,3299
2003-10,810.28854241232,810288542.41232,77087.1095820234,3299
2003-11,547.98395886292,547983958.8629199,50450.96415976619,3299
2003-12,473.58983030733,473589830.30732995,45055.149165932395,3299
2004-01,490.92235544573,490922355.44573,46704.08555678799,3299
2004-02,533.52501198289,533525011.98288995,47482.45356783078,3299
2004-03,753.52346580488,753523465.8048799,71686.74236488089,3299
2004-04,756.59223289281,756592232.89281,69656.79744428648,3299
2004-05,897.1773306068,897177330.6068,85353.30759224873,3299
2004-06,985.85230189144,985852301.89144,90763.96917302825,3299
2004-07,945.70942783812,945709427.83812,89970.42717582104,3299
2004-08,928.37288530343,928372885.3034301,88321.1085884369,3299
2004-09,916.79730917263,916797309.17263,84406.31781049792,3299
2004-10,744.06777250478,744067772.50478,70787.1713757259,3299
2004-11,535.36586570641,535365865.70641,49289.26050894286,3299
2004-12,476.58537225767,476585372.25767,45340.13119208316,3299
2005-01,465.72496865815,465724968.65814996,44306.922552739976,3299
2005-02,518.42368334437,518423683.34437,44547.4895666097,3299
2005-03,591.46428650234,591464286.50234,56269.18052144721,3299
2005-04,796.1975263476,796197526.3476001,73303.11812267057,3299
2005-05,888.83490108593,888834901.08593,84559.64737740594,3299
2005-06,992.18214791019,992182147.91019,91346.7359300907,3299
2005-07,969.29392493778,969293924.93778,92214.14730414204,3299
2005-08,895.41275558617,895412755.58617,85185.43407453115,3299
2005-09,960.207404673,960207404.6730001,88402.93328954528,3299
2005-10,812.28911211435,812289112.11435,77277.43454378053,3299
2005-11,672.63550546584,672635505.46584,61927.195550138895,3299
2005-12,529.26708247015,529267082.47014993,50352.02578956512,3299
2006-01,548.17714352963,548177143.5296301,52151.04166205308,3299
2006-02,670.29929475645,670299294.7564499,57597.968223673495,3299
2006-03,578.90030193043,578900301.93043,55073.90105643308,3299
2006-04,815.92524315526,815925243.15526,75119.37992654253,3299
2006-05,939.3239301058,939323930.1057999,89362.94041318995,3299
2006-06,1031.5247731564,1031524773.1564,94968.87366632355,3299
2006-07,938.226890689,938226890.689,89258.57314978662,3299
2006-08,908.5515816989,908551581.6989,86435.4013088152,3299
2006-09,895.4424954232001,895442495.4232,82440.25488897272,3299
2006-10,782.73945286802,782739452.8680199,74466.2164391141,3299
2006-11,671.18367968875,671183679.68875,61793.53103485239,3299
2006-12,486.16027444197,486160274.44197,46251.04316391097,3299
2007-01,485.96251318317,485962513.18317,46232.22907111532,3299
2007-02,628.42938979366,628429389.79366,54000.140395954746,3299
2007-03,719.19103447937,719191034.47937,68420.51341398436,3299
2007-04,815.67458360948,815674583.60948,75096.30257992331,3299
2007-05,903.10367849695,903103678.49695,85917.11295949374,3299
2007-06,1004.6787499624,1004678749.9624001,92497.25432037924,3299
2007-07,939.9283245032,939928324.5031999,89420.43970474409,3299
2007-08,944.45104346,944451043.46,89850.71029797448,3299
2007-09,951.2604625062,951260462.5062001,87579.21965469116,3299
2007-10,826.07268425699,826072684.25699,78588.73993757041,3299
2007-11,733.92793835079,733927938.35079,67570.17521173338,3299
2007-12,446.38413662487,446384136.62487,42466.92511933397,3299
2008-01,489.86150639651,489861506.39651,46603.161277809864,3299
2008-02,599.93385186441,599933851.86441,53392.681927038255,3299
2008-03,681.32349813803,681323498.13803,64817.9708988753,3299
2008-04,860.01218834853,860012188.34853,79178.31058661983,3299
2008-05,878.68406330325,878684063.30325,83593.94355272492,3299
2008-06,1059.8032293248,1059803229.3248,97572.37210012051,3299
2008-07,967.3838677641,967383867.7641001,92032.43328629718,3299
2008-08,955.3451080714,955345108.0713999,90887.12129052347,3299
2008-09,1005.0357049904,1005035704.9904,92530.11791982043,3299
2008-10,872.04469364147,872044693.64147,82962.30458724048,3299
2008-11,675.38669542999,675386695.42999,62180.48797600854,3299
2008-12,496.07473333120004,496074733.33120006,47194.25899239252,3299
2009-01,573.94704451343,573947044.51343,54602.67102255466,3299
2009-02,668.63669423172,668636694.23172,57455.1030693444,3299
2009-03,688.3391169307,688339116.9307001,65485.40446895417,3299
2009-04,829.36129238888,829361292.38888,76356.38992906304,3299
2009-05,952.95060200245,952950602.00245,90659.31904222506,3299
2009-06,1016.07448943149,1016074489.43149,93546.42014764556,3299
2009-07,1020.7539496588699,1020753949.65887,97109.81638636597,3299
2009-08,1019.06830699698,1019068306.9969801,96949.45212870736,3299
2009-09,1002.87113712353,1002871137.12353,92330.83373621143,3299
2009-10,825.3933912672,825393391.2672,78524.1151398578,3299
2009-11,713.75871145072,713758711.4507201,65713.2651197353,3299
2009-12,493.1160711229,493116071.1229,46912.78553456919,3299
2010-01,528.62632326525,528626323.26524997,50291.06691817746,3299
2010-02,615.36343527467,615363435.27467,52877.399496353784,3299
2010-03,646.48981374988,646489813.74988,61504.05504665219,3299
2010-04,807.74870725049,807748707.2504901,74366.59489842133,3299
2010-05,909.65158980289,909651589.8028901,86540.05099940683,3299
2010-06,1062.60781795948,1062607817.9594799,97830.58075459414,3299
2010-07,1009.67325769684,1009673257.6968399,96055.65052962232,3299
2010-08,997.04022645269,997040226.45269,94853.8022831055,3299
2010-09,1038.85904247207,1038859042.4720701,95644.11415903934,3299
2010-10,855.34282050718,855342820.50718,81373.36551536982,3299
2010-11,683.47416034658,683474160.34658,62925.07255015721,3299
2010-12,583.28485440138,583284854.4013801,55491.02712832597,3299
2011-01,559.19187406232,559191874.06232,53198.932253054256,3299
2011-02,628.50629649634,628506296.49634,54006.74889137135,3299
2011-03,766.77813922669,766778139.2266899,72947.73077710636,3299
2011-04,888.33948494012,888339484.94012,81786.30558715026,3299
2011-05,890.2278779615,890227877.9614999,84692.16876384022,3299
2011-06,1073.31918473421,1073319184.73421,98816.73878443018,3299
2011-07,1027.11404873638,1027114048.73638,97714.88683828291,3299
2011-08,1041.50326562327,1041503265.6232699,99083.81047585147,3299
2011-09,1021.26359391454,1021263593.91454,94024.1628261701,3299
2011-10,872.97872855546,872978728.55546,83051.16435508791,3299
2011-11,668.46817906145,668468179.06145,61543.52440124944,3299
2011-12,496.70050014621,496700500.14621,47253.79155704888,3299
2012-01,588.18256655546,588182566.55546,55956.97284242771,3299
2012-02,652.00779995397,652007799.95397,58027.13910659306,3299
2012-03,672.39408463934,672394084.63934,63968.46773938666,3299
2012-04,856.25536755633,856255367.5563301,78832.43325193429,3299
2012-05,929.903770523,929903770.523,88466.7499377853,3299
2012-06,1021.5160482944,1021516048.2944,94047.40541687788,3299
2012-07,969.714314995,969714314.995,92254.14127260126,3299
2012-08,963.1851722381,963185172.2381,91632.98878576071,3299
2012-09,976.3269006734,976326900.6734,89886.99883897702,3299
2012-10,849.36135928558,849361359.2855799,80804.31692031333,3299
2012-11,789.77385652748,789773856.52748,72711.71333676859,3299
2012-12,539.8411897825,539841189.7825,51357.99752241535,3299
2013-01,534.4331613117,534433161.31170005,50843.502670852795,3299
2013-02,637.93998803324,637939988.03324,54817.374039905524,3299
2013-03,777.69561966906,777695619.66906,73986.3694436671,3299
2013-04,866.03202214452,866032022.14452,79732.53560393502,3299
2013-05,919.71209790939,919712097.90939,87497.16127588654,3299
2013-06,1033.8877201187,1033887720.1186999,95186.42191856398,3299
2013-07,992.5927372986,992592737.2986,94430.68870585372,3299
2013-08,981.90907674,981909076.74,93414.2945831304,3299
2013-09,937.62651332677,937626513.3267701,86323.98969716686,3299
2013-10,838.08653957466,838086539.5746601,79731.6826461254,3299
2013-11,677.22089378927,677220893.78927,62349.35619594321,3299
2013-12,549.80136544494,549801365.44494,52305.56263355573,3299
2014-01,624.78723747056,624787237.47056,59439.37217346793,3299
2014-02,735.43903265009,735439032.65009,63195.343280825444,3299
2014-03,724.02944671804,724029446.71804,68880.81760801251,3299
2014-04,871.10237913419,871102379.13419,80199.34561657454,3299
2014-05,925.83733862595,925837338.62595,88079.8883880434,3299
2014-06,1042.88667981333,1042886679.8133299,96014.9246250502,3299
2014-07,1011.34532037143,1011345320.37143,96214.72285000884,3299
2014-08,942.98765467412,942987654.67412,89711.49024759293,3299
2014-09,920.38353913586,920383539.13586,84736.48944493596,3299
2014-10,857.84157974502,857841579.74502,81611.0859286599,3299
2014-11,691.80940135251,691809401.35251,63692.46900118796,3299
2014-12,536.92890874765,536928908.74765,51080.93655522115,3299
2015-01,545.33884533945,545338845.33945,51881.01908100869,3299
2015-02,716.50790065378,716507900.65378,61568.615119701804,3299
2015-03,753.49459785866,753494597.85866,71683.99600180503,3299
2015-04,830.77675162474,830776751.62474,76486.70630424701,3299
2015-05,830.38609196934,830386091.96934,78999.09762571438,3299
2015-06,1018.34277395852,1018342773.9585199,93755.25316096006,3299
2015-07,974.94382964013,974943829.64013,92751.65314326128,3299
2015-08,968.016072504,968016072.5040001,92092.57832539381,3299
2015-09,950.74585231061,950745852.3106099,87531.84129604753,3299
2015-10,802.8563783632001,802856378.3632001,76380.04782007325,3299
2015-11,630.53577166527,630535771.66527,58051.22048416151,3299
2015-12,521.75030247001,521750302.47001,49636.91405683634,3299
2016-01,515.04270534369,515042705.34369004,48998.78424548628,3299
2016-02,726.30764812625,726307648.12625,64639.648383009706,3299
2016-03,775.69528604821,775695286.04821,73796.06694158309,3299
2016-04,837.3179053210999,837317905.3211,77088.92741922884,3299
2016-05,873.7772269385,873777226.9385,83127.12980336048,3299
2016-06,1046.33604426944,1046336044.2694399,96332.49553152396,3299
2016-07,1016.28071968477,1016280719.68477,96684.25394638325,3299
2016-08,946.53973692675,946539736.9267501,90049.41894770469,3299
2016-09,935.84739995381,935847399.9538101,86160.19295902582,3299
2016-10,856.55373544515,856553735.44515,81488.56636991963,3299
2016-11,672.7408195197,672740819.5197,61936.89144628856,3299
2016-12,528.26606625146,528266066.25145996,50256.793729743804,3299
2017-01,501.87384382327,501873843.82327,47745.95958123409,3299
2017-02,665.01973859472,665019738.59472,57144.30265902612,3299
2017-03,801.46945626746,801469456.26746,76248.1024574278,3299
2017-04,870.82548184054,870825481.8405399,80173.85265238839,3299
2017-05,907.82700895546,907827008.95546,86366.46880446628,3299
2017-06,1067.2479180752,1067247918.0752,98257.7785235246,3299
2017-07,974.80768319345,974807683.19345,92738.70079912078,3299
2017-08,991.00433273,991004332.73,94279.57523129352,3299
2017-09,990.47788005541,990477880.05541,91189.82995671411,3299
2017-10,886.14724591112,886147245.9111199,84303.95627709436,3299
2017-11,835.96677278716,835966772.78716,76964.53337823109,3299
2017-12,603.46818164624,603468181.64624,57411.17566507109,3299
2018-01,650.82783899945,650827838.99945,61916.75473359041,3299
2018-02,680.64568055257,680645680.55257,58487.020032285815,3299
2018-03,705.45835112011,705458351.12011,67114.04934401381,3299
2018-04,926.05262453893,926052624.5389299,85258.42228596733,3299
2018-05,975.0419425387,975041942.5387,92760.98715129372,3299
2018-06,1072.4160280323,1072416028.0322999,98733.58830956361,3299
2018-07,1032.7660559848,1032766055.9848,98252.59270392459,3299
2018-08,1020.0612546209,1020061254.6208999,97043.9165796873,3299
2018-09,1051.6085314109,1051608531.4109,96817.91495941851,3299
2018-10,765.03572898245,765035728.98245,72781.96591384582,3299
2018-11,680.87758667952,680877586.67952,62686.015105324586,3299
2018-12,537.1970714292,537197071.4292,51106.44831422606,3299
2019-01,564.4037017772,564403701.7772,53694.761470857935,3299
2019-02,574.63119334098,574631193.3409799,49377.3296097696,3299
2019-03,685.74904889941,685749048.89941,65238.99735876779,3299
2019-04,885.45195946415,885451959.4641501,81520.4612281277,3299
2019-05,865.26383149958,865263831.4995799,82317.20468068586,3299
2019-06,1086.4765142354,1086476514.2354,100028.0880372079,3299
2019-07,1079.0123721637,1079012372.1637,102652.25363512125,3299
2019-08,1073.5654858876,1073565485.8876001,102134.06203142845,3299
2019-09,990.7912290122,990791229.0122,91218.67889787896,3299
2019-10,869.17066035413,869170660.3541299,82688.88233409596,3299
2019-11,710.40469607166,710404696.07166,65404.47266889169,3299
2019-12,548.0662460984,548066246.0984,52140.49139262912,3299
2020-01,554.0328765048,554032876.5048,52708.12905242407,3299
2020-02,645.764021526,645764021.526,57471.45771840087,3299
2020-03,625.72126440478,625721264.4047799,59528.23118215687,3299
2020-04,865.75033772969,865750337.7296901,79706.6019062654,3299
2020-05,984.4465505431,984446550.5431,93655.69812135487,3299
2020-06,1061.5260157359,1061526015.7359,97730.98301212913,3299
2020-07,1068.6174510222,1068617451.0222,101663.32884698872,3299
2020-08,1069.6795294813,1069679529.4813,101764.37008634477,3299
2020-09,1040.2307523278,1040230752.3278,95770.40268199652,3299
2020-10,894.0823116476,894082311.6476,85058.86178291273,3299
2020-11,760.79458532917,760794585.32917,70043.6933172851,3299
2020-12,599.3462610529,599346261.0529,57019.03517704045,3299
