year_month,precipitation_mm_day
2000-01,0.136655
2000-02,0.331485
2000-03,1.112318
2000-04,0.017762
2000-05,0.001822
2000-06,0.406208
2000-07,0.355267
2000-08,1.20456
2000-09,0.06573
2000-10,2.664804
2000-11,0.57736
2000-12,0.065148
2001-01,1.283667
2001-02,0.928146
2001-03,0.637926
2001-04,0.77411
2001-05,0.281614
2001-06,0.17259
2001-07,0.919855
2001-08,1.471997
2001-09,1.214814
2001-10,0.456896
2001-11,0.189216
2001-12,0.804376
2002-01,0.203454
2002-02,0.072112
2002-03,0.19296
2002-04,0.075478
2002-05,0.000294
2002-06,0.002711
2002-07,0.743214
2002-08,0.539478
2002-09,1.497527
2002-10,0.141121
2002-11,0.593227
2002-12,0.802532
2003-01,0.265448
2003-02,1.930309
2003-03,0.660726
2003-04,0.130028
2003-05,0.042523
2003-06,0.028921
2003-07,1.449465
2003-08,2.631936
2003-09,0.84893
2003-10,0.328548
2003-11,0.838775
2003-12,0.374067
2004-01,0.602688
2004-02,0.939026
2004-03,0.711737
2004-04,0.793788
2004-05,0.011497
2004-06,0.044375
2004-07,0.797058
2004-08,1.414846
2004-09,0.720771
2004-10,1.023496
2004-11,1.153739
2004-12,1.151264
2005-01,1.93256
2005-02,2.728198
2005-03,0.542582
2005-04,0.308009
2005-05,0.161236
2005-06,0.083797
2005-07,0.799181
2005-08,2.072552
2005-09,0.513326
2005-10,0.439718
2005-11,0.053746
2005-12,0.060103
2006-01,0.096099
2006-02,0.075043
2006-03,0.977453
2006-04,0.301349
2006-05,0.085456
2006-06,0.387193
2006-07,2.272338
2006-08,1.63755
2006-09,1.334864
2006-10,0.928089
2006-11,0.027602
2006-12,0.302339
2007-01,0.753903
2007-02,0.341414
2007-03,0.581705
2007-04,0.225273
2007-05,0.151733
2007-06,0.066876
2007-07,1.581104
2007-08,1.511037
2007-09,0.38085
2007-10,0.284701
2007-11,0.596851
2007-12,1.961695
2008-01,1.559525
2008-02,0.822058
2008-03,0.063474
2008-04,0.009827
2008-05,0.459634
2008-06,0.071949
2008-07,2.181334
2008-08,1.421188
2008-09,0.58231
2008-10,0.26163
2008-11,0.696923
2008-12,1.463577
2009-01,0.517256
2009-02,0.748356
2009-03,0.118515
2009-04,0.175998
2009-05,0.821653
2009-06,0.248708
2009-07,0.936272
2009-08,0.632177
2009-09,0.504876
2009-10,0.124258
2009-11,0.205796
2009-12,0.974519
2010-01,3.345971
2010-02,1.399491
2010-03,0.605119
2010-04,0.260721
2010-05,0.05505
2010-06,0.128147
2010-07,2.189019
2010-08,1.472996
2010-09,0.419583
2010-10,0.356731
2010-11,0.150744
2010-12,1.214118
2011-01,0.071474
2011-02,0.745892
2011-03,0.247937
2011-04,0.293617
2011-05,0.08554
2011-06,0.030288
2011-07,1.029913
2011-08,1.248743
2011-09,0.745186
2011-10,0.162712
2011-11,0.559601
2011-12,1.323894
2012-01,0.175181
2012-02,0.264185
2012-03,0.580755
2012-04,0.238165
2012-05,0.08363
2012-06,0.039671
2012-07,2.517982
2012-08,1.207252
2012-09,1.050186
2012-10,0.082173
2012-11,0.143229
2012-12,1.186115
2013-01,0.746296
2013-02,0.513928
2013-03,0.334295
2013-04,0.066343
2013-05,0.027944
2013-06,0.011921
2013-07,3.099348
2013-08,2.092693
2013-09,1.225222
2013-10,0.052386
2013-11,1.654968
2013-12,0.484273
2014-01,0.038834
2014-02,0.130792
2014-03,0.536555
2014-04,0.1761
2014-05,0.106142
2014-06,0.000607
2014-07,2.551919
2014-08,2.23832
2014-09,2.469431
2014-10,0.718953
2014-11,0.082797
2014-12,1.003726
2015-01,1.59145
2015-02,0.250415
2015-03,1.046434
2015-04,0.220194
2015-05,0.391904
2015-06,0.814729
2015-07,2.003769
2015-08,1.3668
2015-09,1.625324
2015-10,0.942473
2015-11,0.550491
2015-12,0.514896
2016-01,1.194103
2016-02,0.244023
2016-03,0.058546
2016-04,0.37512
2016-05,0.245314
2016-06,0.544744
2016-07,1.349124
2016-08,2.247136
2016-09,1.510957
2016-10,0.297521
2016-11,0.89502
2016-12,1.642806
2017-01,1.671216
2017-02,1.470472
2017-03,0.117168
2017-04,0.052218
2017-05,0.249822
2017-06,0.207706
2017-07,4.410597
2017-08,1.317814
2017-09,0.411198
2017-10,0.024965
2017-11,0.070348
2017-12,0.120346
2018-01,0.34364
2018-02,0.919275
2018-03,0.24123
2018-04,0.043214
2018-05,0.033367
2018-06,0.38915
2018-07,3.182022
2018-08,1.781442
2018-09,0.66415
2018-10,2.442709
2018-11,0.111632
2018-12,0.734156
2019-01,0.928695
2019-02,2.283052
2019-03,0.893479
2019-04,0.351045
2019-05,0.293747
2019-06,0.244479
2019-07,2.329574
2019-08,1.992799
2019-09,1.266309
2019-10,0.04793
2019-11,2.694951
2019-12,1.963319
2020-01,0.219827
2020-02,1.105321
2020-03,2.219753
2020-04,0.167818
2020-05,0.495354
2020-06,0.110402
2020-07,2.11765
2020-08,1.037413
2020-09,0.116114
2020-10,0.080867
2020-11,0.191656
2020-12,0.329495
2021-01,1.105364
2021-02,0.1204
2021-03,0.285401
2021-04,0.118003
2021-05,0.037781
2021-06,0.289614
2021-07,4.177307
2021-08,1.77965
2021-09,1.284343
2021-10,0.271629
2021-11,0.06328
2021-12,1.61971
2022-01,0.353599
2022-02,0.351616
2022-03,0.294196
2022-04,0.005204
2022-05,0.003635
2022-06,0.938586
2022-07,2.554962
2022-08,2.185017
2022-09,1.090525
2022-10,0.725756
2022-11,0.176106
2022-12,1.567169
2023-01,1.602117
2023-02,0.99162
2023-03,1.467266
2023-04,0.004542
2023-05,0.324348
2023-06,0.023593
2023-07,0.733349
2023-08,0.717653
2023-09,0.497981
2023-10,0.022079
2023-11,0.308992
2023-12,1.069469
