year_month,public_supply_groundwater_mgd
2000-01,28255.0135
2000-02,29921.5705
2000-03,29028.0417
2000-04,32192.8967
2000-05,35241.7868
2000-06,38158.9352
2000-07,40038.6997
2000-08,40337.5664
2000-09,37372.5046
2000-10,31451.1438
2000-11,28968.398
2000-12,28788.3279
2001-01,28497.5972
2001-02,30750.4927
2001-03,28811.6747
2001-04,32206.8521
2001-05,36138.7033
2001-06,39438.6865
2001-07,40438.0782
2001-08,40258.9696
2001-09,37202.6431
2001-10,32389.4065
2001-11,30354.9764
2001-12,27953.997
2002-01,27954.5627
2002-02,31202.4497
2002-03,28950.0417
2002-04,32710.3106
2002-05,34609.6137
2002-06,40249.3322
2002-07,41330.7856
2002-08,40606.9601
2002-09,37945.8391
2002-10,31423.6431
2002-11,29533.4107
2002-12,27994.5719
2003-01,29144.472
2003-02,31016.1536
2003-03,29641.1683
2003-04,31857.8542
2003-05,34752.5366
2003-06,38696.2419
2003-07,41174.0502
2003-08,40531.0703
2003-09,37443.8939
2003-10,33514.3769
2003-11,29823.5755
2003-12,28465.0258
2004-01,28829.2029
2004-02,30394.7195
2004-03,31020.6087
2004-04,33213.3349
2004-05,35945.7657
2004-06,38940.5554
2004-07,40113.3265
2004-08,38827.8267
2004-09,37968.1689
2004-10,32229.7964
2004-11,29823.0434
2004-12,28723.887
2005-01,28802.241
2005-02,31391.3581
2005-03,29594.7994
2005-04,32850.6816
2005-05,35123.193
2005-06,40531.265
2005-07,41863.6467
2005-08,41367.2721
2005-09,39829.7909
2005-10,33447.7314
2005-11,31359.1738
2005-12,29314.013
2006-01,29461.4094
2006-02,32492.2229
2006-03,30079.2157
2006-04,34163.991
2006-05,37151.6644
2006-06,42084.9929
2006-07,43048.5558
2006-08,41927.3503
2006-09,38300.5458
2006-10,32960.408
2006-11,31239.6797
2006-12,29224.807
2007-01,29492.6603
2007-02,32658.7707
2007-03,32059.9478
2007-04,33606.6796
2007-05,37432.6953
2007-06,41173.9733
2007-07,41389.0849
2007-08,42322.9315
2007-09,39246.9409
2007-10,34202.9709
2007-11,31718.1592
2007-12,29484.3192
2008-01,29346.3282
2008-02,31716.4818
2008-03,30768.6422
2008-04,33786.5135
2008-05,36130.5609
2008-06,41914.1899
2008-07,42302.7669
2008-08,40827.836
2008-09,39104.9718
2008-10,33845.0558
2008-11,31330.8704
2008-12,29487.2411
2009-01,30341.9097
2009-02,32808.0469
2009-03,30803.2256
2009-04,33509.8865
2009-05,36610.968
2009-06,40518.6994
2009-07,41740.5582
2009-08,41196.7739
2009-09,38801.7637
2009-10,32260.9381
2009-11,31329.3272
2009-12,29548.5656
2010-01,28954.2233
2010-02,31530.1886
2010-03,29684.3926
2010-04,32752.8762
2010-05,34856.9307
2010-06,40495.1471
2010-07,41452.6319
2010-08,41738.6035
2010-09,39099.0462
2010-10,33543.6932
2010-11,30507.1204
2010-12,29148.6814
2011-01,30135.3578
2011-02,32574.8434
2011-03,31118.8799
2011-04,34275.317
2011-05,35515.5449
2011-06,41996.3734
2011-07,43987.866
2011-08,43596.3802
2011-09,40652.464
2011-10,34127.107
2011-11,31428.0149
2011-12,29583.5601
2012-01,29337.7888
2012-02,31083.7606
2012-03,30896.7419
2012-04,34198.4485
2012-05,37118.774
2012-06,41641.0465
2012-07,43353.4704
2012-08,42235.6073
2012-09,40211.5541
2012-10,33630.952
2012-11,31426.5056
2012-12,29038.6753
2013-01,29369.8025
2013-02,32649.4066
2013-03,30899.7245
2013-04,33622.7801
2013-05,36156.5434
2013-06,41130.9874
2013-07,41979.2727
2013-08,41603.7418
2013-09,39162.2256
2013-10,33560.2337
2013-11,31121.6193
2013-12,29593.6205
2014-01,30709.0127
2014-02,33099.1978
2014-03,31102.2197
2014-04,33916.0108
2014-05,36795.3222
2014-06,40405.3234
2014-07,41202.8009
2014-08,40592.2244
2014-09,38620.0677
2014-10,34323.1496
2014-11,31157.6799
2014-12,29463.6101
2015-01,29689.9769
2015-02,32934.8044
2015-03,31372.3376
2015-04,33249.1154
2015-05,34888.464
2015-06,40096.1049
2015-07,41085.3968
2015-08,41012.1336
2015-09,39182.2937
2015-10,33477.5443
2015-11,30764.1162
2015-12,29160.604
2016-01,29185.8459
2016-02,31930.9689
2016-03,30513.2469
2016-04,33357.7922
2016-05,34958.2488
2016-06,41474.119
2016-07,42243.7739
2016-08,41033.2911
2016-09,38653.7588
2016-10,34036.8336
2016-11,31316.8093
2016-12,29179.2394
2017-01,29259.2121
2017-02,32707.8036
2017-03,31125.1391
2017-04,34015.5255
2017-05,36132.4714
2017-06,41457.8176
2017-07,42570.3745
2017-08,40795.9042
2017-09,39516.1752
2017-10,34479.342
2017-11,31959.541
2017-12,30410.3324
2018-01,30748.746
2018-02,33056.8198
2018-03,30581.3824
2018-04,33595.3109
2018-05,38105.229
2018-06,42336.3028
2018-07,43439.0216
2018-08,42376.1206
2018-09,39487.8409
2018-10,33604.3101
2018-11,31301.0517
2018-12,29640.1104
2019-01,30040.7437
2019-02,32515.1931
2019-03,30476.7408
2019-04,34272.4759
2019-05,34960.7916
2019-06,40344.117
2019-07,42675.8282
2019-08,42317.1376
2019-09,40833.8275
2019-10,33993.7171
2019-11,31776.6335
2019-12,29814.0759
2020-01,29993.2481
2020-02,32334.7858
2020-03,31041.4565
2020-04,33512.022
2020-05,36778.1301
2020-06,41849.3241
2020-07,43725.4154
2020-08,43001.5113
2020-09,39745.9876
2020-10,34903.5835
2020-11,32652.4719
2020-12,30535.4061
