year_month,impervious_pct
2000-01,0.8901
2000-02,0.8722
2000-03,0.8565
2000-04,0.8428
2000-05,0.8312
2000-06,0.8215
2000-07,0.8135
2000-08,0.8072
2000-09,0.8025
2000-10,0.7992
2000-11,0.7972
2000-12,0.7966
2001-01,0.797
2001-02,0.7985
2001-03,0.8009
2001-04,0.8042
2001-05,0.8081
2001-06,0.8127
2001-07,0.8178
2001-08,0.8233
2001-09,0.8291
2001-10,0.835
2001-11,0.8411
2001-12,0.8471
2002-01,0.853
2002-02,0.8587
2002-03,0.864
2002-04,0.8689
2002-05,0.8733
2002-06,0.877
2002-07,0.8799
2002-08,0.882
2002-09,0.8834
2002-10,0.8842
2002-11,0.8847
2002-12,0.8849
2003-01,0.885
2003-02,0.8852
2003-03,0.8856
2003-04,0.8864
2003-05,0.8877
2003-06,0.8897
2003-07,0.8926
2003-08,0.8964
2003-09,0.9011
2003-10,0.9066
2003-11,0.9126
2003-12,0.9191
2004-01,0.9259
2004-02,0.933
2004-03,0.9401
2004-04,0.9471
2004-05,0.9539
2004-06,0.9604
2004-07,0.9664
2004-08,0.9718
2004-09,0.9767
2004-10,0.9811
2004-11,0.9851
2004-12,0.9887
2005-01,0.992
2005-02,0.9951
2005-03,0.998
2005-04,1.0008
2005-05,1.0035
2005-06,1.0062
2005-07,1.009
2005-08,1.0119
2005-09,1.0149
2005-10,1.018
2005-11,1.0212
2005-12,1.0244
2006-01,1.0277
2006-02,1.0311
2006-03,1.0344
2006-04,1.0377
2006-05,1.041
2006-06,1.0443
2006-07,1.0475
2006-08,1.0507
2006-09,1.0537
2006-10,1.0568
2006-11,1.0597
2006-12,1.0626
2007-01,1.0655
2007-02,1.0683
2007-03,1.071
2007-04,1.0737
2007-05,1.0764
2007-06,1.079
2007-07,1.0816
2007-08,1.0842
2007-09,1.0867
2007-10,1.0891
2007-11,1.0915
2007-12,1.0939
2008-01,1.0962
2008-02,1.0984
2008-03,1.1005
2008-04,1.1025
2008-05,1.1045
2008-06,1.1063
2008-07,1.108
2008-08,1.1096
2008-09,1.1111
2008-10,1.1125
2008-11,1.1138
2008-12,1.115
2009-01,1.1161
2009-02,1.1172
2009-03,1.1182
2009-04,1.1191
2009-05,1.12
2009-06,1.1209
2009-07,1.1218
2009-08,1.1227
2009-09,1.1235
2009-10,1.1243
2009-11,1.1251
2009-12,1.1259
2010-01,1.1267
2010-02,1.1275
2010-03,1.1282
2010-04,1.1289
2010-05,1.1296
2010-06,1.1303
2010-07,1.131
2010-08,1.1317
2010-09,1.1323
2010-10,1.1329
2010-11,1.1336
2010-12,1.1342
2011-01,1.1348
2011-02,1.1355
2011-03,1.1362
2011-04,1.1368
2011-05,1.1376
2011-06,1.1383
2011-07,1.1391
2011-08,1.1399
2011-09,1.1408
2011-10,1.1417
2011-11,1.1426
2011-12,1.1435
2012-01,1.1445
2012-02,1.1454
2012-03,1.1464
2012-04,1.1473
2012-05,1.1482
2012-06,1.1491
2012-07,1.15
2012-08,1.1508
2012-09,1.1516
2012-10,1.1524
2012-11,1.1531
2012-12,1.1539
2013-01,1.1546
2013-02,1.1553
2013-03,1.156
2013-04,1.1567
2013-05,1.1574
2013-06,1.1582
2013-07,1.1589
2013-08,1.1597
2013-09,1.1604
2013-10,1.1613
2013-11,1.1621
2013-12,1.1629
2014-01,1.1638
2014-02,1.1646
2014-03,1.1655
2014-04,1.1664
2014-05,1.1672
2014-06,1.1681
2014-07,1.169
2014-08,1.1699
2014-09,1.1708
2014-10,1.1717
2014-11,1.1725
2014-12,1.1734
2015-01,1.1743
2015-02,1.1752
2015-03,1.176
2015-04,1.1769
2015-05,1.1777
2015-06,1.1786
2015-07,1.1794
2015-08,1.1802
2015-09,1.181
2015-10,1.1818
2015-11,1.1826
2015-12,1.1834
2016-01,1.1842
2016-02,1.185
2016-03,1.1858
2016-04,1.1866
2016-05,1.1873
2016-06,1.1881
2016-07,1.1889
2016-08,1.1897
2016-09,1.1905
2016-10,1.1913
2016-11,1.192
2016-12,1.1928
2017-01,1.1936
2017-02,1.1945
2017-03,1.1953
2017-04,1.1961
2017-05,1.197
2017-06,1.1978
2017-07,1.1987
2017-08,1.1996
2017-09,1.2005
2017-10,1.2014
2017-11,1.2024
2017-12,1.2033
2018-01,1.2043
2018-02,1.2054
2018-03,1.2064
2018-04,1.2075
2018-05,1.2086
2018-06,1.2098
2018-07,1.211
2018-08,1.2122
2018-09,1.2135
2018-10,1.2148
2018-11,1.2162
2018-12,1.2175
2019-01,1.2189
2019-02,1.2203
2019-03,1.2216
2019-04,1.223
2019-05,1.2244
2019-06,1.2257
2019-07,1.227
2019-08,1.2283
2019-09,1.2295
2019-10,1.2308
2019-11,1.232
2019-12,1.2332
2020-01,1.2344
2020-02,1.2356
2020-03,1.2368
2020-04,1.238
2020-05,1.2392
2020-06,1.2405
2020-07,1.2418
2020-08,1.2431
2020-09,1.2445
2020-10,1.2459
2020-11,1.2473
2020-12,1.2488
2021-01,1.2503
2021-02,1.2518
2021-03,1.2534
2021-04,1.2549
2021-05,1.2566
2021-06,1.2582
2021-07,1.2599
2021-08,1.2616
2021-09,1.2633
2021-10,1.2651
2021-11,1.2668
2021-12,1.2686
2022-01,1.2703
2022-02,1.2721
2022-03,1.2738
2022-04,1.2755
2022-05,1.2771
2022-06,1.2787
2022-07,1.2802
2022-08,1.2817
2022-09,1.2831
2022-10,1.2844
2022-11,1.2856
2022-12,1.2867
2023-01,1.2878
2023-02,1.2887
2023-03,1.2895
2023-04,1.2902
2023-05,1.2907
2023-06,1.2911
2023-07,1.2914
2023-08,1.2915
2023-09,1.2914
2023-10,1.2912
2023-11,1.2908
2023-12,1.2902
