year_month,usdm_dsci,usdm_sustainability
2000-01,90.0,82.0
2000-02,118.2,76.36
2000-03,65.75,86.85
2000-04,50.0,90.0
2000-05,100.0,80.0
2000-06,139.0,72.2
2000-07,71.5,85.7
2000-08,112.6,77.48
2000-09,90.75,81.85
2000-10,86.2,82.75999999999999
2000-11,0.0,100.0
2000-12,0.0,100.0
2001-01,2.0,99.6
2001-02,0.0,100.0
2001-03,0.0,100.0
2001-04,0.0,100.0
2001-05,0.0,100.0
2001-06,15.5,96.9
2001-07,6.6,98.68
2001-08,0.0,100.0
2001-09,0.0,100.0
2001-10,0.0,100.0
2001-11,0.0,100.0
2001-12,0.0,100.0
2002-01,28.8,94.24
2002-02,101.75,79.65
2002-03,189.5,62.1
2002-04,292.0,41.6
2002-05,379.25,24.150000000000006
2002-06,414.5,17.099999999999994
2002-07,429.8,14.039999999999992
2002-08,389.0,22.200000000000003
2002-09,378.25,24.349999999999994
2002-10,368.0,26.400000000000006
2002-11,363.5,27.299999999999997
2002-12,362.6,27.47999999999999
2003-01,368.75,26.25
2003-02,363.5,27.299999999999997
2003-03,299.5,40.1
2003-04,298.0,40.4
2003-05,312.25,37.55
2003-06,325.0,35.0
2003-07,353.0,29.400000000000006
2003-08,335.0,33.0
2003-09,305.8,38.839999999999996
2003-10,283.25,43.35
2003-11,278.5,44.3
2003-12,275.4,44.92
2004-01,292.5,41.5
2004-02,292.0,41.6
2004-03,305.6,38.879999999999995
2004-04,308.25,38.35
2004-05,313.25,37.35
2004-06,316.2,36.760000000000005
2004-07,319.0,36.2
2004-08,327.6,34.47999999999999
2004-09,321.0,35.8
2004-10,310.25,37.95
2004-11,285.4,42.92
2004-12,278.0,44.4
2005-01,241.25,51.75
2005-02,187.75,62.45
2005-03,117.2,76.56
2005-04,90.25,81.95
2005-05,65.4,86.92
2005-06,73.75,85.25
2005-07,82.75,83.45
2005-08,67.6,86.48
2005-09,46.0,90.8
2005-10,57.0,88.6
2005-11,61.0,87.8
2005-12,88.75,82.25
2006-01,177.6,64.48
2006-02,285.5,42.9
2006-03,300.5,39.9
2006-04,295.5,40.9
2006-05,332.0,33.599999999999994
2006-06,347.75,30.450000000000003
2006-07,328.25,34.349999999999994
2006-08,261.6,47.67999999999999
2006-09,222.25,55.55
2006-10,190.8,61.839999999999996
2006-11,187.5,62.5
2006-12,198.5,60.3
2007-01,206.8,58.64
2007-02,222.25,55.55
2007-03,267.25,46.55
2007-04,284.0,43.2
2007-05,285.8,42.839999999999996
2007-06,286.25,42.75
2007-07,294.0,41.2
2007-08,251.0,49.8
2007-09,230.25,53.95
2007-10,218.0,56.4
2007-11,229.0,54.2
2007-12,159.75,68.05
2008-01,124.8,75.03999999999999
2008-02,58.25,88.35
2008-03,55.75,88.85
2008-04,77.4,84.52
2008-05,112.5,77.5
2008-06,79.0,84.2
2008-07,52.0,89.6
2008-08,19.0,96.2
2008-09,20.4,95.92
2008-10,26.0,94.8
2008-11,48.25,90.35
2008-12,53.6,89.28
2009-01,39.0,92.2
2009-02,29.0,94.2
2009-03,39.4,92.12
2009-04,73.25,85.35
2009-05,100.0,80.0
2009-06,70.8,85.84
2009-07,54.0,89.2
2009-08,102.5,79.5
2009-09,152.2,69.56
2009-10,226.0,54.8
2009-11,253.25,49.35
2009-12,275.4,44.92
2010-01,260.75,47.85
2010-02,154.75,69.05
2010-03,108.8,78.24000000000001
2010-04,77.5,84.5
2010-05,64.0,87.2
2010-06,55.4,88.92
2010-07,90.0,82.0
2010-08,77.6,84.48
2010-09,80.5,83.9
2010-10,69.5,86.1
2010-11,54.4,89.12
2010-12,115.0,77.0
2011-01,93.5,81.3
2011-02,121.5,75.7
2011-03,134.4,73.12
2011-04,162.75,67.45
2011-05,186.0,62.8
2011-06,194.25,61.15
2011-07,209.75,58.05
2011-08,211.0,57.8
2011-09,232.25,53.55
2011-10,227.25,54.55
2011-11,250.4,49.92
2011-12,215.75,56.85
2012-01,191.2,61.760000000000005
2012-02,220.25,55.95
2012-03,257.0,48.6
2012-04,272.25,45.55
2012-05,286.4,42.720000000000006
2012-06,307.0,38.6
2012-07,319.4,36.120000000000005
2012-08,292.75,41.45
2012-09,241.25,51.75
2012-10,237.0,52.6
2012-11,241.0,51.8
2012-12,246.5,50.7
2013-01,240.8,51.839999999999996
2013-02,219.25,56.15
2013-03,210.5,57.9
2013-04,237.0,52.6
2013-05,275.5,44.9
2013-06,286.5,42.7
2013-07,287.8,42.44
2013-08,263.75,47.25
2013-09,206.0,58.8
2013-10,172.0,65.6
2013-11,169.25,66.15
2013-12,148.6,70.28
2014-01,173.5,65.3
2014-02,218.5,56.3
2014-03,239.0,52.2
2014-04,257.2,48.56
2014-05,278.25,44.35
2014-06,288.75,42.25
2014-07,288.2,42.36
2014-08,271.5,45.7
2014-09,236.8,52.64
2014-10,226.0,54.8
2014-11,224.0,55.2
2014-12,222.8,55.44
2015-01,222.5,55.5
2015-02,203.75,59.25
2015-03,201.6,59.68
2015-04,204.0,59.2
2015-05,202.75,59.45
2015-06,196.8,60.64
2015-07,185.5,62.9
2015-08,173.0,65.4
2015-09,164.6,67.08
2015-10,148.0,70.4
2015-11,129.5,74.1
2015-12,115.8,76.84
2016-01,85.5,82.9
2016-02,76.0,84.8
2016-03,127.8,74.44
2016-04,166.75,66.65
2016-05,166.2,66.76
2016-06,167.0,66.6
2016-07,170.5,65.9
2016-08,175.4,64.92
2016-09,154.0,69.2
2016-10,126.0,74.8
2016-11,126.0,74.8
2016-12,121.25,75.75
2017-01,85.2,82.96000000000001
2017-02,69.75,86.05
2017-03,42.0,91.6
2017-04,48.5,90.3
2017-05,71.6,85.68
2017-06,77.5,84.5
2017-07,94.5,81.1
2017-08,42.0,91.6
2017-09,43.25,91.35
2017-10,87.6,82.48
2017-11,147.0,70.6
2017-12,201.5,59.7
2018-01,242.2,51.56
2018-02,280.0,44.0
2018-03,317.75,36.45
2018-04,344.75,31.049999999999997
2018-05,375.6,24.879999999999995
2018-06,386.0,22.799999999999997
2018-07,377.4,24.52000000000001
2018-08,350.75,29.849999999999994
2018-09,338.0,32.400000000000006
2018-10,269.8,46.04
2018-11,231.0,53.8
2018-12,219.5,56.1
2019-01,173.2,65.36
2019-02,113.75,77.25
2019-03,39.0,92.2
2019-04,21.6,95.68
2019-05,21.0,95.8
2019-06,8.75,98.25
2019-07,5.0,99.0
2019-08,48.25,90.35
2019-09,178.5,64.3
2019-10,204.2,59.160000000000004
2019-11,211.25,57.75
2019-12,102.2,79.56
2020-01,67.0,86.6
2020-02,68.25,86.35
2020-03,60.0,88.0
2020-04,43.0,91.4
2020-05,40.0,92.0
2020-06,50.4,89.92
2020-07,101.75,79.65
2020-08,247.5,50.5
2020-09,345.6,30.879999999999995
2020-10,384.0,23.200000000000003
2020-11,415.75,16.849999999999994
2020-12,466.2,6.760000000000005
2021-01,460.5,7.900000000000006
2021-02,432.0,13.599999999999994
2021-03,433.2,13.36
2021-04,437.25,12.549999999999997
2021-05,438.0,12.400000000000006
2021-06,438.6,12.280000000000001
2021-07,412.25,17.549999999999997
2021-08,295.0,41.0
2021-09,239.25,52.15
2021-10,223.5,55.3
2021-11,220.0,56.0
2021-12,213.0,57.4
2022-01,187.75,62.45
2022-02,188.0,62.4
2022-03,211.0,57.8
2022-04,255.75,48.85
2022-05,290.2,41.96
2022-06,304.25,39.15
2022-07,289.75,42.05
2022-08,228.4,54.32
2022-09,185.5,62.9
2022-10,167.5,66.5
2022-11,159.4,68.12
2022-12,136.5,72.7
2023-01,95.8,80.84
2023-02,61.25,87.75
2023-03,36.0,92.8
2023-04,21.0,95.8
2023-05,19.0,96.2
2023-06,18.5,96.3
2023-07,32.75,93.45
2023-08,110.0,78.0
2023-09,160.0,68.0
2023-10,182.6,63.480000000000004
2023-11,190.0,62.0
2023-12,188.0,62.4
