year_month,streamflow_cfs
2000-01,4518.451612903225
2000-02,3913.6781609195405
2000-03,3719.5698924731187
2000-04,5270.166666666667
2000-05,6325.978494623657
2000-06,2841.888888888889
2000-07,2849.9892473118284
2000-08,2960.096774193548
2000-09,3846.477777777778
2000-10,3607.0967741935488
2000-11,5039.11111111111
2000-12,4716.096774193548
2001-01,4790.290322580645
2001-02,4207.523809523809
2001-03,4228.94623655914
2001-04,4124.788888888889
2001-05,3596.8494623655915
2001-06,3376.1666666666665
2001-07,4463.301075268818
2001-08,4646.483870967742
2001-09,2664.1666666666665
2001-10,3390.6860215053766
2001-11,3524.1666666666665
2001-12,4469.4838709677415
2002-01,4488.817204301075
2002-02,3739.6309523809523
2002-03,3424.2150537634407
2002-04,3544.066666666666
2002-05,3344.584946236559
2002-06,4311.4766666666665
2002-07,5079.563440860215
2002-08,5061.73440860215
2002-09,3001.3455555555556
2002-10,2824.0623655913982
2002-11,2815.3222222222225
2002-12,3431.7634408602153
2003-01,4456.580645161291
2003-02,4666.714285714285
2003-03,5659.559139784946
2003-04,3890.088888888889
2003-05,3823.747311827957
2003-06,4906.752222222222
2003-07,5066.8784946236565
2003-08,5152.950537634409
2003-09,3062.6744444444444
2003-10,2802.041935483871
2003-11,2853.6555555555556
2003-12,3458.1075268817203
2004-01,4493.548387096774
2004-02,4551.2988505747135
2004-03,5031.301075268818
2004-04,4012.5766666666673
2004-05,3380.4397849462366
2004-06,4581.107777777778
2004-07,5012.2301075268815
2004-08,5014.218279569893
2004-09,2918.582222222222
2004-10,2817.9419354838706
2004-11,4464.544444444445
2004-12,3959.7204301075267
2005-01,6346.258064516129
2005-02,8423.880952380952
2005-03,5447.215053763441
2005-04,3746.3333333333335
2005-05,3662.752688172043
2005-06,4585.96
2005-07,4787.0924731182795
2005-08,5065.11935483871
2005-09,2992.4799999999996
2005-10,2983.3688172043007
2005-11,3081.566666666667
2005-12,4605.967741935484
2006-01,4591.655913978494
2006-02,5048.571428571428
2006-03,3450.5053763440865
2006-04,3590.077777777778
2006-05,3405.8526881720427
2006-06,4671.641111111111
2006-07,4865.854838709677
2006-08,5564.591397849462
2006-09,3425.8544444444447
2006-10,3548.1688172043014
2006-11,3621.2000000000003
2006-12,4585.655913978494
2007-01,4584.494623655914
2007-02,3942.1904761904766
2007-03,3637.5806451612902
2007-04,3599.883333333333
2007-05,3409.5559139784946
2007-06,4601.066666666667
2007-07,4555.3387096774195
2007-08,4858.344086021505
2007-09,3580.4411111111112
2007-10,3409.8161290322582
2007-11,3546.911111111111
2007-12,5150.05376344086
2008-01,6267.516129032258
2008-02,4918.9655172413795
2008-03,5917.989247311828
2008-04,4462.252222222222
2008-05,4637.7
2008-06,4661.263333333333
2008-07,4965.7806451612905
2008-08,5166.525806451613
2008-09,4393.405555555556
2008-10,4261.869892473118
2008-11,3551.6777777777784
2008-12,4916.623655913979
2009-01,4927.419354838709
2009-02,4237.261904761905
2009-03,4074.440860215054
2009-04,3757.7944444444443
2009-05,3386.3967741935485
2009-06,3842.4133333333334
2009-07,4561.1612903225805
2009-08,4549.665591397849
2009-09,3526.897777777778
2009-10,3512.490322580645
2009-11,4028.0
2009-12,5144.967741935484
2010-01,6319.709677419355
2010-02,4694.642857142857
2010-03,4879.107526881721
2010-04,4797.544444444445
2010-05,3857.352688172043
2010-06,3566.6344444444444
2010-07,4620.756989247312
2010-08,4869.633333333334
2010-09,2864.6733333333336
2010-10,2866.344086021505
2010-11,4738.2444444444445
2010-12,4907.258064516129
2011-01,5666.645161290323
2011-02,6048.380952380953
2011-03,6021.946236559139
2011-04,5547.888888888888
2011-05,6540.755913978494
2011-06,7848.432222222222
2011-07,8211.090322580645
2011-08,8284.75376344086
2011-09,5492.1322222222225
2011-10,5409.315053763441
2011-11,6302.099999999999
2011-12,6809.795698924731
2012-01,4761.1612903225805
2012-02,3958.275862068965
2012-03,3615.139784946236
2012-04,3655.6777777777775
2012-05,3373.295698924731
2012-06,4031.2999999999997
2012-07,4916.7698924731185
2012-08,4544.903225806452
2012-09,2784.374444444444
2012-10,2758.724731182796
2012-11,4219.022222222223
2012-12,4452.0
2013-01,4790.139784946236
2013-02,3816.9880952380954
2013-03,3810.161290322581
2013-04,3337.331111111111
2013-05,3397.1365591397844
2013-06,4564.524444444444
2013-07,4828.14623655914
2013-08,4629.659139784946
2013-09,3856.911111111111
2013-10,2742.1505376344085
2013-11,4049.7999999999997
2013-12,3381.9247311827953
2014-01,4538.5268817204305
2014-02,3781.7738095238096
2014-03,3016.225806451613
2014-04,2969.3833333333337
2014-05,2768.194623655914
2014-06,3453.454444444444
2014-07,4495.263440860215
2014-08,4673.834408602151
2014-09,3673.252222222223
2014-10,3513.161290322581
2014-11,4488.688888888889
2014-12,4935.129032258064
2015-01,5005.064516129032
2015-02,4007.5
2015-03,4223.634408602151
2015-04,3552.7877777777776
2015-05,3960.494623655914
2015-06,4562.458888888888
2015-07,5993.750537634409
2015-08,4567.031182795699
2015-09,4224.29
2015-10,3463.275268817204
2015-11,3616.6222222222223
2015-12,4914.935483870968
2016-01,5000.817204301075
2016-02,4757.183908045977
2016-03,4157.860215053764
2016-04,3987.741111111111
2016-05,3960.1774193548385
2016-06,4575.846666666667
2016-07,5292.898924731183
2016-08,5120.486021505377
2016-09,4077.271111111111
2016-10,3397.6602150537633
2016-11,4346.2444444444445
2016-12,5453.301075268817
2017-01,6132.247311827957
2017-02,5772.738095238095
2017-03,5024.268817204301
2017-04,3853.6311111111113
2017-05,3729.1311827956984
2017-06,4330.991111111111
2017-07,4901.22688172043
2017-08,5270.8387096774195
2017-09,3837.3455555555556
2017-10,3507.9623655913983
2017-11,3554.5
2017-12,4081.107526881721
2018-01,4780.075268817204
2018-02,4611.9047619047615
2018-03,4645.548387096774
2018-04,4213.614444444444
2018-05,4012.590322580645
2018-06,4415.352222222222
2018-07,4849.035483870967
2018-08,5068.111827956989
2018-09,3971.7422222222226
2018-10,3723.7311827956987
2018-11,3853.933333333333
2018-12,4144.956989247312
2019-01,4687.645161290323
2019-02,6028.345238095238
2019-03,6568.193548387096
2019-04,4760.475555555556
2019-05,4372.451612903226
2019-06,4649.577777777778
2019-07,4916.282795698925
2019-08,5135.402150537634
2019-09,4019.738888888889
2019-10,3496.5344086021505
2019-11,3679.933333333333
2019-12,4691.182795698925
2020-01,4560.903225806452
2020-02,4577.126436781609
2020-03,5748.31182795699
2020-04,4078.5333333333333
2020-05,3717.447311827957
2020-06,3770.9244444444444
2020-07,4246.665591397849
2020-08,4737.133333333333
2020-09,3565.9233333333327
2020-10,3671.1408602150536
2020-11,3730.433333333333
2020-12,3977.4301075268813
2021-01,4216.021505376344
2021-02,4134.02380952381
2021-03,3904.516129032258
2021-04,3652.5399999999995
2021-05,3579.068817204301
2021-06,3756.115555555556
2021-07,4465.35376344086
2021-08,4658.698924731183
2021-09,3794.5077777777783
2021-10,2795.838709677419
2021-11,2872.3111111111107
2021-12,3429.387096774193
2022-01,3971.52688172043
2022-02,3468.535714285714
2022-03,3409.9462365591403
2022-04,3093.0111111111114
2022-05,3324.1473118279573
2022-06,3377.591111111111
2022-07,3807.5064516129037
2022-08,4548.148387096774
2022-09,3312.1633333333334
2022-10,2841.698924731183
2022-11,2983.788888888889
2022-12,3467.2150537634407
2023-01,4071.0967741935488
2023-02,3779.464285714286
2023-03,6552.913978494624
2023-04,6797.866666666666
2023-05,6446.056989247313
2023-06,6186.684444444444
2023-07,6364.789247311829
2023-08,4997.580645161291
2023-09,2743.321111111111
2023-10,2666.4870967741936
2023-11,2937.066666666667
2023-12,3416.892473118279
