year_month,discharge_cfs_mean,gage_height_ft_mean
2000-01,136.19697113752122,5.179032258064517
2000-02,165.95273318872017,5.224137931034483
2000-03,197.21302600472814,5.243225806451613
2000-04,230.68454166666666,5.1530000000000005
2000-05,210.00254707631316,5.0280645161290325
2000-06,199.24009767598517,5.446
2000-07,201.87027876823342,5.579032258064516
2000-08,178.61192457737323,4.908333333333333
2000-09,69.49238613188308,
2000-10,185.79679736408568,
2000-11,143.53505324630711,
2000-12,85.0156146179402,
2001-01,70.34434319920186,3.955
2001-02,94.73382963232616,4.043571428571428
2001-03,138.02564398943198,4.121290322580645
2001-04,164.96037011651816,4.076333333333333
2001-05,118.59809112071834,3.9040000000000004
2001-06,103.7077843069478,3.511
2001-07,108.3598599066044,4.3506451612903225
2001-08,95.30806611570249,4.887419354838709
2001-09,84.3481366882013,3.5143333333333335
2001-10,79.48333116036505,3.2809677419354837
2001-11,73.54652057544328,3.3186666666666667
2001-12,70.92051125401929,3.5183870967741933
2002-01,63.073329032258066,3.5851612903225805
2002-02,73.34563928571428,3.6260714285714286
2002-03,86.86500322580646,3.5880645161290325
2002-04,89.29886333333334,3.399
2002-05,74.66831612903226,3.2312903225806453
2002-06,77.83772448979592,3.1599999999999997
2002-07,81.77035844673084,3.4106451612903226
2002-08,73.00001341381623,4.203181818181818
2002-09,77.56961631524369,
2002-10,57.72587228439763,3.2916129032258064
2002-11,55.18812731559447,3.3453333333333335
2002-12,55.59911045943304,3.3729032258064517
2003-01,58.13640599543825,3.432903225806452
2003-02,88.13789321789321,3.4739285714285715
2003-03,168.1725228161669,3.4829032258064516
2003-04,126.85533898305084,3.431
2003-05,80.49279131007242,3.3738709677419356
2003-06,80.6416740237691,3.246666666666667
2003-07,77.99855497037524,3.2223076923076923
2003-08,73.20344963791968,
2003-09,74.37109109449354,
2003-10,54.713395081443636,
2003-11,55.60879867986799,
2003-12,50.90678058128394,5.468275862068966
2004-01,51.30489619929735,5.550645161290323
2004-02,68.10586889723454,5.554137931034482
2004-03,125.2064068987544,5.449354838709677
2004-04,126.91979537953794,5.171666666666667
2004-05,75.80998722452891,4.579032258064516
2004-06,65.98733618702667,4.012333333333333
2004-07,70.9705012771392,3.596774193548387
2004-08,66.27524752475247,3.63741935483871
2004-09,64.42518924302789,3.489
2004-10,62.01317204301075,3.1258064516129034
2004-11,58.376404761904766,3.836
2004-12,110.65246449136276,4.095161290322581
2005-01,568.0256666666667,3.9590322580645156
2005-02,1080.8620632279533,4.072142857142857
2005-03,320.2787734433608,3.661290322580645
2005-04,250.685496124031,3.3286666666666664
2005-05,167.07162790697674,3.1683870967741936
2005-06,142.06767829457362,3.0396666666666667
2005-07,133.47586646661665,3.1114814814814817
2005-08,145.5939759939985,3.88448275862069
2005-09,95.56028846153846,2.997
2005-10,65.61293727382389,2.613548387096774
2005-11,53.095174454828665,2.5983333333333336
2005-12,59.08363250454821,2.692258064516129
2006-01,56.07300973828363,2.7136666666666667
2006-02,74.75343791722295,2.7439999999999998
2006-03,82.20665360265299,2.7348387096774194
2006-04,95.80672897196261,2.671666666666667
2006-05,84.92914983418751,2.6570967741935485
2006-06,87.67370404984425,2.786
2006-07,160.7504402895054,3.4193548387096775
2006-08,220.14529394030748,4.136129032258064
2006-09,122.27104951728434,3.549
2006-10,80.45164277180406,2.887741935483871
2006-11,62.88475308641976,2.801
2006-12,68.3497759187332,2.7816129032258066
2007-01,62.07195429945881,2.7503225806451614
2007-02,82.12391865079366,2.7032142857142856
2007-03,111.34324970131422,2.670645161290323
2007-04,105.93949074074074,2.553
2007-05,85.28054659498208,2.3777419354838707
2007-06,88.26721296296297,2.63
2007-07,112.00624551971326,2.9174193548387097
2007-08,128.29193249701314,3.4861290322580643
2007-09,74.17462345679013,2.7536666666666667
2007-10,62.26373668639053,2.437741935483871
2007-11,47.22124545454545,2.7156666666666665
2007-12,114.7523056614843,2.9419354838709677
2008-01,223.409813554306,3.0135483870967743
2008-02,224.40757671622904,2.9917241379310346
2008-03,201.0699852027227,2.8774193548387097
2008-04,147.37760856269114,2.787
2008-05,102.92743119266055,2.5248387096774194
2008-06,94.59107339449541,2.3556666666666666
2008-07,110.61889020420242,3.3188
2008-08,100.20181118674164,4.636774193548387
2008-09,90.74295665634675,3.55
2008-10,80.46391875746714,3.1648387096774195
2008-11,61.194833333333335,3.1983333333333333
2008-12,80.60816308243727,3.3403225806451613
2009-01,74.98915400655346,3.3993548387096775
2009-02,113.73172673656617,3.377407407407407
2009-03,139.9756821544836,3.2680645161290323
2009-04,122.41852905198778,3.0929999999999995
2009-05,102.80682154483576,2.8325806451612903
2009-06,78.08693272171253,2.712666666666667
2009-07,84.90106244451022,2.674583333333333
2009-08,78.99003551346553,2.6887096774193546
2009-09,71.000257195346,2.784
2009-10,58.7908863430811,2.7580645161290325
2009-11,49.48499065420561,2.9376666666666664
2009-12,49.076768164003624,3.285806451612903
2010-01,217.0841573711185,3.4961290322580645
2010-02,163.84520694259012,3.225357142857143
2010-03,469.78357552004826,3.2764516129032257
2010-04,328.2758545680547,3.21
2010-05,141.02717741935484,3.035806451612903
2010-06,97.47707098765433,2.7606666666666664
2010-07,121.41735364396655,3.1703225806451614
2010-08,118.02658303464754,4.126451612903226
2010-09,80.52014193150262,3.3993333333333333
2010-10,64.36037585084344,2.883870967741936
2010-11,52.358874617737,2.942
2010-12,60.49261615862681,3.0583870967741937
2011-01,53.967256584788394,3.140322580645161
2011-02,71.32905307994757,3.193214285714286
2011-03,89.74374963006807,3.0429032258064517
2011-04,94.27859327217125,2.9859999999999998
2011-05,75.07447173720035,2.9170967741935487
2011-06,77.62919877675841,2.7756666666666665
2011-07,86.38236756436817,3.041935483870968
2011-08,81.43598105948506,3.642258064516129
2011-09,70.69694283093855,3.3609999999999998
2011-10,52.38456304985337,3.346774193548387
2011-11,46.53500606060606,3.409666666666667
2011-12,51.13473020527859,3.462903225806452
2012-01,41.2139475123018,
2012-02,40.916265341905316,
2012-03,59.399387643521045,
2012-04,54.55257062146893,
2012-05,36.66658283214871,
2012-06,30.634632768361584,
2012-07,41.32037178786222,
2012-08,48.632602515035536,
2012-09,42.61346327683616,
2012-10,27.620071077091307,
2012-11,23.820570621468928,
2012-12,25.946418808091853,
2013-01,67.75933708197691,3.826774193548387
2013-02,69.06357142857142,3.8310714285714282
2013-03,109.84767386800829,3.851935483870968
2013-04,103.34588073394497,3.7689999999999997
2013-05,70.50836934004143,3.603548387096774
2013-06,64.66361162079511,3.427333333333333
2013-07,89.17678307191476,4.67483870967742
2013-08,82.31301568511394,3.8152
2013-09,125.02848623853211,3.5450000000000004
2013-10,65.00876294761764,3.5494999999999997
2013-11,54.258394495412844,3.454
2013-12,47.859943770346256,3.4825806451612906
2014-01,52.79704646345073,3.505806451612903
2014-02,67.98827653997378,3.5010714285714286
2014-03,97.03625332938739,3.470322580645161
2014-04,96.64438532110093,3.406
2014-05,69.88497780408404,3.2129032258064516
2014-06,70.02997859327218,3.0606666666666666
2014-07,78.59480911512281,3.970322580645161
2014-08,86.22583680762358,4.283214285714285
2014-09,118.61673047236802,3.67875
2014-10,73.91164305094966,2.6743478260869566
2014-11,55.76836137071651,1.9656666666666667
2014-12,51.04564666867652,1.8870967741935485
2015-01,73.41522460054266,1.9145161290322579
2015-02,100.92559746328439,2.0782142857142856
2015-03,99.77895990352728,1.8635483870967742
2015-04,102.40946417445483,1.7276666666666667
2015-05,71.04818209225203,1.5725806451612903
2015-06,71.13746417445483,1.4756666666666665
2015-07,87.15473922218872,1.5819354838709676
2015-08,80.37654808561953,2.0803846153846157
2015-09,74.41184677670508,1.8710344827586207
2015-10,64.28635005973716,1.5977419354838711
2015-11,73.28005864197532,1.656
2015-12,61.66843413173653,1.6970967741935483
2016-01,74.44647023631468,1.7570967741935484
2016-02,113.06993554624557,1.807241379310345
2016-03,112.20584262888153,1.7141935483870967
2016-04,96.75060124610592,1.5283333333333333
2016-05,73.80821525474826,1.3563157894736841
2016-06,68.15427102803739,1.2114285714285715
2016-07,68.61739825143202,1.3326315789473684
2016-08,76.8531101055807,2.8993548387096775
2016-09,67.88775659358119,2.3423333333333334
2016-10,61.657282018524434,2.305483870967742
2016-11,58.33444884488449,2.2946666666666666
2016-12,77.30854359629511,2.4570967741935483
2017-01,134.64412970430106,2.613548387096774
2017-02,169.45122767857143,2.565714285714286
2017-03,203.7881182795699,2.4977419354838712
2017-04,126.97269097222221,2.3786666666666667
2017-05,93.54679986454454,2.217741935483871
2017-06,91.85306944444446,2.144
2017-07,116.05117943548387,2.176875
2017-08,94.68001018675722,2.3017241379310347
2017-09,77.007734128376,1.7516666666666665
2017-10,68.94461357526882,1.7325
2017-11,62.012479166666665,1.7513636363636365
2017-12,52.38082826233941,1.8738709677419356
2018-01,56.351516116195775,1.977741935483871
2018-02,74.57729965156796,1.997142857142857
2018-03,89.116435877262,2.014838709677419
2018-04,98.87170731707317,1.9346666666666665
2018-05,83.39391663389698,1.8112903225806452
2018-06,76.8524233983287,1.7176666666666667
2018-07,70.28780800621843,1.7925806451612902
2018-08,74.72958414302371,2.6238709677419356
2018-09,72.2486953062848,1.96
2018-10,64.31927035330261,2.104193548387097
2018-11,54.628182539682534,2.2053333333333334
2018-12,46.41008448540707,2.238888888888889
2019-01,55.115869088631385,
2019-02,161.6681796116505,2.225
2019-03,302.4747165674914,2.2133333333333334
2019-04,144.14750485436892,2.1322222222222225
2019-05,101.85447728686994,2.031111111111111
2019-06,94.36546153846153,1.9433333333333334
2019-07,91.19803039702234,1.9322727272727271
2019-08,83.62149193548387,2.2981818181818183
2019-09,81.07491346153847,2.280666666666667
2019-10,59.08758684863524,1.9626315789473683
2019-11,80.99739423076923,2.3775
2019-12,78.10229218362284,2.4886363636363638
2020-01,72.62021104903786,2.0867741935483872
2020-02,107.50851063829786,1.9751724137931035
2020-03,214.97799627791565,2.2893548387096776
2020-04,121.42268910256409,1.6643333333333332
2020-05,95.9675682382134,1.4552173913043478
2020-06,94.48049695415196,1.1992307692307693
2020-07,100.66566687344913,1.310967741935484
2020-08,83.9103970223325,1.7570967741935484
2020-09,76.9378717948718,1.3493333333333335
2020-10,63.41776364764268,1.258709677419355
2020-11,53.035333333333334,1.337
2020-12,47.45320719602978,1.4223333333333332
