year,route_count,total_abundance,species_richness,abundance_anomaly,abundance_index
1968,6,7394,100,0.17106441924585436,0.494521
1969,5,5139,91,0.07671500065144006,0.285144
1970,6,4104,99,-0.14565590514707974,0.155721
1971,5,3735,93,-0.1479123838062968,0.101504
1972,3,3131,86,0.05737340769579132,0.0
1973,5,3923,97,-0.01796785101492624,0.129764
1974,9,6444,141,0.027985651807983403,0.415376
1975,11,6364,155,-0.19892645336035653,0.408186
1976,13,6783,149,-0.24148202076181635,0.444882
1977,11,6709,148,-0.10761339848894419,0.438569
1978,9,6879,142,0.07568746418317396,0.452971
1979,10,6845,153,0.039920094103621594,0.450119
1980,9,7084,147,0.12197059862281523,0.469871
1981,8,7162,143,0.1834400069386795,0.476173
1982,7,7719,145,0.21609220798242784,0.519278
1983,8,8232,148,0.17554635000680152,0.55631
1984,8,7581,146,0.19678919002963136,0.508896
1985,8,6902,152,0.009962099588218143,0.454892
1986,8,8496,150,0.25272380775846426,0.574478
1987,8,6312,150,0.0998726536421275,0.403464
1988,8,6389,144,0.012288016467490115,0.410442
1989,7,4906,130,-0.13513375925928525,0.258442
1990,12,8133,146,-0.10828588832756562,0.549347
1991,11,6916,144,-0.06913542857851378,0.456058
1992,21,12907,169,-0.05122103336406005,0.815158
1993,23,16318,167,0.14276848305396142,0.950127
1994,17,11825,156,0.05901780180526394,0.764766
1995,24,15863,162,0.06384692190801329,0.933851
1996,20,15813,169,0.020902524696916603,0.932034
1997,22,16113,171,0.06476420293873618,0.942851
1998,19,15431,170,0.07275776431654124,0.917959
1999,23,17384,175,0.1062750480294898,0.98655
2000,22,15619,173,0.036374243674707714,0.924929
2001,25,17795,180,0.10425456114889392,1.0
2002,21,13763,162,-0.07268684331544903,0.852117
2003,23,15325,170,0.009506340092012846,0.913991
2004,21,14991,170,0.019983591636474785,0.901308
2005,23,17778,176,0.14077296288306634,0.99945
2006,26,17793,178,0.03659140659961887,0.999935
2007,24,15659,171,-0.021590286037917756,0.926401
2008,24,16603,169,-0.0007912042334050259,0.960093
2009,25,16907,174,0.07752212462552929,0.970537
2010,23,14809,169,-0.04098126112026245,0.894278
2011,17,11142,151,-0.13967666167994283,0.730523
2012,16,9288,163,-0.12429922192586018,0.625774
2013,19,11735,161,-0.09712487389453744,0.760368
2014,22,13295,168,-0.040779104802920844,0.832205
2015,23,16315,174,0.15095665211702425,0.950022
2016,24,16603,173,0.08406649997509148,0.960093
2017,24,14274,175,-0.07134852035003567,0.8731
2018,21,11611,167,-0.1760371133623127,0.754254
2019,25,15293,181,-0.029201937219189303,0.912788
2021,24,11621,175,-0.3063183787193971,0.75475
2022,22,12284,172,-0.15243521884739475,0.786684
2023,22,13667,175,-0.026668542943801034,0.848088
2024,15,8304,156,-0.09598918332264063,0.561322
