year_month,fire_count,total_acres,log_acres,wildfire_risk_index
1984-01,0,0.0,0.0,0.0
1984-02,0,0.0,0.0,0.0
1984-03,0,0.0,0.0,0.0
1984-04,0,0.0,0.0,0.0
1984-05,1,1171.0,7.066466970136958,0.3049297309160026
1984-06,2,2526.0,7.834788107388194,0.36593631549902234
1984-07,0,0.0,0.0,0.0
1984-08,1,1059.0,6.966024187106113,0.3010396463874106
1984-09,1,5354.0,8.585785982881848,0.36377198127120797
1984-10,0,0.0,0.0,0.0
1984-11,0,0.0,0.0,0.0
1984-12,0,0.0,0.0,0.0
1985-01,0,0.0,0.0,0.0
1985-02,0,0.0,0.0,0.0
1985-03,0,0.0,0.0,0.0
1985-04,0,0.0,0.0,0.0
1985-05,0,0.0,0.0,0.0
1985-06,1,1630.0,7.396948602621014,0.3177290724586922
1985-07,0,0.0,0.0,0.0
1985-08,0,0.0,0.0,0.0
1985-09,0,0.0,0.0,0.0
1985-10,0,0.0,0.0,0.0
1985-11,0,0.0,0.0,0.0
1985-12,0,0.0,0.0,0.0
1986-01,0,0.0,0.0,0.0
1986-02,0,0.0,0.0,0.0
1986-03,0,0.0,0.0,0.0
1986-04,0,0.0,0.0,0.0
1986-05,1,3015.0,8.011686729127847,0.3415374855960053
1986-06,0,0.0,0.0,0.0
1986-07,0,0.0,0.0,0.0
1986-08,0,0.0,0.0,0.0
1986-09,0,0.0,0.0,0.0
1986-10,0,0.0,0.0,0.0
1986-11,0,0.0,0.0,0.0
1986-12,0,0.0,0.0,0.0
1987-01,0,0.0,0.0,0.0
1987-02,0,0.0,0.0,0.0
1987-03,1,4467.0,8.404696160189092,0.3567584886509743
1987-04,0,0.0,0.0,0.0
1987-05,0,0.0,0.0,0.0
1987-06,10,24276.0,10.097284679055107,0.7035613557842072
1987-07,1,1284.0,7.158513997329321,0.308494653208866
1987-08,1,5521.0,8.6164953924901,0.3649613369978665
1987-09,1,2959.0,7.992944547318106,0.3408116129221294
1987-10,0,0.0,0.0,0.0
1987-11,0,0.0,0.0,0.0
1987-12,0,0.0,0.0,0.0
1988-01,0,0.0,0.0,0.0
1988-02,0,0.0,0.0,0.0
1988-03,0,0.0,0.0,0.0
1988-04,1,1447.0,7.277938572945661,0.3131198903829109
1988-05,1,1309.0,7.177782416195197,0.30924090670621834
1988-06,4,23323.0,10.057238152342046,0.5145103795040848
1988-07,2,10046.0,9.215029361462314,0.41939217351272645
1988-08,0,0.0,0.0,0.0
1988-09,0,0.0,0.0,0.0
1988-10,0,0.0,0.0,0.0
1988-11,0,0.0,0.0,0.0
1988-12,0,0.0,0.0,0.0
1989-01,0,0.0,0.0,0.0
1989-02,0,0.0,0.0,0.0
1989-03,0,0.0,0.0,0.0
1989-04,0,0.0,0.0,0.0
1989-05,0,0.0,0.0,0.0
1989-06,1,1462.0,7.288244401020124,0.3135190284905685
1989-07,6,44556.0,10.704524547379622,0.6020793661940543
1989-08,0,0.0,0.0,0.0
1989-09,0,0.0,0.0,0.0
1989-10,0,0.0,0.0,0.0
1989-11,0,0.0,0.0,0.0
1989-12,0,0.0,0.0,0.0
1990-01,0,0.0,0.0,0.0
1990-02,0,0.0,0.0,0.0
1990-03,0,0.0,0.0,0.0
1990-04,0,0.0,0.0,0.0
1990-05,1,1473.0,7.295735072749282,0.31380913739957206
1990-06,2,34130.0,10.437961341207826,0.4667555442834016
1990-07,0,0.0,0.0,0.0
1990-08,0,0.0,0.0,0.0
1990-09,0,0.0,0.0,0.0
1990-10,0,0.0,0.0,0.0
1990-11,0,0.0,0.0,0.0
1990-12,0,0.0,0.0,0.0
1991-01,0,0.0,0.0,0.0
1991-02,0,0.0,0.0,0.0
1991-03,0,0.0,0.0,0.0
1991-04,0,0.0,0.0,0.0
1991-05,1,5585.0,8.628018746505122,0.36540762910386637
1991-06,2,4772.0,8.470730317005897,0.39056594916770243
1991-07,2,4670.0,8.449128460502108,0.3897293231280949
1991-08,0,0.0,0.0,0.0
1991-09,0,0.0,0.0,0.0
1991-10,0,0.0,0.0,0.0
1991-11,0,0.0,0.0,0.0
1991-12,0,0.0,0.0,0.0
1992-01,0,0.0,0.0,0.0
1992-02,0,0.0,0.0,0.0
1992-03,0,0.0,0.0,0.0
1992-04,0,0.0,0.0,0.0
1992-05,0,0.0,0.0,0.0
1992-06,4,8110.0,9.000976444070345,0.47360204138854217
1992-07,1,2301.0,7.741533589281828,0.33107462785795533
1992-08,0,0.0,0.0,0.0
1992-09,0,0.0,0.0,0.0
1992-10,0,0.0,0.0,0.0
1992-11,0,0.0,0.0,0.0
1992-12,0,0.0,0.0,0.0
1993-01,0,0.0,0.0,0.0
1993-02,0,0.0,0.0,0.0
1993-03,0,0.0,0.0,0.0
1993-04,1,1834.0,7.51479976048867,0.3222933721730563
1993-05,2,4423.0,8.39479954320217,0.3876251990261299
1993-06,10,39243.0,10.577553845283282,0.7221618723840934
1993-07,1,4852.0,8.487352349405215,0.3599597098154982
1993-08,2,4952.0,8.507748732588238,0.3919996486469934
1993-09,0,0.0,0.0,0.0
1993-10,0,0.0,0.0,0.0
1993-11,0,0.0,0.0,0.0
1993-12,0,0.0,0.0,0.0
1994-01,0,0.0,0.0,0.0
1994-02,0,0.0,0.0,0.0
1994-03,0,0.0,0.0,0.0
1994-04,1,2933.0,7.984121958702927,0.3404699197268751
1994-05,2,2957.0,7.992268643270745,0.3720354355921301
1994-06,9,58355.0,10.974317460191786,0.7062782725702553
1994-07,5,14656.0,9.5926733160273,0.5277680815236425
1994-08,1,3117.0,8.044947049617722,0.3428256364640865
1994-09,0,0.0,0.0,0.0
1994-10,0,0.0,0.0,0.0
1994-11,0,0.0,0.0,0.0
1994-12,0,0.0,0.0,0.0
1995-01,0,0.0,0.0,0.0
1995-02,0,0.0,0.0,0.0
1995-03,0,0.0,0.0,0.0
1995-04,0,0.0,0.0,0.0
1995-05,0,0.0,0.0,0.0
1995-06,6,25959.0,10.164312170818027,0.5811572875259351
1995-07,8,81888.0,11.313119950686437,0.6881498756038644
1995-08,2,4590.0,8.431853144249223,0.38906026121588916
1995-09,0,0.0,0.0,0.0
1995-10,0,0.0,0.0,0.0
1995-11,0,0.0,0.0,0.0
1995-12,0,0.0,0.0,0.0
1996-01,0,0.0,0.0,0.0
1996-02,0,0.0,0.0,0.0
1996-03,0,0.0,0.0,0.0
1996-04,1,60525.0,11.010828303768077,0.4576923141114814
1996-05,0,0.0,0.0,0.0
1996-06,0,0.0,0.0,0.0
1996-07,0,0.0,0.0,0.0
1996-08,0,0.0,0.0,0.0
1996-09,0,0.0,0.0,0.0
1996-10,0,0.0,0.0,0.0
1996-11,0,0.0,0.0,0.0
1996-12,0,0.0,0.0,0.0
1997-01,0,0.0,0.0,0.0
1997-02,0,0.0,0.0,0.0
1997-03,0,0.0,0.0,0.0
1997-04,0,0.0,0.0,0.0
1997-05,1,1022.0,6.930494765951626,0.2996636147067626
1997-06,0,0.0,0.0,0.0
1997-07,0,0.0,0.0,0.0
1997-08,0,0.0,0.0,0.0
1997-09,0,0.0,0.0,0.0
1997-10,0,0.0,0.0,0.0
1997-11,0,0.0,0.0,0.0
1997-12,0,0.0,0.0,0.0
1998-01,0,0.0,0.0,0.0
1998-02,0,0.0,0.0,0.0
1998-03,0,0.0,0.0,0.0
1998-04,0,0.0,0.0,0.0
1998-05,0,0.0,0.0,0.0
1998-06,0,0.0,0.0,0.0
1998-07,0,0.0,0.0,0.0
1998-08,0,0.0,0.0,0.0
1998-09,0,0.0,0.0,0.0
1998-10,0,0.0,0.0,0.0
1998-11,0,0.0,0.0,0.0
1998-12,0,0.0,0.0,0.0
1999-01,0,0.0,0.0,0.0
1999-02,0,0.0,0.0,0.0
1999-03,1,1510.0,7.32052696227274,0.31476931137085823
1999-04,0,0.0,0.0,0.0
1999-05,1,4735.0,8.462948176563842,0.3590145518624956
1999-06,2,8068.0,8.995784837848506,0.41090097381123386
1999-07,0,0.0,0.0,0.0
1999-08,0,0.0,0.0,0.0
1999-09,0,0.0,0.0,0.0
1999-10,0,0.0,0.0,0.0
1999-11,0,0.0,0.0,0.0
1999-12,0,0.0,0.0,0.0
2000-01,0,0.0,0.0,0.0
2000-02,0,0.0,0.0,0.0
2000-03,0,0.0,0.0,0.0
2000-04,2,15715.0,9.662434580678351,0.4367198905349553
2000-05,1,2414.0,7.789454566086673,0.3329305765367797
2000-06,1,5728.0,8.653296274408579,0.36638661153795615
2000-07,1,2373.0,7.772331575169614,0.3322674140870772
2000-08,0,0.0,0.0,0.0
2000-09,1,1313.0,7.1808311990445555,0.30935898410944684
2000-10,0,0.0,0.0,0.0
2000-11,0,0.0,0.0,0.0
2000-12,0,0.0,0.0,0.0
2001-01,0,0.0,0.0,0.0
2001-02,0,0.0,0.0,0.0
2001-03,0,0.0,0.0,0.0
2001-04,0,0.0,0.0,0.0
2001-05,1,3051.0,8.023552392404348,0.34199703512002855
2001-06,0,0.0,0.0,0.0
2001-07,0,0.0,0.0,0.0
2001-08,0,0.0,0.0,0.0
2001-09,0,0.0,0.0,0.0
2001-10,0,0.0,0.0,0.0
2001-11,0,0.0,0.0,0.0
2001-12,0,0.0,0.0,0.0
2002-01,0,0.0,0.0,0.0
2002-02,4,11049.0,9.310185706945898,0.4855775177076336
2002-03,0,0.0,0.0,0.0
2002-04,3,40992.0,10.621156599402811,0.5051005790694935
2002-05,3,38950.0,10.570059724910275,0.5031216299113266
2002-06,3,25503.0,10.146590581589942,0.4867209417477913
2002-07,1,2432.0,7.796880342783522,0.3332181721028277
2002-08,1,1113.0,7.01571242048723,0.3029640397793141
2002-09,1,3157.0,8.057694194815587,0.3433193252172416
2002-10,0,0.0,0.0,0.0
2002-11,0,0.0,0.0,0.0
2002-12,0,0.0,0.0,0.0
2003-01,0,0.0,0.0,0.0
2003-02,0,0.0,0.0,0.0
2003-03,1,1066.0,6.9726062513017535,0.3012945655097312
2003-04,1,1366.0,7.220373836723949,0.3108904450906613
2003-05,1,2997.0,8.005700678662542,0.3413056497029745
2003-06,5,108625.0,11.595666068509209,0.6053427054258792
2003-07,5,41208.0,10.626411958083574,0.5678041157386233
2003-08,0,0.0,0.0,0.0
2003-09,0,0.0,0.0,0.0
2003-10,0,0.0,0.0,0.0
2003-11,0,0.0,0.0,0.0
2003-12,0,0.0,0.0,0.0
2004-01,0,0.0,0.0,0.0
2004-02,0,0.0,0.0,0.0
2004-03,2,9068.0,9.112617283447568,0.41542581945318413
2004-04,0,0.0,0.0,0.0
2004-05,4,24869.0,10.12141753679745,0.5169960058775381
2004-06,1,1876.0,7.537430036586509,0.32316982824356294
2004-07,0,0.0,0.0,0.0
2004-08,1,1287.0,7.160845906664299,0.30858496656092926
2004-09,0,0.0,0.0,0.0
2004-10,0,0.0,0.0,0.0
2004-11,0,0.0,0.0,0.0
2004-12,0,0.0,0.0,0.0
2005-01,1,33013.0,10.404686992907486,0.4342168501272233
2005-02,0,0.0,0.0,0.0
2005-03,0,0.0,0.0,0.0
2005-04,4,12818.0,9.458683724312134,0.4913287506230496
2005-05,11,64237.0,11.070350214885682,0.7724975595314507
2005-06,13,128837.0,11.766311080195187,0.8619516772186776
2005-07,15,121993.0,11.711727142178132,0.9223376763279958
2005-08,2,6339.0,8.75463404743127,0.40156135845458113
2005-09,0,0.0,0.0,0.0
2005-10,1,2295.0,7.738923757439457,0.33097355074553486
2005-11,0,0.0,0.0,0.0
2005-12,0,0.0,0.0,0.0
2006-01,1,2052.0,7.627057417018934,0.32664103917019904
2006-02,2,5091.0,8.535425959677298,0.3930715698905576
2006-03,0,0.0,0.0,0.0
2006-04,0,0.0,0.0,0.0
2006-05,1,1696.0,7.436617265234227,0.31926541430471816
2006-06,4,6827.0,8.828787083914332,0.46693325797057017
2006-07,1,4850.0,8.486940148245216,0.3599437455290975
2006-08,0,0.0,0.0,0.0
2006-09,0,0.0,0.0,0.0
2006-10,0,0.0,0.0,0.0
2006-11,0,0.0,0.0,0.0
2006-12,1,1833.0,7.51425465281641,0.3222722605027273
2007-01,0,0.0,0.0,0.0
2007-02,0,0.0,0.0,0.0
2007-03,0,0.0,0.0,0.0
2007-04,0,0.0,0.0,0.0
2007-05,3,9800.0,9.19023970026918,0.44968208584324365
2007-06,2,6047.0,8.70748291785937,0.3997352254650466
2007-07,2,10473.0,9.256651274839433,0.42100416350735853
2007-08,0,0.0,0.0,0.0
2007-09,0,0.0,0.0,0.0
2007-10,0,0.0,0.0,0.0
2007-11,0,0.0,0.0,0.0
2007-12,0,0.0,0.0,0.0
2008-01,0,0.0,0.0,0.0
2008-02,1,3196.0,8.069968149059841,0.3437946875884291
2008-03,0,0.0,0.0,0.0
2008-04,2,16899.0,9.735068900911164,0.4395329711451938
2008-05,1,2361.0,7.767263996757308,0.33207115002723847
2008-06,8,47181.0,10.761767742906777,0.6667963584215494
2008-07,1,1971.0,7.586803535162581,0.32508203215844506
2008-08,0,0.0,0.0,0.0
2008-09,0,0.0,0.0,0.0
2008-10,0,0.0,0.0,0.0
2008-11,0,0.0,0.0,0.0
2008-12,0,0.0,0.0,0.0
2009-01,0,0.0,0.0,0.0
2009-02,0,0.0,0.0,0.0
2009-03,3,24538.0,10.108018967638357,0.4852270878924097
2009-04,1,1031.0,6.939253946041508,0.3000028521305239
2009-05,4,13359.0,9.500020447090638,0.49292969536881565
2009-06,2,25608.0,10.150699131184039,0.4556300632369484
2009-07,5,33549.0,10.420792142399828,0.5598405922317364
2009-08,0,0.0,0.0,0.0
2009-09,1,6977.0,8.85051762174672,0.3740248677554543
2009-10,1,5704.0,8.649098262296176,0.36622402522287684
2009-11,0,0.0,0.0,0.0
2009-12,0,0.0,0.0,0.0
2010-01,0,0.0,0.0,0.0
2010-02,0,0.0,0.0,0.0
2010-03,0,0.0,0.0,0.0
2010-04,0,0.0,0.0,0.0
2010-05,2,5152.0,8.547334348328224,0.3935327741409138
2010-06,0,0.0,0.0,0.0
2010-07,1,3742.0,8.22764270790443,0.3499013220663442
2010-08,0,0.0,0.0,0.0
2010-09,0,0.0,0.0,0.0
2010-10,0,0.0,0.0,0.0
2010-11,0,0.0,0.0,0.0
2010-12,0,0.0,0.0,0.0
2011-01,0,0.0,0.0,0.0
2011-02,1,1960.0,7.581209826196346,0.3248653913998919
2011-03,2,13579.0,9.516353401112687,0.431062260196573
2011-04,2,18494.0,9.825255704266555,0.443025848162632
2011-05,6,305495.0,12.629691964218381,0.6766398647904945
2011-06,2,34962.0,10.462045638444781,0.4676883136595221
2011-07,0,0.0,0.0,0.0
2011-08,6,16899.0,9.735068900911164,0.5645329711451939
2011-09,0,0.0,0.0,0.0
2011-10,0,0.0,0.0,0.0
2011-11,0,0.0,0.0,0.0
2011-12,0,0.0,0.0,0.0
2012-01,0,0.0,0.0,0.0
2012-02,0,0.0,0.0,0.0
2012-03,0,0.0,0.0,0.0
2012-04,0,0.0,0.0,0.0
2012-05,4,29885.0,10.305145422301338,0.5241116689774954
2012-06,3,19921.0,9.89957992770511,0.47715437763954976
2012-07,1,1605.0,7.381501894506707,0.31713083136620185
2012-08,2,7963.0,8.982686665184087,0.41039368998956754
2012-09,0,0.0,0.0,0.0
2012-10,0,0.0,0.0,0.0
2012-11,0,0.0,0.0,0.0
2012-12,0,0.0,0.0,0.0
2013-01,0,0.0,0.0,0.0
2013-02,0,0.0,0.0,0.0
2013-03,0,0.0,0.0,0.0
2013-04,0,0.0,0.0,0.0
2013-05,1,11044.0,9.309733115854218,0.39180998914509885
2013-06,0,0.0,0.0,0.0
2013-07,1,1492.0,7.30854279753919,0.31430517236145067
2013-08,0,0.0,0.0,0.0
2013-09,0,0.0,0.0,0.0
2013-10,0,0.0,0.0,0.0
2013-11,0,0.0,0.0,0.0
2013-12,0,0.0,0.0,0.0
2014-01,0,0.0,0.0,0.0
2014-02,0,0.0,0.0,0.0
2014-03,0,0.0,0.0,0.0
2014-04,0,0.0,0.0,0.0
2014-05,0,0.0,0.0,0.0
2014-06,0,0.0,0.0,0.0
2014-07,3,6078.0,8.712595487748722,0.4311832320159185
2014-08,0,0.0,0.0,0.0
2014-09,0,0.0,0.0,0.0
2014-10,0,0.0,0.0,0.0
2014-11,0,0.0,0.0,0.0
2014-12,0,0.0,0.0,0.0
2015-01,0,0.0,0.0,0.0
2015-02,0,0.0,0.0,0.0
2015-03,0,0.0,0.0,0.0
2015-04,0,0.0,0.0,0.0
2015-05,1,1974.0,7.5883236773352225,0.3251409062892548
2015-06,3,36849.0,10.514610897617482,0.5009741324140299
2015-07,0,0.0,0.0,0.0
2015-08,1,1678.0,7.425953657077541,0.31885241960407795
2015-09,0,0.0,0.0,0.0
2015-10,0,0.0,0.0,0.0
2015-11,0,0.0,0.0,0.0
2015-12,0,0.0,0.0,0.0
2016-01,0,0.0,0.0,0.0
2016-02,1,1018.0,6.926577033222725,0.29951188343233964
2016-03,2,8769.0,9.079092085366229,0.4141274100459682
2016-04,0,0.0,0.0,0.0
2016-05,5,51995.0,10.85892207152791,0.5768090832211873
2016-06,5,27883.0,10.23580832660629,0.5526762877576423
2016-07,2,6196.0,8.731820582962108,0.40067780761601246
2016-08,0,0.0,0.0,0.0
2016-09,1,3236.0,8.082402253926244,0.34427625249043736
2016-10,1,1209.0,7.098375638590786,0.30616553316813744
2016-11,0,0.0,0.0,0.0
2016-12,0,0.0,0.0,0.0
2017-01,0,0.0,0.0,0.0
2017-02,0,0.0,0.0,0.0
2017-03,1,2631.0,7.875499292445208,0.33626303357026793
2017-04,1,47319.0,10.764688318092324,0.4481594704242345
2017-05,2,9812.0,9.191463316206494,0.41847947570325206
2017-06,16,112110.0,11.627244730918758,0.9503157267556973
2017-07,3,7288.0,8.894121641382213,0.4382136234534756
2017-08,0,0.0,0.0,0.0
2017-09,0,0.0,0.0,0.0
2017-10,0,0.0,0.0,0.0
2017-11,0,0.0,0.0,0.0
2017-12,0,0.0,0.0,0.0
2018-01,0,0.0,0.0,0.0
2018-02,2,6344.0,8.755422380148488,0.401591890074814
2018-03,0,0.0,0.0,0.0
2018-04,1,27377.0,10.217495050155458,0.4269670263130711
2018-05,1,1473.0,7.295735072749282,0.31380913739957206
2018-06,1,4356.0,8.379539026117442,0.35578416899272886
2018-07,5,18225.0,9.810604425056072,0.5362084135211279
2018-08,0,0.0,0.0,0.0
2018-09,0,0.0,0.0,0.0
2018-10,0,0.0,0.0,0.0
2018-11,1,2546.0,7.842671474979457,0.3349916332667564
2018-12,0,0.0,0.0,0.0
2019-01,0,0.0,0.0,0.0
2019-02,1,1175.0,7.069874128458572,0.3050616879712876
2019-03,0,0.0,0.0,0.0
2019-04,0,0.0,0.0,0.0
2019-05,3,4793.0,8.475120414994329,0.4219859748454911
2019-06,3,140309.0,11.851609539388042,0.5527552318037487
2019-07,2,2316.0,7.748028524432376,0.36257617252827373
2019-08,4,7065.0,8.86304982791909,0.4682602320580871
2019-09,1,7792.0,8.96098117384356,0.3783030502392399
2019-10,0,0.0,0.0,0.0
2019-11,0,0.0,0.0,0.0
2019-12,0,0.0,0.0,0.0
2020-01,0,0.0,0.0,0.0
2020-02,0,0.0,0.0,0.0
2020-03,0,0.0,0.0,0.0
2020-04,0,0.0,0.0,0.0
2020-05,4,30348.0,10.320518847015657,0.5247070718509331
2020-06,8,404376.0,12.910102890129243,0.75
2020-07,3,30906.0,10.338737974446985,0.49416268696439813
2020-08,14,197103.0,12.191486787201756,0.90966845949861
2020-09,1,13355.0,9.499721001063545,0.39916809801635295
2020-10,5,21767.0,9.988196280463082,0.5430864321131716
2020-11,0,0.0,0.0,0.0
2020-12,0,0.0,0.0,0.0
2021-01,0,0.0,0.0,0.0
2021-02,0,0.0,0.0,0.0
2021-03,0,0.0,0.0,0.0
2021-04,2,4110.0,8.321421586897879,0.38478331786806436
2021-05,4,7294.0,8.894944460956886,0.4694954907275661
2021-06,9,328892.0,12.7034877488859,0.7732479281729305
2021-07,1,1019.0,6.927557906278317,0.29954987201631683
2021-08,0,0.0,0.0,0.0
2021-09,0,0.0,0.0,0.0
2021-10,1,1994.0,7.598399329323964,0.32553112982482574
2021-11,0,0.0,0.0,0.0
2021-12,0,0.0,0.0,0.0
2022-01,0,0.0,0.0,0.0
2022-02,0,0.0,0.0,0.0
2022-03,2,4155.0,8.332308352219117,0.3852049553024787
2022-04,0,0.0,0.0,0.0
2022-05,2,14062.0,9.551302513870247,0.4324158169054154
2022-06,3,52240.0,10.8636229061867,0.5144911435308066
2022-07,0,0.0,0.0,0.0
2022-08,0,0.0,0.0,0.0
2022-09,0,0.0,0.0,0.0
2022-10,0,0.0,0.0,0.0
2022-11,0,0.0,0.0,0.0
2022-12,0,0.0,0.0,0.0
2023-01,0,0.0,0.0,0.0
2023-02,0,0.0,0.0,0.0
2023-03,0,0.0,0.0,0.0
2023-04,1,1251.0,7.132497551660044,0.30748705296389933
2023-05,0,0.0,0.0,0.0
2023-06,5,9949.0,9.205327830152639,0.5127664394309674
2023-07,12,37131.0,10.522234410519824,0.7825193861764212
2023-08,3,15451.0,9.645493723786172,0.46731378201915363
2023-09,0,0.0,0.0,0.0
2023-10,1,3103.0,8.04044688130311,0.3426513478332014
2023-11,0,0.0,0.0,0.0
2023-12,0,0.0,0.0,0.0
