year_month,AZPOP
2000-01,5160586.0
2000-02,5160586.0
2000-03,5160586.0
2000-04,5160586.0
2000-05,5160586.0
2000-06,5160586.0
2000-07,5160586.0
2000-08,5160586.0
2000-09,5160586.0
2000-10,5160586.0
2000-11,5160586.0
2000-12,5160586.0
2001-01,5273477.0
2001-02,5273477.0
2001-03,5273477.0
2001-04,5273477.0
2001-05,5273477.0
2001-06,5273477.0
2001-07,5273477.0
2001-08,5273477.0
2001-09,5273477.0
2001-10,5273477.0
2001-11,5273477.0
2001-12,5273477.0
2002-01,5396255.0
2002-02,5396255.0
2002-03,5396255.0
2002-04,5396255.0
2002-05,5396255.0
2002-06,5396255.0
2002-07,5396255.0
2002-08,5396255.0
2002-09,5396255.0
2002-10,5396255.0
2002-11,5396255.0
2002-12,5396255.0
2003-01,5510364.0
2003-02,5510364.0
2003-03,5510364.0
2003-04,5510364.0
2003-05,5510364.0
2003-06,5510364.0
2003-07,5510364.0
2003-08,5510364.0
2003-09,5510364.0
2003-10,5510364.0
2003-11,5510364.0
2003-12,5510364.0
2004-01,5652404.0
2004-02,5652404.0
2004-03,5652404.0
2004-04,5652404.0
2004-05,5652404.0
2004-06,5652404.0
2004-07,5652404.0
2004-08,5652404.0
2004-09,5652404.0
2004-10,5652404.0
2004-11,5652404.0
2004-12,5652404.0
2005-01,5839077.0
2005-02,5839077.0
2005-03,5839077.0
2005-04,5839077.0
2005-05,5839077.0
2005-06,5839077.0
2005-07,5839077.0
2005-08,5839077.0
2005-09,5839077.0
2005-10,5839077.0
2005-11,5839077.0
2005-12,5839077.0
2006-01,6029141.0
2006-02,6029141.0
2006-03,6029141.0
2006-04,6029141.0
2006-05,6029141.0
2006-06,6029141.0
2006-07,6029141.0
2006-08,6029141.0
2006-09,6029141.0
2006-10,6029141.0
2006-11,6029141.0
2006-12,6029141.0
2007-01,6167681.0
2007-02,6167681.0
2007-03,6167681.0
2007-04,6167681.0
2007-05,6167681.0
2007-06,6167681.0
2007-07,6167681.0
2007-08,6167681.0
2007-09,6167681.0
2007-10,6167681.0
2007-11,6167681.0
2007-12,6167681.0
2008-01,6280362.0
2008-02,6280362.0
2008-03,6280362.0
2008-04,6280362.0
2008-05,6280362.0
2008-06,6280362.0
2008-07,6280362.0
2008-08,6280362.0
2008-09,6280362.0
2008-10,6280362.0
2008-11,6280362.0
2008-12,6280362.0
2009-01,6343154.0
2009-02,6343154.0
2009-03,6343154.0
2009-04,6343154.0
2009-05,6343154.0
2009-06,6343154.0
2009-07,6343154.0
2009-08,6343154.0
2009-09,6343154.0
2009-10,6343154.0
2009-11,6343154.0
2009-12,6343154.0
2010-01,6407342.0
2010-02,6407342.0
2010-03,6407342.0
2010-04,6407342.0
2010-05,6407342.0
2010-06,6407342.0
2010-07,6407342.0
2010-08,6407342.0
2010-09,6407342.0
2010-10,6407342.0
2010-11,6407342.0
2010-12,6407342.0
2011-01,6473416.0
2011-02,6473416.0
2011-03,6473416.0
2011-04,6473416.0
2011-05,6473416.0
2011-06,6473416.0
2011-07,6473416.0
2011-08,6473416.0
2011-09,6473416.0
2011-10,6473416.0
2011-11,6473416.0
2011-12,6473416.0
2012-01,6556344.0
2012-02,6556344.0
2012-03,6556344.0
2012-04,6556344.0
2012-05,6556344.0
2012-06,6556344.0
2012-07,6556344.0
2012-08,6556344.0
2012-09,6556344.0
2012-10,6556344.0
2012-11,6556344.0
2012-12,6556344.0
2013-01,6634690.0
2013-02,6634690.0
2013-03,6634690.0
2013-04,6634690.0
2013-05,6634690.0
2013-06,6634690.0
2013-07,6634690.0
2013-08,6634690.0
2013-09,6634690.0
2013-10,6634690.0
2013-11,6634690.0
2013-12,6634690.0
2014-01,6732873.0
2014-02,6732873.0
2014-03,6732873.0
2014-04,6732873.0
2014-05,6732873.0
2014-06,6732873.0
2014-07,6732873.0
2014-08,6732873.0
2014-09,6732873.0
2014-10,6732873.0
2014-11,6732873.0
2014-12,6732873.0
2015-01,6832810.0
2015-02,6832810.0
2015-03,6832810.0
2015-04,6832810.0
2015-05,6832810.0
2015-06,6832810.0
2015-07,6832810.0
2015-08,6832810.0
2015-09,6832810.0
2015-10,6832810.0
2015-11,6832810.0
2015-12,6832810.0
2016-01,6944767.0
2016-02,6944767.0
2016-03,6944767.0
2016-04,6944767.0
2016-05,6944767.0
2016-06,6944767.0
2016-07,6944767.0
2016-08,6944767.0
2016-09,6944767.0
2016-10,6944767.0
2016-11,6944767.0
2016-12,6944767.0
2017-01,7048088.0
2017-02,7048088.0
2017-03,7048088.0
2017-04,7048088.0
2017-05,7048088.0
2017-06,7048088.0
2017-07,7048088.0
2017-08,7048088.0
2017-09,7048088.0
2017-10,7048088.0
2017-11,7048088.0
2017-12,7048088.0
2018-01,7164228.0
2018-02,7164228.0
2018-03,7164228.0
2018-04,7164228.0
2018-05,7164228.0
2018-06,7164228.0
2018-07,7164228.0
2018-08,7164228.0
2018-09,7164228.0
2018-10,7164228.0
2018-11,7164228.0
2018-12,7164228.0
2019-01,7291843.0
2019-02,7291843.0
2019-03,7291843.0
2019-04,7291843.0
2019-05,7291843.0
2019-06,7291843.0
2019-07,7291843.0
2019-08,7291843.0
2019-09,7291843.0
2019-10,7291843.0
2019-11,7291843.0
2019-12,7291843.0
2020-01,7186647.0
2020-02,7186647.0
2020-03,7186647.0
2020-04,7186647.0
2020-05,7186647.0
2020-06,7186647.0
2020-07,7186647.0
2020-08,7186647.0
2020-09,7186647.0
2020-10,7186647.0
2020-11,7186647.0
2020-12,7186647.0
