year_month,usdm_sustainability,actual_usdm_sustainability,residual
2002-10,26.398678636550898,26.40000000000001,-0.001321363449111601
2002-11,27.297103190422067,27.3,-0.002896809577933368
2002-12,27.48411633372307,27.47999999999999,0.00411633372307918
2003-01,26.242971997261037,26.25,-0.0070280027389628685
2003-02,27.30278193950653,27.3,0.002781939506530051
2003-03,40.09011058807373,40.1,-0.009889411926273795
2003-04,40.402312552928926,40.4,0.0023125529289274027
2003-05,37.549945974349974,37.55,-5.402565002299298e-05
2003-06,34.99913387298584,35.0,-0.0008661270141629984
2003-07,29.404107570648193,29.40000000000001,0.004107570648184122
2003-08,32.998160266876226,33.0,-0.0018397331237736125
2003-09,38.84123086929321,38.84,0.00123086929320948
2003-10,43.350396480560306,43.35,0.0003964805603047239
2003-11,44.32055971622467,44.3,0.020559716224674673
2003-12,44.91531364917755,44.92,-0.004686350822453278
2004-01,41.50651113510132,41.5,0.006511135101320065
2004-02,41.5943643450737,41.6,-0.00563565492630147
2004-03,38.89519319534302,38.88,0.015193195343016441
2004-04,38.34929794549942,38.35,-0.0007020545005786971
2004-05,37.36058340072632,37.35,0.01058340072631836
2004-06,36.75484255552292,36.760000000000005,-0.005157444477084994
2004-07,36.174688706398015,36.2,-0.025311293601987472
2004-08,34.494175624847415,34.47999999999999,0.014175624847425183
2004-09,35.79370174884795,35.8,-0.006298251152045964
2004-10,37.95485429763794,37.95,0.004854297637933769
2004-11,42.9133846282959,42.92,-0.006615371704100426
2004-12,44.42784742832184,44.4,0.027847428321841505
2005-01,51.733003520965575,51.75,-0.01699647903442525
2005-02,62.46131610870361,62.45,0.011316108703610439
2005-03,76.55869407653809,76.56,-0.001305923461913494
2005-04,81.94563966751099,81.95,-0.00436033248901424
2005-05,86.93046350479126,86.92,0.010463504791260902
2005-06,85.25286035060883,85.25,0.002860350608827389
2005-07,83.44224750995636,83.45,-0.007752490043642979
2005-08,86.47766466140747,86.48,-0.0023353385925304337
2005-09,90.79171274185181,90.8,-0.008287258148186538
2005-10,88.60324244499206,88.6,0.003242444992068272
2005-11,87.80568758249282,87.8,0.005687582492825527
2005-12,82.24412899017334,82.25,-0.005871009826662998
2006-01,64.4841480255127,64.48,0.0041480255126913335
2006-02,42.90573738098145,42.9,0.005737380981450713
2006-03,39.89814462661743,39.9,-0.0018553733825683594
2006-04,40.88808133602142,40.9,-0.01191866397857666
2006-05,33.599578285217284,33.599999999999994,-0.0004217147827105805
2006-06,30.45985612869262,30.450000000000003,0.009856128692618427
2006-07,34.34967226982117,34.349999999999994,-0.0003277301788244813
2006-08,47.685504531860346,47.67999999999999,0.005504531860353268
2006-09,55.54137962341308,55.55,-0.00862037658691861
2006-10,61.84068517684936,61.84,0.0006851768493589816
2006-11,62.499431219100956,62.5,-0.000568780899044441
2006-12,60.300100803375244,60.3,0.0001008033752469828
2007-01,58.63633255958557,58.64,-0.0036674404144321215
2007-02,55.54900468826294,55.55,-0.0009953117370571363
2007-03,46.59084491729736,46.55,0.04084491729736328
2007-04,43.19353203773498,43.2,-0.006467962265020333
2007-05,42.81586838960648,42.84,-0.02413161039352474
2007-06,42.75489283740521,42.75,0.0048928374052081836
2007-07,41.21117675304413,41.2,0.011176753044125576
2007-08,49.79789371490479,49.8,-0.0021062850952091594
2007-09,53.98098402023315,53.95,0.030984020233148613
2007-10,56.40000195503235,56.4,1.955032352896069e-06
2007-11,54.19917979240417,54.2,-0.0008202075958294586
2007-12,67.97517700195313,68.05,-0.07482299804686932
2008-01,75.03767328262329,75.03999999999999,-0.0023267173767038685
2008-02,88.358772315979,88.35,0.008772315979001633
2008-03,88.84573543667793,88.85,-0.004264563322067261
2008-04,84.5105086326599,84.52,-0.009491367340089596
2008-05,77.53068496704101,77.5,0.030684967041011646
2008-06,84.15967798233032,84.2,-0.04032201766968058
2008-07,89.59559602737427,89.6,-0.004403972625723895
2008-08,96.20014963150024,96.2,0.0001496315002356141
2008-09,95.92141629457474,95.92,0.0014162945747386857
2008-10,94.7921809387207,94.8,-0.007819061279292328
2008-11,90.34587364196777,90.35,-0.00412635803222372
2008-12,89.28496167659759,89.28,0.004961676597588394
2009-01,92.19167306900025,92.2,-0.008326930999757565
2009-02,94.19622941017151,94.2,-0.003770589828491211
2009-03,92.11982626914978,92.12,-0.00017373085022143187
2009-04,85.35017072677613,85.35,0.0001707267761332787
2009-05,79.99511775970458,80.0,-0.004882240295415841
2009-06,85.83965921401978,85.84,-0.00034078598022802
2009-07,89.20410784721375,89.2,0.004107847213745686
2009-08,79.5027925491333,79.5,0.0027925491333036234
2009-09,69.54606342315674,69.56,-0.013936576843263992
2009-10,54.8796611404419,54.8,0.07966114044189965
2009-11,49.33815221786499,49.35,-0.011847782135014029
2009-12,44.92228136062622,44.92,0.002281360626220419
2010-01,47.85421578407288,47.85,0.004215784072876261
2010-02,69.03768501281738,69.05,-0.01231498718262003
2010-03,78.24202423095703,78.24000000000001,0.002024230957019313
2010-04,84.49760316848756,84.5,-0.002396831512442077
2010-05,87.20188164710999,87.2,0.0018816471099825094
2010-06,88.92135293483734,88.92,0.0013529348373424455
2010-07,81.99998991012573,82.0,-1.0089874265872822e-05
2010-08,84.48855090141296,84.48,0.008550901412959888
2010-09,83.9043193268776,83.9,0.004319326877592289
2010-10,86.1004692554474,86.1,0.000469255447399064
2010-11,89.1112760066986,89.12,-0.008723993301401833
2010-12,77.02326404571534,77.0,0.02326404571533658
2011-01,81.29843282699585,81.3,-0.0015671730041475485
2011-02,75.70204811096191,75.7,0.002048110961908378
2011-03,73.11611528396607,73.12,-0.003884716033937252
2011-04,67.45616495132447,67.45,0.006164951324464596
2011-05,62.78104419708252,62.8,-0.018955802917474784
2011-06,61.176593708992,61.15,0.026593708992002973
2011-07,58.048451566696166,58.05,-0.0015484333038315867
2011-08,57.802940908074376,57.8,0.0029409080743789673
2011-09,53.54239158630371,53.55,-0.0076084136962890625
2011-10,54.546542811393735,54.55,-0.003457188606262207
2011-11,49.92478256225586,49.92,0.0047825622558548275
2011-12,56.84943620681763,56.85,-0.0005637931823727627
2012-01,61.76849136352539,61.760000000000005,0.00849136352538693
2012-02,55.939369449615484,55.95,-0.01063055038451921
2012-03,48.60679407119751,48.6,0.006794071197511187
2012-04,45.54964981079102,45.55,-0.00035018920898011174
2012-05,42.70802645683288,42.720000000000006,-0.011973543167123069
2012-06,38.59846755981446,38.6,-0.0015324401855423275
2012-07,36.12222323417664,36.120000000000005,0.002223234176632616
2012-08,41.44725334167481,41.45,-0.002746658325193607
2012-09,51.69065685272217,51.75,-0.05934314727782919
2012-10,52.600782573223114,52.6,0.0007825732231125926
2012-11,51.799658274650575,51.8,-0.0003417253494220063
2012-12,50.70876162052154,50.7,0.008761620521539726
2013-01,51.840563011169436,51.84,0.0005630111694330253
2013-02,56.15751728057862,56.15,0.007517280578618113
2013-03,57.874530935287474,57.9,-0.025469064712524414
2013-04,52.604553604125975,52.6,0.00455360412597372
2013-05,44.95522556304932,44.9,0.05522556304931925
2013-06,42.68851723670959,42.7,-0.011482763290409537
2013-07,42.44686071276665,42.44,0.006860712766652455
2013-08,47.24471658706665,47.25,-0.005283412933351883
2013-09,58.807151794433594,58.8,0.007151794433596592
2013-10,65.5921814918518,65.6,-0.007818508148190517
2013-11,66.1551962852478,66.15,0.005196285247791366
2013-12,70.27656164169312,70.28,-0.003438358306880218
2014-01,65.29768159866333,65.3,-0.002318401336665943
2014-02,56.29946117401123,56.3,-0.0005388259887695312
2014-03,52.19071178436279,52.2,-0.009288215637212716
2014-04,48.567038488388064,48.56,0.007038488388062092
2014-05,44.3416014289856,44.35,-0.008398571014403444
2014-06,42.25231680870056,42.25,0.0023168087005629445
2014-07,42.35581764578819,42.36,-0.0041823542118066825
2014-08,45.70993577003479,45.7,0.009935770034786628
2014-09,52.629920673370364,52.64,-0.010079326629636398
2014-10,54.80308927536011,54.8,0.0030892753601108325
2014-11,55.21715782880783,55.2,0.017157828807825126
2014-12,55.442267772555354,55.44,0.0022677725553563732
2015-01,55.50719022244215,55.5,0.007190222442147842
2015-02,59.239524841308594,59.25,-0.01047515869140625
2015-03,59.68193218111992,59.68,0.0019321811199191075
2015-04,59.210333548784256,59.2,0.010333548784252855
2015-05,59.455128115415576,59.45,0.00512811541557312
2015-06,60.62273485660553,60.64,-0.01726514339446794
2015-07,62.903806343078614,62.9,0.0038063430786152708
2015-08,65.41137137413025,65.4,0.011371374130249023
2015-09,67.07624425888062,67.08,-0.003755741119377376
2015-10,70.39911015510559,70.4,-0.0008898448944165693
2015-11,74.09530820846558,74.1,-0.0046917915344124594
2015-12,76.84801516532897,76.84,0.008015165328970397
2016-01,82.89893278121949,82.9,-0.0010672187805198519
2016-02,84.80067160129548,84.8,0.0006716012954797179
2016-03,74.43492202758789,74.44,-0.0050779724121099434
2016-04,66.64329332351684,66.65,-0.006706676483162255
2016-05,66.74723039716483,66.76,-0.012769602835177807
2016-06,66.61747767984868,66.6,0.01747767984868176
2016-07,65.89800540208816,65.9,-0.0019945979118460855
2016-08,64.90775104761124,64.92,-0.012248952388759449
2016-09,69.20801345825195,69.2,0.008013458251951988
2016-10,74.79826803207398,74.8,-0.0017319679260197063
2016-11,74.79399294657632,74.8,-0.0060070534236729145
2016-12,75.75420461893081,75.75,0.004204618930813808
2017-01,82.96118974685669,82.96000000000001,0.001189746856681495
2017-02,86.05196162223817,86.05,0.00196162223816998
2017-03,91.60587577819824,91.6,0.00587577819824503
2017-04,90.29979631900787,90.3,-0.00020368099212930701
2017-05,85.67774467468261,85.68,-0.002255325317392476
2017-06,84.49967151165009,84.5,-0.00032848834990772957
2017-07,81.09840512275696,81.1,-0.0015948772430363078
2017-08,91.59602794647216,91.6,-0.003972053527832031
2017-09,91.34368196725845,91.35,-0.006318032741546631
2017-10,82.48773918151855,82.48,0.007739181518545024
2017-11,70.58617065429688,70.6,-0.013829345703115337
2017-12,59.71092853546142,59.7,0.010928535461417255
2018-01,51.5591947555542,51.56,-0.0008052444458002128
2018-02,43.9977236366272,44.0,-0.0022763633728004606
2018-03,36.45873165130615,36.45,0.008731651306149502
2018-04,31.048865985870364,31.05,-0.0011340141296365402
2018-05,24.888834762573243,24.879999999999995,0.008834762573247446
2018-06,22.796714191436763,22.8,-0.00328580856323768
2018-07,24.518597769737244,24.52000000000001,-0.001402230262765869
2018-08,29.85083963394166,29.849999999999994,0.0008396339416663068
2018-09,32.40091834068298,32.400000000000006,0.0009183406829720298
2018-10,46.02964630126954,46.04,-0.010353698730462213
2018-11,53.80309633255005,53.8,0.0030963325500508176
2018-12,56.100935983657834,56.1,0.0009359836578326508
2019-01,65.35733089447021,65.36,-0.002669105529790272
2019-02,77.25693450927734,77.25,0.0069345092773431816
2019-03,92.1722993850708,92.2,-0.02770061492920206
2019-04,95.68456740379334,95.68,0.004567403793330982
2019-05,95.7984361204505,95.8,-0.001563879549493663
2019-06,98.25017838478088,98.25,0.0001783847808809469
2019-07,99.00638777017593,99.0,0.006387770175933838
2019-08,90.33745193481445,90.35,-0.01254806518554119
2019-09,64.38030014038085,64.3,0.08030014038085653
2019-10,59.12646799087524,59.16,-0.03353200912475529
2019-11,57.75565722942352,57.75,0.005657229423519539
2019-12,79.53736686706543,79.56,-0.022633132934572586
2020-01,86.60149150848389,86.6,0.0014915084838946768
2020-02,86.353073990345,86.35,0.0030739903450012207
2020-03,88.01405475139617,88.0,0.014054751396173515
2020-04,91.39468932151794,91.4,-0.005310678482061348
2020-05,91.992988550663,92.0,-0.007011449336999931
2020-06,89.9210524559021,89.92,0.001052455902097904
2020-07,79.64333717346192,79.65,-0.0066628265380899165
2020-08,50.50236358642579,50.5,0.0023635864257869343
2020-09,30.873132705688477,30.879999999999995,-0.00686729431151889
2020-10,23.19964778900146,23.200000000000003,-0.0003522109985425459
2020-11,16.85108442306519,16.849999999999994,0.0010844230651940734
2020-12,6.759036636352533,6.760000000000005,-0.0009633636474717377
