year_month,irrigation_total_withdrawal_mgd,irrigation_total_withdrawal_gallons_per_day,irrigation_total_withdrawal_acre_feet_month,huc12_count
2000-01,2680391.8676359993,2680391867635.9995,255000102.8128558,3299
2000-02,2675834.8437619978,2675834843761.9976,238142919.0206127,3299
2000-03,2676307.288937998,2676307288937.998,254611514.86028296,3299
2000-04,2725433.4326129975,2725433432612.9976,250921112.20537233,3299
2000-05,2789246.6329699964,2789246632969.9966,265356042.4375794,3299
2000-06,2680730.1145540006,2680730114554.0005,246805434.2539649,3299
2000-07,2683004.777475002,2683004777475.0024,255248682.9871324,3299
2000-08,2679580.3611410004,2679580361141.0005,254922899.83288983,3299
2000-09,2692699.7631429974,2692699763142.9976,247907437.88418347,3299
2000-10,2676100.3859489993,2676100385948.9995,254591831.0654976,3299
2000-11,2675077.9992049984,2675077999204.9985,246285063.78638577,3299
2000-12,2690599.3903499995,2690599390349.9995,255971199.38010147,3299
2001-01,2653600.0097100004,2653600009710.0005,252451249.18881363,3299
2001-02,2654210.1908420003,2654210190842.0005,228072915.22903222,3299
2001-03,2655206.921780999,2655206921780.999,252604123.38167456,3299
2001-04,2656334.192134001,2656334192134.001,244559387.10650867,3299
2001-05,2659335.233276999,2659335233276.999,252996871.8706677,3299
2001-06,2660457.3031359995,2660457303135.9995,244938987.49813366,3299
2001-07,2659856.4200470014,2659856420047.0015,253046455.17284825,3299
2001-08,2659351.914802002,2659351914802.002,252998458.87391233,3299
2001-09,2663399.3616450015,2663399361645.0015,245209852.52254346,3299
2001-10,2655941.520348,2655941520348.0,252674009.69657248,3299
2001-11,2654871.920109,2654871920109.0,244424760.84175774,3299
2001-12,2653677.8849330023,2653677884933.0024,252458657.87786087,3299
2002-01,2751692.7223050003,2751692722305.0005,261783336.82082766,3299
2002-02,2817847.0169360004,2817847016936.0005,242134020.14636558,3299
2002-03,2729049.112416003,2729049112416.003,259629128.35621196,3299
2002-04,2747820.4488770002,2747820448877.0005,252982206.3978428,3299
2002-05,2848759.7259649965,2848759725964.9966,271017843.2420344,3299
2002-06,2835970.5111590023,2835970511159.0024,261097873.94785395,3299
2002-07,2728750.8758239984,2728750875823.9985,259600755.50426373,3299
2002-08,2733733.221839003,2733733221839.003,260074752.8930097,3299
2002-09,2725840.5059789983,2725840505978.998,250958590.02468863,3299
2002-10,2723747.6539519993,2723747653951.999,259124772.08289906,3299
2002-11,2722995.699145002,2722995699145.002,250696678.62144026,3299
2002-12,2721686.440665002,2721686440665.002,258928677.7705525,3299
2003-01,2664322.4605120006,2664322460512.0005,253471333.63614008,3299
2003-02,2664287.635946996,2664287635946.996,228938857.3051674,3299
2003-03,2665680.1281289994,2665680128128.9995,253600495.86279085,3299
2003-04,2675578.017722001,2675578017722.001,246331098.74027905,3299
2003-05,2695911.50192,2695911501920.0,256476569.14071718,3299
2003-06,2744899.8258549976,2744899825854.9976,252713314.86365807,3299
2003-07,2669944.038264001,2669944038264.001,254006144.580032,3299
2003-08,2668689.764831002,2668689764831.002,253886818.7985177,3299
2003-09,2667899.925111999,2667899925111.999,245624203.64085612,3299
2003-10,2669158.507622002,2669158507622.002,253931412.82275015,3299
2003-11,2664327.9179280014,2664327917928.0015,245295341.44789663,3299
2003-12,2663792.1226229994,2663792122622.9995,253420879.73876274,3299
2004-01,2677790.120537001,2677790120537.001,254752584.61010778,3299
2004-02,2678179.2305970024,2678179230597.0024,238351563.85738322,3299
2004-03,2680007.909173998,2680007909173.998,254963574.7781052,3299
2004-04,2680993.9183160006,2680993918316.0005,246829721.742543,3299
2004-05,2788019.311560999,2788019311560.999,265239280.74714985,3299
2004-06,2735166.8622070015,2735166862207.0015,251817234.98352388,3299
2004-07,2684789.896010002,2684789896010.002,255418510.91992623,3299
2004-08,2683238.6606079983,2683238660607.998,255270933.54820898,3299
2004-09,2682192.730205,2682192730205.0,246940092.15515822,3299
2004-10,2679622.5510300016,2679622551030.0015,254926913.58407408,3299
2004-11,2677945.979555001,2677945979555.001,246549108.69410375,3299
2004-12,2677493.7411100026,2677493741110.0024,254724388.44026086,3299
2005-01,2618749.649297002,2618749649297.002,249135746.8566052,3299
2005-02,2618957.2240719986,2618957224071.9985,225043672.5076199,3299
2005-03,2620776.07724,2620776077240.0,249328531.85198092,3299
2005-04,2622581.828620002,2622581828620.002,241451925.1919563,3299
2005-05,2643425.963644997,2643425963644.997,251483337.43534052,3299
2005-06,2639471.4271090017,2639471427109.0015,243006891.38076496,3299
2005-07,2625494.115733001,2625494115733.001,249777384.24379605,3299
2005-08,2623133.411742003,2623133411742.003,249552797.76907805,3299
2005-09,2624456.891064001,2624456891064.001,241624555.62507302,3299
2005-10,2621304.2688030014,2621304268803.0015,249378781.55781555,3299
2005-11,2708798.591544002,2708798591544.002,249389600.64011276,3299
2005-12,2694949.213377001,2694949213377.0015,256385021.45309618,3299
2006-01,2697253.0179059985,2697253017905.9985,256604194.77579138,3299
2006-02,2708164.3224979984,2708164322497.9985,232709125.3294579,3299
2006-03,2630557.0184530015,2630557018453.0015,250259045.42540166,3299
2006-04,2643013.8192750015,2643013819275.0015,243333027.02272344,3299
2006-05,2663879.8610979994,2663879861097.9995,253429226.77205133,3299
2006-06,2634593.5740290023,2634593574029.0024,242557804.52897778,3299
2006-07,2634044.564886003,2634044564886.003,250590834.48569468,3299
2006-08,2633165.4968099995,2633165496809.9995,250507204.00894722,3299
2006-09,2632388.6013580016,2632388601358.0015,242354800.4165421,3299
2006-10,2631313.3890499957,2631313389049.9956,250331003.0306783,3299
2006-11,2710735.895998001,2710735895998.001,249567961.47713083,3299
2006-12,2629769.632074999,2629769632074.999,250184137.12196723,3299
2007-01,2676967.1766130007,2676967176613.0005,254674293.52597073,3299
2007-02,2676575.2027990036,2676575202799.0034,229994712.3398133,3299
2007-03,2676969.0611729994,2676969061172.9995,254674472.81430516,3299
2007-04,2683055.4022810026,2683055402281.0024,247019515.35228676,3299
2007-05,2701520.0731139975,2701520073113.9976,257010142.70075187,3299
2007-06,2730834.662240002,2730834662240.002,251418384.50307995,3299
2007-07,2679832.9546110025,2679832954611.0024,254946930.40901494,3299
2007-08,2679820.8002109993,2679820800210.9995,254945774.09553415,3299
2007-09,2679097.7623280017,2679097762328.0015,246655149.30069572,3299
2007-10,2684872.313383996,2684872313383.996,255426351.72824076,3299
2007-11,2683752.6141149984,2683752614114.9985,247083705.20434314,3299
2007-12,2674594.1429329994,2674594142932.9995,254448534.06158602,3299
2008-01,2625736.786861,2625736786861.0,249800470.85412964,3299
2008-02,2627673.0054359995,2627673005435.9995,233856630.27932888,3299
2008-03,2672086.8467709995,2672086846770.9995,254210001.48475942,3299
2008-04,2736915.6540010013,2736915654001.0015,251978240.1200703,3299
2008-05,2630964.166153,2630964166153.0,250297779.57715508,3299
2008-06,2654608.862471,2654608862471.0,244400542.04620352,3299
2008-07,2630765.8997559985,2630765899755.9985,250278917.42784393,3299
2008-08,2630584.7794640004,2630584779464.0005,250261686.479773,3299
2008-09,2630149.136070994,2630149136070.994,242148620.68973717,3299
2008-10,2651834.5884300023,2651834588430.0024,252283295.16188827,3299
2008-11,2627142.379472001,2627142379472.001,241871799.13874194,3299
2008-12,2625770.5983499987,2625770598349.9985,249803687.52303356,3299
2009-01,2688308.322391,2688308322391.0,255753237.7558516,3299
2009-02,2687946.5121969986,2687946512196.9985,230971834.5335719,3299
2009-03,2710275.4652839974,2710275465283.9976,257843090.27475193,3299
2009-04,2691173.1182560003,2691173118256.0005,247766885.03544974,3299
2009-05,2695763.6723200013,2695763672320.0015,256462505.315329,3299
2009-06,2703937.2646769998,2703937264677.0,248942035.29888463,3299
2009-07,2692721.938336001,2692721938336.001,256173128.79243514,3299
2009-08,2692288.446607999,2692288446607.999,256131888.3915282,3299
2009-09,2690987.727191,2690987727191.0,247749816.72929844,3299
2009-10,2714193.522036999,2714193522036.999,258215836.09856433,3299
2009-11,2694114.1587729994,2694114158772.9995,248037656.33690065,3299
2009-12,2686693.9759830004,2686693975983.0005,255599656.29450414,3299
2010-01,2625937.4476240003,2625937447624.0005,249819560.7923635,3299
2010-02,2626273.533493002,2626273533493.002,225672353.69651872,3299
2010-03,2627727.3316910006,2627727331691.0005,249989842.0958621,3299
2010-04,2648792.405022996,2648792405022.996,243865041.17706317,3299
2010-05,2746079.2873349995,2746079287334.9995,261249300.5436075,3299
2010-06,2715518.785549,2715518785549.0,250008305.3693467,3299
2010-07,2633293.706967996,2633293706967.996,250519401.33123636,3299
2010-08,2631195.2164619993,2631195216461.9995,250319760.6364402,3299
2010-09,2656810.1341999997,2656810134199.9995,244603205.42586905,3299
2010-10,2629169.665058998,2629169665058.998,250127059.0310314,3299
2010-11,2693483.677468,2693483677468.0,247979610.13097167,3299
2010-12,2625862.736905004,2625862736905.004,249812453.15961197,3299
2011-01,2850147.0,2850147000000.0,271149822.0865559,3299
2011-02,2677748.4835940003,2677748483594.0005,230095530.87039557,3299
2011-03,2706577.511478001,2706577511478.001,257491284.02876523,3299
2011-04,2685926.4257990005,2685926425799.0005,247283840.4338255,3299
2011-05,2746827.7722519976,2746827772251.9976,261320507.9417096,3299
2011-06,2780888.585387999,2780888585387.999,256026673.92825818,3299
2011-07,2683163.016896998,2683163016896.998,255263737.1549073,3299
2011-08,2684048.8208479993,2684048820847.9995,255348008.4516922,3299
2011-09,2682405.4223630005,2682405422363.0005,246959673.97733897,3299
2011-10,2685055.7387770005,2685055738777.0005,255443801.97297528,3299
2011-11,2678682.716129,2678682716129.0,246616937.45056432,3299
2011-12,2677597.536518999,2677597536518.999,254734263.0560904,3299
2012-01,2698092.0751390005,2698092075139.0005,256684018.805727,3299
2012-02,2690767.6341569996,2690767634156.9995,239471901.74990144,3299
2012-03,2690682.1103289984,2690682110328.9985,255979068.97685862,3299
2012-04,2702240.0808940018,2702240080894.002,248785781.53118998,3299
2012-05,2789374.499553003,2789374499553.003,265368207.0737308,3299
2012-06,2756544.0634830017,2756544063483.0015,253785359.04622364,3299
2012-07,2693476.8660490005,2693476866049.0005,256244949.12839255,3299
2012-08,2693647.238073999,2693647238073.999,256261157.53598234,3299
2012-09,2692397.6121329986,2692397612132.9985,247879619.89876667,3299
2012-10,2756606.5660510007,2756606566051.0005,262250817.22008044,3299
2012-11,2702337.743928999,2702337743928.999,248794773.02482527,3299
2012-12,2688813.3758340017,2688813375834.0015,255801286.2078136,3299
2013-01,2651446.0756739997,2651446075673.9995,252246333.8526405,3299
2013-02,2652597.048998,2652597048998.0,227934299.99640727,3299
2013-03,2654311.5883669998,2654311588367.0,252518945.49579218,3299
2013-04,2692405.665531002,2692405665531.002,247880361.34691942,3299
2013-05,2754505.1626579994,2754505162657.9995,262050899.4066679,3299
2013-06,2735893.8504910045,2735893850491.0044,251884166.24906108,3299
2013-07,2656813.130269001,2656813130269.001,252756930.63889873,3299
2013-08,2656303.3482249994,2656303348224.9995,252708432.3296768,3299
2013-09,2655065.974702,2655065974702.0,244442626.76859397,3299
2013-10,2725178.3825630005,2725178382563.0005,259260884.99508473,3299
2013-11,2652761.2987100026,2652761298710.0024,244230443.32053575,3299
2013-12,2652684.8649260034,2652684864926.0034,252364186.54068908,3299
2014-01,2878867.768659001,2878867768659.001,273882183.3690011,3299
2014-02,2681425.0076590003,2681425007659.0005,230411449.92017823,3299
2014-03,2652470.260422003,2652470260422.003,252343770.05933613,3299
2014-04,2667242.732178,2667242732178.0,245563698.18878406,3299
2014-05,2781928.0232829982,2781928023282.998,264659783.71318707,3299
2014-06,2827901.664662004,2827901664662.004,260355003.506399,3299
2014-07,2654069.0317790024,2654069031779.0024,252495869.78226534,3299
2014-08,2653198.201997001,2653198201997.001,252413023.0587604,3299
2014-09,2651824.6295660017,2651824629566.0015,244144207.47247988,3299
2014-10,2661558.4740700014,2661558474070.0015,253208380.7316065,3299
2014-11,2716565.9163119947,2716565916311.9946,250104711.03184834,3299
2014-12,2648730.8116639988,2648730811663.9985,251988016.17526114,3299
2015-01,2672105.728538001,2672105728538.001,254211797.80886593,3299
2015-02,2684806.541056001,2684806541056.001,230702020.7960114,3299
2015-03,2674814.9300250015,2674814930025.0015,254469538.72580698,3299
2015-04,2684695.799512,2684695799512.0,247170540.98099414,3299
2015-05,2676309.700872,2676309700872.0,254611744.3205443,3299
2015-06,2677796.3185740006,2677796318574.0005,246535329.93166655,3299
2015-07,2676883.9727669987,2676883972766.9985,254666377.89634168,3299
2015-08,2676570.0012809983,2676570001280.9985,254636508.09925082,3299
2015-09,2675443.0961220018,2675443096122.002,246318676.98103622,3299
2015-10,2673838.659090998,2673838659090.998,254376660.81808385,3299
2015-11,2672868.247406001,2672868247406.001,246081619.67637107,3299
2015-12,2671906.4072509995,2671906407250.9995,254192835.3021922,3299
2016-01,2674935.371716001,2674935371716.001,254480996.99202496,3299
2016-02,2722719.2638139986,2722719263813.9985,242315520.58225268,3299
2016-03,2720585.9141599997,2720585914159.9995,258823978.76168278,3299
2016-04,2678845.593710998,2678845593710.998,246631933.0191734,3299
2016-05,2690393.0591999986,2690393059199.9985,255951569.98743728,3299
2016-06,2685985.5033469996,2685985503346.9995,247289279.49679172,3299
2016-07,2680436.86487,2680436864870.0,255004383.64187747,3299
2016-08,2678939.1087119994,2678939108711.9995,254861894.03843915,3299
2016-09,2678469.4281320027,2678469428132.003,246597300.7715737,3299
2016-10,2681209.2125310004,2681209212531.0005,255077861.23123312,3299
2016-11,2676338.350845002,2676338350845.002,246401099.94837573,3299
2016-12,2674939.619553001,2674939619553.001,254481401.11161837,3299
2017-01,2584086.1756530013,2584086175653.0015,245838024.0684568,3299
2017-02,2584702.051215999,2584702051215.999,222100168.95168492,3299
2017-03,2587938.2817970007,2587938281797.0005,246204495.65592366,3299
2017-04,2635174.800091001,2635174800091.001,242611315.97716588,3299
2017-05,2588988.145202999,2588988145202.999,246304374.81154323,3299
2017-06,2659554.5378980027,2659554537898.0024,244855873.06397873,3299
2017-07,2588777.1987040024,2588777198704.0024,246284306.33589175,3299
2017-08,2588877.7639400004,2588877763940.0005,246293873.6479809,3299
2017-09,2589660.768282999,2589660768282.999,238420998.44984865,3299
2017-10,2679923.610345001,2679923610345.001,254955554.97685122,3299
2017-11,2709108.300039,2709108300039.0,249418114.4167086,3299
2017-12,2670298.304735002,2670298304735.002,254039847.8558922,3299
2018-01,2833323.112352001,2833323112352.001,269549275.11737883,3299
2018-02,2833649.8824090003,2833649882409.0005,243491940.332881,3299
2018-03,2854138.4540360016,2854138454036.0015,271529550.58888525,3299
2018-04,2933110.440164002,2933110440164.002,270041207.04629487,3299
2018-05,2884317.188020001,2884317188020.001,274400615.95869213,3299
2018-06,2847104.1686779973,2847104168677.997,262122910.80773473,3299
2018-07,2837347.7965970025,2837347796597.0024,269932164.98831767,3299
2018-08,2837349.196103001,2837349196103.001,269932298.13085467,3299
2018-09,2836742.1185199996,2836742118519.9995,261168913.13556272,3299
2018-10,2833783.5196510004,2833783519651.0005,269593076.14140004,3299
2018-11,2833695.1415469963,2833695141546.996,260888388.63557622,3299
2018-12,2832679.320724001,2832679320724.001,269488027.75526273,3299
2019-01,2829654.462434,2829654462434.0,269200256.70795506,3299
2019-02,2829940.449139,2829940449139.0,243173193.43685308,3299
2019-03,2831519.4883429967,2831519488342.9966,269377686.6592563,3299
2019-04,2836983.7195000015,2836983719500.0015,261191156.4917521,3299
2019-05,2834512.0443630004,2834512044363.0005,269662384.61778545,3299
2019-06,2877583.0504500014,2877583050450.0015,264928994.72139508,3299
2019-07,2836434.361173999,2836434361173.999,269845264.9609033,3299
2019-08,2842247.808439003,2842247808439.003,270398329.48410696,3299
2019-09,2836005.567497,2836005567497.0,261101101.4621329,3299
2019-10,2916778.7742680004,2916778774268.0005,277488861.3494711,3299
2019-11,2830440.5563059985,2830440556305.9985,260588750.36935914,3299
2019-12,2829541.3529059985,2829541352905.9985,269189495.98986095,3299
2020-01,2833429.9100030023,2833429910003.0024,269559435.35264677,3299
2020-02,2824464.7400080008,2824464740008.001,251370625.29264534,3299
2020-03,2825202.608735999,2825202608735.999,268776727.9081534,3299
2020-04,2833479.8908889983,2833479890888.998,260868571.2612601,3299
2020-05,2841172.015142001,2841172015142.001,270295983.47841537,3299
2020-06,2889247.7542679994,2889247754267.9995,266002923.1544048,3299
2020-07,2835786.0275009978,2835786027500.9976,269783585.48960334,3299
2020-08,2830862.9318070025,2830862931807.0024,269315224.90274876,3299
2020-09,2854396.1075299983,2854396107529.9985,262794254.08289355,3299
2020-10,2887517.8118180013,2887517811818.0015,274705108.52465236,3299
2020-11,2830948.9422260015,2830948942226.0015,260635555.68074566,3299
2020-12,2826529.917063002,2826529917063.002,268903001.8921693,3299
