year_month,powell_evaporation,powell_total_release,powell_inflow,powell_storage,powell_pool_elevation
2000-01,437.15117835483875,13091.114570967742,7932.747419354839,21275432.129032258,3680.118384516129
2000-02,504.85608144827586,11290.369641379311,7989.935860344827,21036583.03448276,3678.4731155172417
2000-03,793.9971517741935,10539.889614838708,8667.629159677419,20857432.419354837,3677.22966516129
2000-04,1286.697924,15242.937594666666,13269.608038666665,20744754.166666668,3676.4433266666665
2000-05,1481.7673135483872,18388.186516129033,25643.42436451613,20789751.48387097,3676.756458064516
2000-06,2422.6372610000003,7968.372396333333,22128.19435133333,21579918.833333332,3682.1929929999997
2000-07,2808.6934093548384,8025.159133225806,6120.285659677419,21676900.548387095,3682.8542116129033
2000-08,2766.232980645161,8050.643570967742,4811.169483548387,21421045.80645161,3681.1151587096774
2000-09,2593.831628666667,11028.568995666667,5706.315241,21069115.8,3678.6969896666665
2000-10,1725.7559603225807,9847.402307096774,7439.651204516129,20819399.548387095,3676.9645064516126
2000-11,1686.3728246666665,13491.958649999999,6152.6738270000005,20529294.533333335,3674.929004
2000-12,1279.7677383870969,13430.153606451613,5673.207906451613,20059383.322580647,3671.5883787096777
2001-01,403.8431208387097,13827.479887096775,5329.517433225807,19569576.548387095,3668.04226
2001-02,477.55269328571427,11682.235567857144,6003.528299642858,19159599.14285714,3665.0232285714287
2001-03,723.1295211290322,10563.796400645162,8139.849183548387,18934829.06451613,3663.3464674193547
2001-04,1172.7302356666667,10060.196617666666,9855.516176000001,18830738.3,3662.5646563333335
2001-05,1372.2795432258065,9785.081757096774,27623.103838709678,19194577.93548387,3665.2699796774195
2001-06,2274.009026333333,9759.566451666667,19298.696742666667,20143443.933333334,3672.190665666667
2001-07,2613.0088541935484,13002.12239451613,5616.033156451614,20027595.870967742,3671.3600112903227
2001-08,2543.0221735483874,13332.31408032258,6836.098072580645,19536431.580645163,3667.8009567741938
2001-09,2384.4896356666663,7606.285172333333,5427.991561666667,19217495.333333332,3665.4536613333335
2001-10,1582.2779009677417,9794.628299677419,4751.491003870968,18952462.903225806,3663.4777400000003
2001-11,1544.8547270000001,10180.206634333334,5667.343625666666,18656821.233333334,3661.2489966666667
2001-12,1173.6335532258065,13035.61890483871,4568.790918064516,18241936.032258064,3658.0725770967742
2002-01,367.91527632258067,13084.256764516129,4695.443329032258,17750897.19354839,3654.249660967742
2002-02,434.28991328571425,10829.612069642857,4866.449683214286,17340777.85714286,3651.0007060714283
2002-03,655.6776690967743,9789.602940967741,5515.1967577419355,17045513.80645161,3648.62678
2002-04,1057.574487,10116.914547333332,6607.395506666667,16818848.433333334,3646.784341
2002-05,1197.129758387097,9597.485658064517,7237.67638,16586459.451612903,3644.876457096774
2002-06,1876.1165676666667,12563.919013333332,5792.069599333334,16357008.9,3642.970991
2002-07,2094.158148387097,14592.370848387096,1989.6565425806452,15714087.322580645,3637.5267635483874
2002-08,1997.5668183870966,14530.22921935484,2119.714119677419,14941147.709677419,3630.77644
2002-09,1859.0365239999999,8117.618679666667,7221.354723666666,14531404.166666666,3627.107015666667
2002-10,1236.5255870967742,8074.013861290323,5221.2354577419355,14364947.0,3625.5900029032255
2002-11,1218.2462573333332,7998.874071666666,5722.431627,14189794.9,3623.9809976666666
2002-12,929.2261117419355,9782.528392258064,4334.142489032259,13938782.387096774,3621.6470987096777
2003-01,284.47651161290327,12753.685622580646,4032.016862903226,13511669.451612903,3617.6061222580643
2003-02,330.8102410714286,12856.602610714284,4547.1157139285715,13034966.82142857,3612.9992767857143
2003-03,494.90187232258063,12790.619341935484,6195.661971935484,12624405.806451613,3608.9419158064516
2003-04,794.5688802333333,10100.613296333333,6868.340723,12323895.966666667,3605.917993
2003-05,908.7426352580645,10600.226057741935,20070.333027419358,12342885.322580645,3606.105839677419
2003-06,1550.1616929999998,14153.29792,25970.310024666665,13280952.066666666,3615.388004666667
2003-07,1777.5404441935484,14640.916558064517,5513.058966451613,13101336.258064516,3613.643874193548
2003-08,1701.7837570967743,14665.73416451613,4326.601234838709,12462884.225806452,3607.3151338709677
2003-09,1591.0656296666666,7948.995817,7901.9377269999995,12146818.5,3604.112329
2003-10,1060.3647483870968,7975.296151290323,5446.891001612903,12030989.774193548,3602.9206383870965
2003-11,1048.3083080000001,7981.833432,5983.385485333333,11869083.566666666,3601.242993
2003-12,800.0333308387096,9790.985288064516,4764.335522580645,11638430.741935484,3598.823864193548
2004-01,240.57781922580645,12826.544870967742,4121.157450645162,11222683.0,3594.3841825806453
2004-02,267.3123683448276,12909.397980344827,4644.391784827586,10740677.27586207,3589.1103303448276
2004-03,412.9110074193548,13095.289667741936,7027.593772258064,10329492.612903226,3584.4906632258067
2004-04,672.5203092666667,10933.165584333334,11509.08541,10200617.866666667,3583.0216643333333
2004-05,775.8894386774193,9682.399192580646,16636.259642580644,10347759.870967742,3584.696414193548
2004-06,1269.3001909999998,13474.111106666667,12484.252564333332,10551818.8,3587.0076409999997
2004-07,1434.6339300000002,14638.480419354839,5479.908003548388,10205158.322580645,3583.063550967742
2004-08,1361.1161077419356,14569.543016129033,4085.3197529032254,9589085.41935484,3575.8461658064516
2004-09,1257.2377053333332,8126.180555,6792.105997666667,9193606.7,3571.0666583333336
2004-10,842.1649645483872,8024.248655806451,8064.054306129032,9163889.129032258,3570.7012577419355
2004-11,841.6672925333334,12035.899999,7768.1025936666665,9082297.4,3569.687704333333
2004-12,633.212419032258,9748.454303870967,6108.358364193548,8766763.451612903,3565.7325712903225
2005-01,186.91105596774193,12632.545697096775,9525.857732903225,8585194.838709677,3563.411258064516
2005-02,216.01502525,12964.788690357143,8859.65519607143,8350103.178571428,3560.3535767857143
2005-03,326.9705168064516,13055.805100967742,8838.920726129032,8128684.677419355,3557.419992580645
2005-04,542.4490483666667,8841.398604666667,18612.143093333332,8137314.5,3557.5210043333336
2005-05,697.4377196451612,9710.591398064516,44678.83888064516,9248041.387096774,3571.5977429032255
2005-06,1373.6301476666667,13133.875,47407.48909,11572758.1,3598.055997666667
2005-07,1707.1401167741935,13825.649203225807,15710.905689677418,12502950.677419355,3607.7271
2005-08,1674.0122903225806,14180.0,8073.789984193548,12229534.806451613,3604.955172903226
2005-09,1569.826075,8343.749998666668,7626.358179333333,11961436.9,3602.2023273333334
2005-10,1055.7946225806452,8353.810191290322,10244.089650967742,11971852.322580645,3602.3100196774194
2005-11,1058.5122106666668,8635.219670666667,8449.166144666666,12004256.1,3602.6453476666666
2005-12,807.0257132580645,13032.82895483871,6407.85576516129,11763785.58064516,3600.1393409677416
2006-01,243.83175535483872,13011.189177419355,6628.2945,11396909.161290323,3596.258379354839
2006-02,282.8645526428571,14408.547517857141,6528.281470714285,10997421.964285715,3591.939637142857
2006-03,428.12392787096775,9789.784637741936,8438.20815516129,10750234.64516129,3589.2219477419358
2006-04,708.3334015333334,10131.738655333333,17553.308651333333,10815830.666666666,3589.942959666667
2006-05,857.939337,9782.693976774193,30673.842287096773,11588226.548387097,3598.265160322581
2006-06,1487.4996773333335,13463.626936666667,23423.810323,12666558.966666667,3609.3583416666665
2006-07,1719.7487167741936,13476.521651612902,8200.899048709678,12608816.709677419,3608.7867867741934
2006-08,1673.7463012903227,13449.54876451613,7292.847177419355,12227356.838709677,3604.9325696774195
2006-09,1568.491704,9010.755362666667,7978.477994666667,11949868.3,3602.0823323333334
2006-10,1084.3318012903226,9856.447911612904,21103.575606451614,12345309.096774194,3606.1229032258066
2006-11,1093.5327916666668,10125.401721333334,8676.376704,12476197.266666668,3607.4583333333335
2006-12,833.8492077741936,13019.858616129031,7479.282366451613,12229523.225806452,3604.955806451613
2007-01,253.07881922580643,13015.267906451612,6590.032646129032,11885801.709677419,3601.413548387097
2007-02,297.0666316071429,10883.760192857142,8085.141567500001,11619964.32142857,3598.6307142857145
2007-03,455.86854512903227,9789.483494838709,11514.602036451613,11546218.290322581,3597.8506451612902
2007-04,759.1217293000001,10088.964944333333,13132.188411333334,11726449.133333333,3599.7516666666666
2007-05,899.1604951935484,9779.908819032258,26174.614767741932,12204382.41935484,3604.6774193548385
2007-06,1503.950588,13469.42689,17690.634196666666,12825379.566666666,3610.9413333333337
2007-07,1727.8510090322582,13076.109683870967,6632.087844838709,12677245.0,3609.467741935484
2007-08,1681.1639148387096,13075.345896774194,7415.823980645161,12289210.58064516,3605.562903225806
2007-09,1570.5526803333335,10152.319051333332,7939.080154666666,11967826.0,3602.2676666666666
2007-10,1047.9817145161292,9772.738652903226,8192.405681290322,11871308.193548387,3601.266129032258
2007-11,1037.4608043333333,10136.541331333334,7220.804735666667,11722517.466666667,3599.71
2007-12,789.7717366451612,13053.3679,6881.203498064516,11447123.64516129,3596.794193548387
2008-01,237.19453912903225,13021.220151612903,6722.327546451613,11042769.935483871,3592.435483870968
2008-02,269.74052096551725,10470.76896137931,10606.76313586207,10847257.27586207,3590.295172413793
2008-03,428.18715996774193,13502.355551290322,12301.44423935484,10752137.096774194,3589.241612903226
2008-04,716.4452207666667,11401.349991666668,18934.130992666665,10958129.666666666,3591.510666666667
2008-05,875.0279702580644,12851.230983870968,41697.39268064516,11843505.709677419,3600.9112903225805
2008-06,1635.6158306666666,13298.389513333334,53304.45204333333,14087293.333333334,3622.9403333333335
2008-07,2033.361112580645,14073.076996774193,18976.071075483873,15203883.806451613,3633.107419354839
2008-08,2005.9830009677419,14467.79381935484,8645.896916129033,15010018.225806452,3631.3954838709674
2008-09,1872.9443646666666,12156.16619,7765.6853980000005,14651254.733333332,3628.1896666666667
2008-10,1234.073958064516,12175.452496774195,6891.211601612904,14334124.096774194,3625.3064516129034
2008-11,1208.4218073333332,10132.94489,6990.349930666666,14063598.6,3622.812
2008-12,918.612583451613,13020.039316129032,6023.593413225806,13757822.516129032,3619.9454838709676
2009-01,281.1103995483871,13048.86369032258,6405.926960967742,13330618.806451613,3615.8706451612907
2009-02,331.01190346428575,10836.206410714285,6785.725163214286,13043366.07142857,3613.0842857142857
2009-03,503.0333512258064,10179.22721,7550.081203870968,12852088.516129032,3611.205483870968
2009-04,818.7229665666667,10150.336901,12086.166985666667,12740204.4,3610.098
2009-05,997.2493184193548,9468.904208387095,43232.36118709677,13665117.290322581,3618.9900000000002
2009-06,1787.316697,11161.930643666668,35836.14209,15510492.4,3635.7566666666667
2009-07,2154.290415483871,13058.111106451612,15498.017613548387,16215969.58064516,3641.794193548387
2009-08,2113.5614003225805,13046.498829032258,6590.275200645161,15920626.58064516,3639.297419354839
2009-09,1977.858304,10049.550439999999,6566.356859333333,15577092.033333333,3636.3566666666666
2009-10,1312.0676154838711,10081.204702903226,7016.042059677419,15343192.677419355,3634.3270967741937
2009-11,1288.037181,11625.947436666667,7294.827643333334,15110511.233333332,3632.2853333333333
2009-12,974.4922176129032,14656.28496451613,5617.892969354839,14698442.967741935,3628.61064516129
2010-01,297.7799256451613,14644.873506451613,7022.178900967741,14177402.096774194,3623.8632258064513
2010-02,350.5581934642857,11352.763889642856,7423.973638571429,13885058.42857143,3621.1453571428574
2010-03,534.159928548387,9796.26359419355,8671.614092903226,13749340.225806452,3619.8687096774192
2010-04,871.3339363666668,10115.510475,12650.152908333333,13678385.566666666,3619.1966666666663
2010-05,1020.0569977419354,9779.882648064517,20640.785522580645,14012956.451612903,3622.335806451613
2010-06,1768.064023,10099.870926666666,37469.28846666667,15328264.1,3634.154666666667
2010-07,2099.534839354839,13050.812393548387,9397.207299354839,15759116.548387097,3637.920967741936
2010-08,2067.7326306451614,13038.303100000001,10089.529702903226,15528603.064516129,3635.9374193548388
2010-09,1947.524418,8069.835848000001,7202.463693,15305140.966666667,3633.9953333333333
2010-10,1310.039957096774,8058.2040725806455,9562.165743548387,15316265.064516129,3634.092580645161
2010-11,1287.4713173333332,13609.564493333333,6504.530859666667,15103084.666666666,3632.2180000000003
2010-12,972.2317510645161,13768.36920967742,6905.889080645162,14659560.35483871,3628.2629032258064
2011-01,296.89698070967745,16218.12840967742,4996.7569945161285,14135317.451612903,3623.46935483871
2011-02,341.33682575,17359.255439285716,6124.596134642858,13493925.75,3617.434642857143
2011-03,508.60782787096775,16804.066896774195,9488.532492580645,13010197.387096774,3612.7572580645165
2011-04,819.8459249,15797.92663,18418.868264333334,12759850.166666666,3610.2923333333333
2011-05,978.1992166129032,19047.00657096774,40129.48346451613,13389462.870967742,3616.4093548387095
2011-06,1801.3571909999998,23136.76609333333,78337.48093333333,15648097.366666667,3636.8046666666664
2011-07,2379.72526,24124.2107483871,51958.03077096774,18128393.548387095,3657.1667741935485
2011-08,2390.075306451613,24046.277987096775,12677.50464032258,18289375.70967742,3658.4338709677418
2011-09,2216.9918116666668,15494.507166666666,11234.794832333333,17728992.933333334,3654.0796666666665
2011-10,1467.4278212903225,15549.216167741935,10247.711459677419,17412899.774193548,3651.576129032258
2011-11,1426.609247,18472.31353333333,8907.863103333333,17001852.233333334,3648.2690000000002
2011-12,1065.975108064516,19896.169177419357,7977.106925483871,16304642.096774194,3642.5287096774196
2012-01,329.73313606451615,13854.239683870968,8182.070103548387,15782046.193548387,3638.1170967741937
2012-02,377.9913608965517,11345.008844827587,7995.033944137931,15544220.655172413,3636.0731034482756
2012-03,597.2677840645161,9758.305198387096,10160.616877419354,15430435.451612903,3635.0874193548384
2012-04,981.1566903666667,10189.835546666667,11584.778338,15507530.033333333,3635.7561666666666
2012-05,1126.1993693548386,9773.006010000001,12517.287648709676,15538776.838709677,3636.026451612903
2012-06,1787.0651443333334,11908.346675333334,6680.705595666667,15505580.0,3635.737
2012-07,2004.3141922580644,14405.725106451613,4627.475370322581,14965248.225806452,3630.9945161290325
2012-08,1930.504136451613,13017.157412903225,4693.396772580646,14393229.193548387,3625.843709677419
2012-09,1800.4368043333334,8080.797666666666,4969.236689333334,14034924.8,3622.5453333333335
2012-10,1192.397405483871,8100.1534,4782.466103548387,13813826.161290323,3620.4759677419356
2012-11,1167.4936323333334,12267.688516666667,4587.178036666666,13513608.066666666,3617.623
2012-12,876.2501843548387,13026.123380645162,4018.435734193549,12983134.064516129,3612.489623548387
2013-01,263.5771364516129,13024.38181935484,3748.115412258064,12414625.41935484,3606.830967741935
2013-02,307.02995014285716,10799.991462857142,5393.671098571429,12036364.67857143,3602.9748214285714
2013-03,463.52545796774194,9777.574393548386,5800.562159032258,11767903.225806452,3600.185483870968
2013-04,748.1699156333333,9258.297596666667,5476.8448806666665,11526599.033333333,3597.6418333333336
2013-05,849.5909577741936,9782.884092258064,15036.648783870967,11463601.548387097,3596.970322580645
2013-06,1395.4802483333333,13442.06312,15234.962590666666,11797803.533333333,3600.4990000000003
2013-07,1584.0340987096774,13783.294867741935,4841.948751290322,11474037.870967742,3597.0767741935483
2013-08,1527.6349822580646,13026.43784516129,6519.975164516129,10971031.129032258,3591.650053870968
2013-09,1450.4034146666668,10091.593025,13474.480467666666,10863918.533333333,3590.477
2013-10,978.667638419355,7824.187150645161,7725.920460645161,10918677.258064516,3591.0812903225806
2013-11,967.7036949,11698.844274,7306.429174333333,10733983.1,3589.0361666666668
2013-12,735.5727426129032,9768.738110967743,4735.6727661290315,10467818.709677419,3586.0593548387096
2014-01,218.1217842580645,13015.986296774194,4412.515732903226,10064859.032258065,3581.44935483871
2014-02,251.17538789285715,10794.040828571427,5774.858379285714,9684792.785714285,3576.9985714285717
2014-03,383.3875319354839,8188.873897741935,7226.015966774194,9541525.387096774,3575.2911290322577
2014-04,631.3884874333332,8431.100763666667,13008.504793333334,9521958.7,3575.0539999999996
2014-05,761.8990262580645,8022.156410967743,26542.047393548386,10145984.387096774,3582.3651612903227
2014-06,1413.185724,10053.969353333332,44969.54470333333,11953309.066666666,3602.029
2014-07,1724.4907077419355,13011.232322580645,11879.695809032257,12648531.935483871,3609.185322580645
2014-08,1698.2954870967742,13027.809409677418,10004.64652967742,12432694.806451613,3607.0187096774193
2014-09,1608.5688126666666,10153.825038666666,10447.010457333332,12301005.633333333,3605.686333333333
2014-10,1083.0715377419353,9724.550687096775,10339.662929677419,12327410.032258065,3605.954516129032
2014-11,1064.1601,13054.055417333333,7053.175417333333,12080144.4,3603.421555666667
2014-12,804.8253342258065,14057.7039,7566.130424516129,11724839.58064516,3599.7316129032256
2015-01,242.3414578387097,14020.43613548387,7294.194210967742,11316759.064516129,3595.3999999999996
2015-02,284.8976551785714,10608.97901,8356.931582142857,11084889.142857144,3592.8975
2015-03,435.97016354838706,10559.050691935483,8838.07866548387,10971692.548387097,3591.6621612903227
2015-04,712.1436256666667,10088.525062,9062.955082666665,10882131.7,3590.6793333333335
2015-05,822.4282640645162,11363.310937741935,23276.948752903227,11044842.387096774,3592.4467741935487
2015-06,1454.2221696666668,13444.445396666668,43189.51953666667,12351619.466666667,3606.1273333333334
2015-07,1779.6993677419355,17047.67407096774,16292.135762903225,13119257.225806452,3613.8253225806448
2015-08,1745.7556658064516,12999.827225806452,7575.775594516129,12836776.193548387,3611.051774193548
2015-09,1628.7704853333335,12000.878139999999,7303.615011333333,12480797.433333334,3607.5029999999997
2015-10,1084.8243261290322,9761.996017419357,11054.155578387097,12350507.258064516,3606.1887096774194
2015-11,1083.3096353333333,9695.307541,8506.880650333334,12337162.8,3606.053333333333
2015-12,823.4281684193548,13942.935483870968,6398.280920645161,12049185.806451613,3603.104193548387
2016-01,247.71690432258063,13943.575267741935,7045.136018709678,11606986.838709677,3598.490322580645
2016-02,280.03673262068963,12172.458620689657,8516.43224137931,11309020.689655172,3595.3193103448275
2016-03,441.5237626129032,11285.18088451613,7899.222874193548,11130237.967741935,3593.38935483871
2016-04,716.6711666333334,11179.418670000001,11441.006131666665,10961821.233333332,3591.5543333333335
2016-05,846.5306553870968,11388.377361935485,31305.74061612903,11413382.870967742,3596.3996774193547
2016-06,1522.2173013333334,13443.21397,43997.065773333336,13011147.2,3612.699
2016-07,1857.7481612903225,15454.066093548387,13074.886562580645,13794077.64516129,3620.288064516129
2016-08,1802.8729783870967,14630.12868064516,7028.032772903225,13334407.483870968,3615.905483870968
2016-09,1677.932752,11745.262233333335,7748.491441666667,12925145.266666668,3611.924
2016-10,1115.4452177419355,9766.616283225807,7762.617558387097,12758563.870967742,3610.28
2016-11,1090.886655,12611.135654,6538.933492333334,12440548.566666666,3607.0946666666664
2016-12,823.3047128387096,14610.039741935485,5956.703376774193,12047219.935483871,3603.0822580645163
2017-01,246.92441512903227,14316.641706451612,6755.95438,11564223.032258065,3598.0374193548387
2017-02,288.7189853214286,12796.611414285713,10175.04434857143,11251193.535714285,3594.6978571428576
2017-03,444.751598,11748.965828064516,14554.546288064515,11222988.870967742,3594.3932258064515
2017-04,760.1493229333333,10462.211742666666,25102.04274333333,11736760.4,3599.845333333333
2017-05,940.0438452903226,10610.342130645162,37739.55825483871,12813905.35483871,3610.771935483871
2017-06,1696.5997869999999,12587.903016666667,45036.359979999994,14659710.3,3628.201666666667
2017-07,2064.2261996774196,13826.212316129031,14463.31135032258,15461000.967741935,3635.352580645161
2017-08,2026.7621132258064,14638.985954838708,8053.268626451612,15183263.193548387,3632.923870967742
2017-09,1889.156107,11143.278133666667,6883.283612,14791682.666666666,3629.451666666667
2017-10,1255.9626038709678,10411.220178709676,8674.472054193548,14612182.322580645,3627.8380645161287
2017-11,1236.1443263333333,10588.658510333333,7628.581212666667,14421934.0,3626.110666666667
2017-12,944.5335882903227,12027.607625806451,7858.223784516129,14192166.0,3624.001935483871
2018-01,291.43993974193546,13991.901319354838,7196.214717741936,13872112.967741935,3621.0216129032256
2018-02,341.6843838214286,13140.178907142856,6962.8163642857135,13508982.285714285,3617.5832142857143
2018-03,513.4267590322581,13010.505583870969,6423.869106774194,13147616.967741935,3614.0987096774193
2018-04,822.6908768666667,11845.117207666666,7049.370362,12809622.333333334,3610.7846666666665
2018-05,934.9910157419355,11460.547278709677,15742.402279032258,12732334.58064516,3610.0187096774193
2018-06,1509.6802109999999,12771.537501,10671.302292,12881256.366666667,3611.4926666666665
2018-07,1696.4833051612902,13989.166880645162,4096.117459032258,12414834.612903226,3606.831451612903
2018-08,1619.7890051612903,14636.893713548387,4230.250626451613,11777189.967741935,3600.2740322580644
2018-09,1492.2671833333334,11266.836100666667,3857.7858533333333,11249655.866666667,3594.6765
2018-10,981.385966548387,10169.659271290324,7757.285594193549,10955655.870967742,3591.4864516129032
2018-11,959.9464303333333,11129.846460333332,5160.369150666666,10627141.7,3587.847666666667
2018-12,725.5987465483871,12036.032190322581,5239.2911048387095,10293903.709677419,3584.0838709677423
2019-01,213.4014281612903,13070.337709677418,4929.402473870968,9831295.451612903,3578.7256451612902
2019-02,244.88257317857142,13150.946542857142,6107.699163214286,9436475.642857144,3574.0226785714285
2019-03,368.4928934193548,12868.858041935484,9336.40744032258,9159135.709677419,3570.641451612903
2019-04,600.7315853666666,12099.942753333333,15105.255838000001,9035193.3,3569.1070000000004
2019-05,737.8593273225807,11705.998303225806,32193.483441935485,9802448.774193548,3578.353548387097
2019-06,1375.4687616666668,12855.173935666668,60216.46394,11585661.933333334,3598.0606666666667
2019-07,1842.9616261290323,13940.773858064515,32770.38873225806,13665103.258064516,3619.0529032258064
2019-08,1858.8548670967741,14636.59857419355,9895.075337741935,13820990.225806452,3620.5416129032255
2019-09,1733.18875,11538.397979,6372.021018,13436882.266666668,3616.8929876666666
2019-10,1143.8340825806451,10166.924502580645,6461.8176,13144783.41935484,3614.073064516129
2019-11,1127.180678,10521.210266666667,7838.541788,12941152.433333334,3612.0826666666667
2019-12,861.8407669354839,12199.993435483872,8232.50334483871,12723329.903225806,3609.9293548387095
2020-01,263.9525432903226,12358.018387096774,6814.611690645162,12433378.709677419,3607.0245161290322
2020-02,298.92783393103446,11739.629085172413,6835.256857586207,12141845.931034483,3604.059827586207
2020-03,468.3592616129032,11382.46421967742,8219.088629032258,11898952.58064516,3601.5532258064513
2020-04,760.5044675,10589.314011,8565.881655333334,11750840.4,3600.0076666666664
2020-05,880.0126479032258,10224.265850000002,20384.225236451613,11924488.64516129,3601.8098387096775
2020-06,1488.7882286666668,10921.700004333334,21732.987608333333,12679143.233333332,3609.4823333333334
2020-07,1716.361059032258,12196.44825032258,5398.90883483871,12580568.935483871,3608.50207
2020-08,1650.2259706451612,13549.26436451613,3260.2272003225808,12033074.483870968,3602.932688064516
2020-09,1523.0872376666666,10117.460979666668,4481.304787333333,11538661.4,3597.7681666666667
2020-10,996.5683477741936,10411.756123225807,4000.518078064516,11163720.483870968,3593.7493548387097
2020-11,972.0277908666667,10758.266849999998,4685.962409333334,10793578.3,3589.698666666666
2020-12,729.6321563548387,11690.650267741936,3534.077948387097,10364235.516129032,3584.882741935484
