year_month,snow_water_equivalent_in
2000-10,0.2298387096774193
2000-11,1.8675
2000-12,1.6733870967741935
2001-01,2.7193548387096778
2001-02,4.508035714285715
2001-03,4.565322580645161
2001-04,0.3350000000000001
2001-05,-0.0483870967741935
2001-06,0.0824999999999999
2001-07,0.2766129032258065
2001-08,0.032258064516129
2001-09,0.0
2001-10,0.0
2001-11,0.0142857142857142
2001-12,1.4
2002-01,0.8219841269841269
2002-02,1.1483333333333332
2002-03,0.346984572230014
2002-04,0.0
2002-05,0.0
2002-06,0.0
2002-07,0.0
2002-08,0.0
2002-09,0.0
2002-10,0.0141025641025641
2002-11,0.0358333333333333
2002-12,0.8004166666666667
2003-01,1.1678136200716844
2003-02,1.037037037037037
2006-02,0.215
2006-03,-5.222585227272727
2006-04,-9.758
2006-05,0.1265016685205784
2006-06,0.1175
2006-07,-0.7354838709677419
2006-08,-24.14435483870968
2006-09,-41.64083333333334
2006-10,-15.238709677419358
2006-11,0.0933333333333333
2006-12,0.5774193548387097
2007-01,2.82983870967742
2007-02,5.945535714285714
2007-03,3.39758064516129
2007-04,0.4066666666666667
2007-05,0.0717741935483871
2007-06,-3.339166666666667
2007-07,-0.0483870967741935
2007-08,-0.0637096774193548
2007-09,-0.0725
2007-10,-0.0524193548387096
2007-11,0.0008333333333333
2007-12,2.024193548387097
2008-01,5.861290322580645
2008-02,11.435344827586206
2008-03,9.894354838709678
2008-04,0.7508333333333334
2008-05,0.0459677419354838
2008-06,0.0633333333333333
2008-07,0.0048387096774193
2008-08,-0.5604838709677419
2008-09,-20.86916666666667
2008-10,-22.600806451612904
2008-11,-3.3141666666666665
2008-12,2.786290322580645
2009-01,6.809677419354839
2009-02,6.061607142857143
2009-03,3.3701612903225806
2009-04,-0.4458333333333333
2009-05,-0.2346774193548387
2009-06,0.0741666666666666
2009-07,0.0040322580645161
2009-08,-0.0806451612903225
2009-09,-0.0691666666666666
2009-10,-0.7838709677419355
2009-11,0.0975
2009-12,3.4483870967741934
2010-01,8.204032258064517
2010-02,15.4
2010-03,17.847580645161287
2010-04,7.005833333333333
2010-05,0.064516129032258
2010-06,-0.0566666666666666
2010-07,-0.0314516129032258
2010-08,-3.396774193548388
2010-09,-0.1125
2010-10,0.0048387096774193
2010-11,0.2833333333333333
2010-12,1.6491935483870968
2011-01,4.789516129032258
2011-02,5.026785714285714
2011-03,3.820967741935484
2011-04,0.0766666666666666
2011-05,-0.025
2011-06,-0.0333333333333333
2011-07,-0.0427419354838709
2011-08,-0.0991935483870967
2011-09,-0.0216666666666666
2011-10,-8.673617379884035e-19
2011-11,0.8322916666666667
2011-12,3.3693548387096777
2012-01,4.327419354838709
2012-02,4.587068965517242
2012-03,3.091935483870968
2012-04,0.0166666666666666
2012-05,-0.2879032258064516
2012-06,-0.4241666666666667
2012-07,-0.7338709677419354
2012-08,-0.7403225806451613
2012-09,0.0216666666666666
2012-10,0.0153225806451612
2012-11,0.1783333333333333
2012-12,3.1204545454545456
2013-01,4.610483870967742
2013-02,4.702678571428571
2013-03,4.021774193548387
2013-04,0.0591666666666666
2013-05,0.0166666666666666
2013-06,-0.0141666666666666
2013-07,-0.0274193548387096
2013-08,-0.0008064516129032
2013-09,0.0291666666666666
2013-10,0.121774193548387
2013-11,0.4966666666666667
2013-12,2.4685483870967744
2014-01,2.5683333333333334
2014-02,1.5434782608695652
2014-03,0.3138888888888889
2014-04,0.0708333333333333
2014-05,0.0435483870967741
2014-06,0.0025
2014-07,-0.0241935483870967
2014-08,0.0008620689655172
2014-09,0.0291666666666666
2014-10,0.0040322580645161
2014-11,-0.0025
2014-12,0.442741935483871
2015-01,2.140322580645161
2015-02,1.8258928571428568
2015-03,1.3483870967741935
2015-04,0.0041666666666666
2015-05,37.193548387096776
2015-06,48.57416666666667
2015-07,41.03629032258064
2015-08,59.06129032258064
2015-09,33.1375
2015-10,-0.0580645161290322
2015-11,0.585
2015-12,1.632258064516129
2016-01,5.375806451612903
2016-02,4.617241379310345
2016-03,0.2161290322580645
2016-04,-0.0425
2016-05,-2.389516129032258
2016-06,0.0533333333333333
2016-07,-4.004838709677419
2016-08,-0.0177419354838709
2016-09,-0.015
2016-10,-0.0080645161290322
2016-11,-1.5675
2016-12,-4.00725806451613
2017-01,2.44758064516129
2017-02,0.0687499999999996
2017-03,1.8620967741935488
2017-04,-0.8591666666666667
2017-05,-0.0459677419354838
2017-06,0.0075
2017-07,0.007258064516129
2017-08,-0.0354838709677419
2017-09,0.145
2017-10,0.2209677419354838
2017-11,0.2691666666666666
2017-12,0.0612903225806451
2018-01,0.7048387096774194
2018-02,1.023214285714286
2018-03,0.7258064516129032
2018-04,-0.89
2018-05,-4.065322580645161
2018-06,-3.441666666666667
2018-07,-3.587931034482758
